ply
format ascii 1.0
element vertex 10008
property float x
property float y
property float z
property uchar red
property uchar green
property uchar blue
element face 3336
property list uchar int vertex_indices
end_header
-3.200000 0.000000 -1.757128 119 105 81
-2.800000 0.000000 -1.757128 119 105 81
-2.800000 0.331596 -1.933964 119 105 81
-3.200000 0.000000 -1.757128 119 105 81
-2.800000 0.331596 -1.933964 119 105 81
-3.200000 0.331596 -1.933964 119 105 81
-3.200000 0.331596 -1.933964 120 105 81
-2.800000 0.331596 -1.933964 120 105 81
-2.800000 0.689401 -2.048865 120 105 81
-3.200000 0.331596 -1.933964 120 105 81
-2.800000 0.689401 -2.048865 120 105 81
-3.200000 0.689401 -2.048865 120 105 81
-3.200000 0.689401 -2.048865 119 104 81
-2.800000 0.689401 -2.048865 119 104 81
-2.800000 1.054738 -2.097838 119 104 81
-3.200000 0.689401 -2.048865 119 104 81
-2.800000 1.054738 -2.097838 119 104 81
-3.200000 1.054738 -2.097838 119 104 81
-3.200000 1.054738 -2.097838 119 105 81
-2.800000 1.054738 -2.097838 119 105 81
-2.800000 1.437331 -2.080250 119 105 81
-3.200000 1.054738 -2.097838 119 105 81
-2.800000 1.437331 -2.080250 119 105 81
-3.200000 1.437331 -2.080250 119 105 81
-3.200000 1.437331 -2.080250 119 104 81
-2.800000 1.437331 -2.080250 119 104 81
-2.800000 1.803504 -1.995729 119 104 81
-3.200000 1.437331 -2.080250 119 104 81
-2.800000 1.803504 -1.995729 119 104 81
-3.200000 1.803504 -1.995729 119 104 81
-3.200000 1.803504 -1.995729 119 105 81
-2.800000 1.803504 -1.995729 119 105 81
-2.800000 2.293742 -1.761208 119 105 81
-3.200000 1.803504 -1.995729 119 105 81
-2.800000 2.293742 -1.761208 119 105 81
-3.200000 2.293742 -1.761208 119 105 81
-3.200000 2.293742 -1.761208 120 105 82
-2.800000 2.293742 -1.761208 120 105 82
-2.800000 2.462010 -1.639704 120 105 82
-3.200000 2.293742 -1.761208 120 105 82
-2.800000 2.462010 -1.639704 120 105 82
-3.200000 2.462010 -1.639704 120 105 82
-3.200000 2.462010 -1.639704 119 105 81
-2.800000 2.462010 -1.639704 119 105 81
-2.800000 2.733255 -1.379602 119 105 81
-3.200000 2.462010 -1.639704 119 105 81
-2.800000 2.733255 -1.379602 119 105 81
-3.200000 2.733255 -1.379602 119 105 81
-3.200000 2.733255 -1.379602 162 146 117
-2.800000 2.733255 -1.379602 162 146 117
-2.800000 2.953798 -1.075320 162 146 117
-3.200000 2.733255 -1.379602 162 146 117
-2.800000 2.953798 -1.075320 162 146 117
-3.200000 2.953798 -1.075320 162 146 117
-3.200000 2.953798 -1.075320 163 146 117
-2.800000 2.953798 -1.075320 163 146 117
-2.800000 3.116575 -0.736602 163 146 117
-3.200000 2.953798 -1.075320 163 146 117
-2.800000 3.116575 -0.736602 163 146 117
-3.200000 3.116575 -0.736602 163 146 117
-3.200000 3.116575 -0.736602 162 146 117
-2.800000 3.116575 -0.736602 162 146 117
-2.800000 3.216375 -0.374294 162 146 117
-3.200000 3.116575 -0.736602 162 146 117
-2.800000 3.216375 -0.374294 162 146 117
-3.200000 3.216375 -0.374294 162 146 117
-3.200000 3.216375 -0.374294 164 148 119
-2.800000 3.216375 -0.374294 164 148 119
-2.800000 3.250000 0.000000 164 148 119
-3.200000 3.216375 -0.374294 164 148 119
-2.800000 3.250000 0.000000 164 148 119
-3.200000 3.250000 0.000000 164 148 119
-3.200000 3.250000 0.000000 164 147 118
-2.800000 3.250000 0.000000 164 147 118
-2.800000 3.216375 0.374294 164 147 118
-3.200000 3.250000 0.000000 164 147 118
-2.800000 3.216375 0.374294 164 147 118
-3.200000 3.216375 0.374294 164 147 118
-3.200000 3.216375 0.374294 162 145 117
-2.800000 3.216375 0.374294 162 145 117
-2.800000 3.116575 0.736602 162 145 117
-3.200000 3.216375 0.374294 162 145 117
-2.800000 3.116575 0.736602 162 145 117
-3.200000 3.116575 0.736602 162 145 117
-3.200000 3.116575 0.736602 161 145 116
-2.800000 3.116575 0.736602 161 145 116
-2.800000 2.953798 1.075320 161 145 116
-3.200000 3.116575 0.736602 161 145 116
-2.800000 2.953798 1.075320 161 145 116
-3.200000 2.953798 1.075320 161 145 116
-3.200000 2.953798 1.075320 162 146 117
-2.800000 2.953798 1.075320 162 146 117
-2.800000 2.733255 1.379602 162 146 117
-3.200000 2.953798 1.075320 162 146 117
-2.800000 2.733255 1.379602 162 146 117
-3.200000 2.733255 1.379602 162 146 117
-3.200000 2.733255 1.379602 119 105 81
-2.800000 2.733255 1.379602 119 105 81
-2.800000 2.462010 1.639704 119 105 81
-3.200000 2.733255 1.379602 119 105 81
-2.800000 2.462010 1.639704 119 105 81
-3.200000 2.462010 1.639704 119 105 81
-3.200000 2.462010 1.639704 120 105 81
-2.800000 2.462010 1.639704 120 105 81
-2.800000 2.148749 1.847295 120 105 81
-3.200000 2.462010 1.639704 120 105 81
-2.800000 2.148749 1.847295 120 105 81
-3.200000 2.148749 1.847295 120 105 81
-3.200000 2.148749 1.847295 119 105 81
-2.800000 2.148749 1.847295 119 105 81
-2.800000 1.803504 1.995729 119 105 81
-3.200000 2.148749 1.847295 119 105 81
-2.800000 1.803504 1.995729 119 105 81
-3.200000 1.803504 1.995729 119 105 81
-3.200000 1.803504 1.995729 119 105 81
-2.800000 1.803504 1.995729 119 105 81
-2.800000 1.437331 2.080250 119 105 81
-3.200000 1.803504 1.995729 119 105 81
-2.800000 1.437331 2.080250 119 105 81
-3.200000 1.437331 2.080250 119 105 81
-3.200000 1.437331 2.080250 120 105 82
-2.800000 1.437331 2.080250 120 105 82
-2.800000 1.061956 2.098154 120 105 82
-3.200000 1.437331 2.080250 120 105 82
-2.800000 1.061956 2.098154 120 105 82
-3.200000 1.061956 2.098154 120 105 82
-3.200000 1.061956 2.098154 120 106 82
-2.800000 1.061956 2.098154 120 106 82
-2.800000 0.689401 2.048865 120 106 82
-3.200000 1.061956 2.098154 120 106 82
-2.800000 0.689401 2.048865 120 106 82
-3.200000 0.689401 2.048865 120 106 82
-3.200000 0.689401 2.048865 121 106 82
-2.800000 0.689401 2.048865 121 106 82
-2.800000 0.331596 1.933964 121 106 82
-3.200000 0.689401 2.048865 121 106 82
-2.800000 0.331596 1.933964 121 106 82
-3.200000 0.331596 1.933964 121 106 82
-3.200000 0.331596 1.933964 120 105 81
-2.800000 0.331596 1.933964 120 105 81
-2.800000 0.000000 1.757128 120 105 81
-3.200000 0.331596 1.933964 120 105 81
-2.800000 0.000000 1.757128 120 105 81
-3.200000 0.000000 1.757128 120 105 81
-2.800000 0.000000 -1.757128 120 105 81
-2.400000 0.000000 -1.757128 120 105 81
-2.400000 0.331596 -1.933964 120 105 81
-2.800000 0.000000 -1.757128 120 105 81
-2.400000 0.331596 -1.933964 120 105 81
-2.800000 0.331596 -1.933964 120 105 81
-2.800000 0.331596 -1.933964 119 105 81
-2.400000 0.331596 -1.933964 119 105 81
-2.400000 0.689401 -2.048865 119 105 81
-2.800000 0.331596 -1.933964 119 105 81
-2.400000 0.689401 -2.048865 119 105 81
-2.800000 0.689401 -2.048865 119 105 81
-2.800000 0.689401 -2.048865 120 106 82
-2.400000 0.689401 -2.048865 120 106 82
-2.400000 1.054738 -2.097838 120 106 82
-2.800000 0.689401 -2.048865 120 106 82
-2.400000 1.054738 -2.097838 120 106 82
-2.800000 1.054738 -2.097838 120 106 82
-2.800000 1.054738 -2.097838 120 106 82
-2.400000 1.054738 -2.097838 120 106 82
-2.400000 1.437331 -2.080250 120 106 82
-2.800000 1.054738 -2.097838 120 106 82
-2.400000 1.437331 -2.080250 120 106 82
-2.800000 1.437331 -2.080250 120 106 82
-2.800000 1.437331 -2.080250 120 106 82
-2.400000 1.437331 -2.080250 120 106 82
-2.400000 1.803504 -1.995729 120 106 82
-2.800000 1.437331 -2.080250 120 106 82
-2.400000 1.803504 -1.995729 120 106 82
-2.800000 1.803504 -1.995729 120 106 82
-2.800000 1.803504 -1.995729 120 106 82
-2.400000 1.803504 -1.995729 120 106 82
-2.400000 2.293742 -1.761208 120 106 82
-2.800000 1.803504 -1.995729 120 106 82
-2.400000 2.293742 -1.761208 120 106 82
-2.800000 2.293742 -1.761208 120 106 82
-2.800000 2.293742 -1.761208 120 106 82
-2.400000 2.293742 -1.761208 120 106 82
-2.400000 2.462010 -1.639704 120 106 82
-2.800000 2.293742 -1.761208 120 106 82
-2.400000 2.462010 -1.639704 120 106 82
-2.800000 2.462010 -1.639704 120 106 82
-2.800000 2.462010 -1.639704 119 105 81
-2.400000 2.462010 -1.639704 119 105 81
-2.400000 2.733255 -1.379602 119 105 81
-2.800000 2.462010 -1.639704 119 105 81
-2.400000 2.733255 -1.379602 119 105 81
-2.800000 2.733255 -1.379602 119 105 81
-2.800000 2.733255 -1.379602 162 146 117
-2.400000 2.733255 -1.379602 162 146 117
-2.400000 2.953798 -1.075320 162 146 117
-2.800000 2.733255 -1.379602 162 146 117
-2.400000 2.953798 -1.075320 162 146 117
-2.800000 2.953798 -1.075320 162 146 117
-2.800000 2.953798 -1.075320 162 146 117
-2.400000 2.953798 -1.075320 162 146 117
-2.400000 3.116575 -0.736602 162 146 117
-2.800000 2.953798 -1.075320 162 146 117
-2.400000 3.116575 -0.736602 162 146 117
-2.800000 3.116575 -0.736602 162 146 117
-2.800000 3.116575 -0.736602 162 145 117
-2.400000 3.116575 -0.736602 162 145 117
-2.400000 3.216375 -0.374294 162 145 117
-2.800000 3.116575 -0.736602 162 145 117
-2.400000 3.216375 -0.374294 162 145 117
-2.800000 3.216375 -0.374294 162 145 117
-2.800000 3.216375 -0.374294 162 145 117
-2.400000 3.216375 -0.374294 162 145 117
-2.400000 3.250000 0.000000 162 145 117
-2.800000 3.216375 -0.374294 162 145 117
-2.400000 3.250000 0.000000 162 145 117
-2.800000 3.250000 0.000000 162 145 117
-2.800000 3.250000 0.000000 161 145 116
-2.400000 3.250000 0.000000 161 145 116
-2.400000 3.216375 0.374294 161 145 116
-2.800000 3.250000 0.000000 161 145 116
-2.400000 3.216375 0.374294 161 145 116
-2.800000 3.216375 0.374294 161 145 116
-2.800000 3.216375 0.374294 165 148 119
-2.400000 3.216375 0.374294 165 148 119
-2.400000 3.116575 0.736602 165 148 119
-2.800000 3.216375 0.374294 165 148 119
-2.400000 3.116575 0.736602 165 148 119
-2.800000 3.116575 0.736602 165 148 119
-2.800000 3.116575 0.736602 165 148 119
-2.400000 3.116575 0.736602 165 148 119
-2.400000 2.953798 1.075320 165 148 119
-2.800000 3.116575 0.736602 165 148 119
-2.400000 2.953798 1.075320 165 148 119
-2.800000 2.953798 1.075320 165 148 119
-2.800000 2.953798 1.075320 164 147 118
-2.400000 2.953798 1.075320 164 147 118
-2.400000 2.733255 1.379602 164 147 118
-2.800000 2.953798 1.075320 164 147 118
-2.400000 2.733255 1.379602 164 147 118
-2.800000 2.733255 1.379602 164 147 118
-2.800000 2.733255 1.379602 119 105 81
-2.400000 2.733255 1.379602 119 105 81
-2.400000 2.462010 1.639704 119 105 81
-2.800000 2.733255 1.379602 119 105 81
-2.400000 2.462010 1.639704 119 105 81
-2.800000 2.462010 1.639704 119 105 81
-2.800000 2.462010 1.639704 120 106 82
-2.400000 2.462010 1.639704 120 106 82
-2.400000 2.148749 1.847295 120 106 82
-2.800000 2.462010 1.639704 120 106 82
-2.400000 2.148749 1.847295 120 106 82
-2.800000 2.148749 1.847295 120 106 82
-2.800000 2.148749 1.847295 119 104 81
-2.400000 2.148749 1.847295 119 104 81
-2.400000 1.803504 1.995729 119 104 81
-2.800000 2.148749 1.847295 119 104 81
-2.400000 1.803504 1.995729 119 104 81
-2.800000 1.803504 1.995729 119 104 81
-2.800000 1.803504 1.995729 120 105 81
-2.400000 1.803504 1.995729 120 105 81
-2.400000 1.437331 2.080250 120 105 81
-2.800000 1.803504 1.995729 120 105 81
-2.400000 1.437331 2.080250 120 105 81
-2.800000 1.437331 2.080250 120 105 81
-2.800000 1.437331 2.080250 120 106 82
-2.400000 1.437331 2.080250 120 106 82
-2.400000 1.061956 2.098154 120 106 82
-2.800000 1.437331 2.080250 120 106 82
-2.400000 1.061956 2.098154 120 106 82
-2.800000 1.061956 2.098154 120 106 82
-2.800000 1.061956 2.098154 120 105 81
-2.400000 1.061956 2.098154 120 105 81
-2.400000 0.689401 2.048865 120 105 81
-2.800000 1.061956 2.098154 120 105 81
-2.400000 0.689401 2.048865 120 105 81
-2.800000 0.689401 2.048865 120 105 81
-2.800000 0.689401 2.048865 120 105 81
-2.400000 0.689401 2.048865 120 105 81
-2.400000 0.331596 1.933964 120 105 81
-2.800000 0.689401 2.048865 120 105 81
-2.400000 0.331596 1.933964 120 105 81
-2.800000 0.331596 1.933964 120 105 81
-2.800000 0.331596 1.933964 121 106 82
-2.400000 0.331596 1.933964 121 106 82
-2.400000 0.000000 1.757128 121 106 82
-2.800000 0.331596 1.933964 121 106 82
-2.400000 0.000000 1.757128 121 106 82
-2.800000 0.000000 1.757128 121 106 82
-2.400000 0.000000 -1.757128 120 105 81
-1.800000 0.000000 -1.757128 120 105 81
-1.800000 0.331596 -1.933964 120 105 81
-2.400000 0.000000 -1.757128 120 105 81
-1.800000 0.331596 -1.933964 120 105 81
-2.400000 0.331596 -1.933964 120 105 81
-2.400000 0.331596 -1.933964 120 106 82
-1.800000 0.331596 -1.933964 120 106 82
-1.800000 0.689401 -2.048865 120 106 82
-2.400000 0.331596 -1.933964 120 106 82
-1.800000 0.689401 -2.048865 120 106 82
-2.400000 0.689401 -2.048865 120 106 82
-2.400000 0.689401 -2.048865 120 105 82
-1.800000 0.689401 -2.048865 120 105 82
-1.800000 1.054738 -2.097838 120 105 82
-2.400000 0.689401 -2.048865 120 105 82
-1.800000 1.054738 -2.097838 120 105 82
-2.400000 1.054738 -2.097838 120 105 82
-2.400000 1.054738 -2.097838 120 106 82
-1.800000 1.054738 -2.097838 120 106 82
-1.800000 1.437331 -2.080250 120 106 82
-2.400000 1.054738 -2.097838 120 106 82
-1.800000 1.437331 -2.080250 120 106 82
-2.400000 1.437331 -2.080250 120 106 82
-2.400000 1.437331 -2.080250 120 105 81
-1.800000 1.437331 -2.080250 120 105 81
-1.800000 1.803504 -1.995729 120 105 81
-2.400000 1.437331 -2.080250 120 105 81
-1.800000 1.803504 -1.995729 120 105 81
-2.400000 1.803504 -1.995729 120 105 81
-2.400000 1.803504 -1.995729 119 104 81
-1.800000 1.803504 -1.995729 119 104 81
-1.800000 2.293742 -1.761208 119 104 81
-2.400000 1.803504 -1.995729 119 104 81
-1.800000 2.293742 -1.761208 119 104 81
-2.400000 2.293742 -1.761208 119 104 81
-2.400000 2.293742 -1.761208 119 105 81
-1.800000 2.293742 -1.761208 119 105 81
-1.800000 2.462010 -1.639704 119 105 81
-2.400000 2.293742 -1.761208 119 105 81
-1.800000 2.462010 -1.639704 119 105 81
-2.400000 2.462010 -1.639704 119 105 81
-2.400000 2.462010 -1.639704 119 104 81
-1.800000 2.462010 -1.639704 119 104 81
-1.800000 2.733255 -1.379602 119 104 81
-2.400000 2.462010 -1.639704 119 104 81
-1.800000 2.733255 -1.379602 119 104 81
-2.400000 2.733255 -1.379602 119 104 81
-2.400000 2.733255 -1.379602 163 147 118
-1.800000 2.733255 -1.379602 163 147 118
-1.800000 2.953798 -1.075320 163 147 118
-2.400000 2.733255 -1.379602 163 147 118
-1.800000 2.953798 -1.075320 163 147 118
-2.400000 2.953798 -1.075320 163 147 118
-2.400000 2.953798 -1.075320 163 147 118
-1.800000 2.953798 -1.075320 163 147 118
-1.800000 3.116575 -0.736602 163 147 118
-2.400000 2.953798 -1.075320 163 147 118
-1.800000 3.116575 -0.736602 163 147 118
-2.400000 3.116575 -0.736602 163 147 118
-2.400000 3.116575 -0.736602 165 148 119
-1.800000 3.116575 -0.736602 165 148 119
-1.800000 3.216375 -0.374294 165 148 119
-2.400000 3.116575 -0.736602 165 148 119
-1.800000 3.216375 -0.374294 165 148 119
-2.400000 3.216375 -0.374294 165 148 119
-2.400000 3.216375 -0.374294 162 146 117
-1.800000 3.216375 -0.374294 162 146 117
-1.800000 3.250000 0.000000 162 146 117
-2.400000 3.216375 -0.374294 162 146 117
-1.800000 3.250000 0.000000 162 146 117
-2.400000 3.250000 0.000000 162 146 117
-2.400000 3.250000 0.000000 162 146 117
-1.800000 3.250000 0.000000 162 146 117
-1.800000 3.216375 0.374294 162 146 117
-2.400000 3.250000 0.000000 162 146 117
-1.800000 3.216375 0.374294 162 146 117
-2.400000 3.216375 0.374294 162 146 117
-2.400000 3.216375 0.374294 163 147 118
-1.800000 3.216375 0.374294 163 147 118
-1.800000 3.116575 0.736602 163 147 118
-2.400000 3.216375 0.374294 163 147 118
-1.800000 3.116575 0.736602 163 147 118
-2.400000 3.116575 0.736602 163 147 118
-2.400000 3.116575 0.736602 164 147 118
-1.800000 3.116575 0.736602 164 147 118
-1.800000 2.953798 1.075320 164 147 118
-2.400000 3.116575 0.736602 164 147 118
-1.800000 2.953798 1.075320 164 147 118
-2.400000 2.953798 1.075320 164 147 118
-2.400000 2.953798 1.075320 164 148 119
-1.800000 2.953798 1.075320 164 148 119
-1.800000 2.733255 1.379602 164 148 119
-2.400000 2.953798 1.075320 164 148 119
-1.800000 2.733255 1.379602 164 148 119
-2.400000 2.733255 1.379602 164 148 119
-2.400000 2.733255 1.379602 120 106 82
-1.800000 2.733255 1.379602 120 106 82
-1.800000 2.462010 1.639704 120 106 82
-2.400000 2.733255 1.379602 120 106 82
-1.800000 2.462010 1.639704 120 106 82
-2.400000 2.462010 1.639704 120 106 82
-2.400000 2.462010 1.639704 120 106 82
-1.800000 2.462010 1.639704 120 106 82
-1.800000 2.148749 1.847295 120 106 82
-2.400000 2.462010 1.639704 120 106 82
-1.800000 2.148749 1.847295 120 106 82
-2.400000 2.148749 1.847295 120 106 82
-2.400000 2.148749 1.847295 119 104 81
-1.800000 2.148749 1.847295 119 104 81
-1.800000 1.803504 1.995729 119 104 81
-2.400000 2.148749 1.847295 119 104 81
-1.800000 1.803504 1.995729 119 104 81
-2.400000 1.803504 1.995729 119 104 81
-2.400000 1.803504 1.995729 119 105 81
-1.800000 1.803504 1.995729 119 105 81
-1.800000 1.437331 2.080250 119 105 81
-2.400000 1.803504 1.995729 119 105 81
-1.800000 1.437331 2.080250 119 105 81
-2.400000 1.437331 2.080250 119 105 81
-2.400000 1.437331 2.080250 119 104 81
-1.800000 1.437331 2.080250 119 104 81
-1.800000 1.061956 2.098154 119 104 81
-2.400000 1.437331 2.080250 119 104 81
-1.800000 1.061956 2.098154 119 104 81
-2.400000 1.061956 2.098154 119 104 81
-2.400000 1.061956 2.098154 119 105 81
-1.800000 1.061956 2.098154 119 105 81
-1.800000 0.689401 2.048865 119 105 81
-2.400000 1.061956 2.098154 119 105 81
-1.800000 0.689401 2.048865 119 105 81
-2.400000 0.689401 2.048865 119 105 81
-2.400000 0.689401 2.048865 120 106 82
-1.800000 0.689401 2.048865 120 106 82
-1.800000 0.331596 1.933964 120 106 82
-2.400000 0.689401 2.048865 120 106 82
-1.800000 0.331596 1.933964 120 106 82
-2.400000 0.331596 1.933964 120 106 82
-2.400000 0.331596 1.933964 120 105 81
-1.800000 0.331596 1.933964 120 105 81
-1.800000 0.000000 1.757128 120 105 81
-2.400000 0.331596 1.933964 120 105 81
-1.800000 0.000000 1.757128 120 105 81
-2.400000 0.000000 1.757128 120 105 81
-1.800000 0.000000 -1.757128 120 105 82
-1.600000 0.000000 -1.757128 120 105 82
-1.600000 0.331596 -1.933964 120 105 82
-1.800000 0.000000 -1.757128 120 105 82
-1.600000 0.331596 -1.933964 120 105 82
-1.800000 0.331596 -1.933964 120 105 82
-1.800000 0.331596 -1.933964 120 106 82
-1.600000 0.331596 -1.933964 120 106 82
-1.600000 0.689401 -2.048865 120 106 82
-1.800000 0.331596 -1.933964 120 106 82
-1.600000 0.689401 -2.048865 120 106 82
-1.800000 0.689401 -2.048865 120 106 82
-1.800000 0.689401 -2.048865 120 105 82
-1.600000 0.689401 -2.048865 120 105 82
-1.600000 1.054738 -2.097838 120 105 82
-1.800000 0.689401 -2.048865 120 105 82
-1.600000 1.054738 -2.097838 120 105 82
-1.800000 1.054738 -2.097838 120 105 82
-1.800000 2.293742 -1.761208 119 104 81
-1.600000 2.293742 -1.761208 119 104 81
-1.600000 2.462010 -1.639704 119 104 81
-1.800000 2.293742 -1.761208 119 104 81
-1.600000 2.462010 -1.639704 119 104 81
-1.800000 2.462010 -1.639704 119 104 81
-1.800000 2.462010 -1.639704 119 104 81
-1.600000 2.462010 -1.639704 119 104 81
-1.600000 2.733255 -1.379602 119 104 81
-1.800000 2.462010 -1.639704 119 104 81
-1.600000 2.733255 -1.379602 119 104 81
-1.800000 2.733255 -1.379602 119 104 81
-1.800000 2.733255 -1.379602 163 147 118
-1.600000 2.733255 -1.379602 163 147 118
-1.600000 2.953798 -1.075320 163 147 118
-1.800000 2.733255 -1.379602 163 147 118
-1.600000 2.953798 -1.075320 163 147 118
-1.800000 2.953798 -1.075320 163 147 118
-1.800000 2.953798 -1.075320 166 149 120
-1.600000 2.953798 -1.075320 166 149 120
-1.600000 3.116575 -0.736602 166 149 120
-1.800000 2.953798 -1.075320 166 149 120
-1.600000 3.116575 -0.736602 166 149 120
-1.800000 3.116575 -0.736602 166 149 120
-1.800000 3.116575 -0.736602 165 148 119
-1.600000 3.116575 -0.736602 165 148 119
-1.600000 3.216375 -0.374294 165 148 119
-1.800000 3.116575 -0.736602 165 148 119
-1.600000 3.216375 -0.374294 165 148 119
-1.800000 3.216375 -0.374294 165 148 119
-1.800000 3.216375 -0.374294 163 146 117
-1.600000 3.216375 -0.374294 163 146 117
-1.600000 3.250000 0.000000 163 146 117
-1.800000 3.216375 -0.374294 163 146 117
-1.600000 3.250000 0.000000 163 146 117
-1.800000 3.250000 0.000000 163 146 117
-1.800000 3.250000 0.000000 163 146 117
-1.600000 3.250000 0.000000 163 146 117
-1.600000 3.216375 0.374294 163 146 117
-1.800000 3.250000 0.000000 163 146 117
-1.600000 3.216375 0.374294 163 146 117
-1.800000 3.216375 0.374294 163 146 117
-1.800000 3.216375 0.374294 163 147 118
-1.600000 3.216375 0.374294 163 147 118
-1.600000 3.116575 0.736602 163 147 118
-1.800000 3.216375 0.374294 163 147 118
-1.600000 3.116575 0.736602 163 147 118
-1.800000 3.116575 0.736602 163 147 118
-1.800000 3.116575 0.736602 163 146 118
-1.600000 3.116575 0.736602 163 146 118
-1.600000 2.953798 1.075320 163 146 118
-1.800000 3.116575 0.736602 163 146 118
-1.600000 2.953798 1.075320 163 146 118
-1.800000 2.953798 1.075320 163 146 118
-1.800000 2.953798 1.075320 164 147 119
-1.600000 2.953798 1.075320 164 147 119
-1.600000 2.733255 1.379602 164 147 119
-1.800000 2.953798 1.075320 164 147 119
-1.600000 2.733255 1.379602 164 147 119
-1.800000 2.733255 1.379602 164 147 119
-1.800000 2.733255 1.379602 120 106 82
-1.600000 2.733255 1.379602 120 106 82
-1.600000 2.462010 1.639704 120 106 82
-1.800000 2.733255 1.379602 120 106 82
-1.600000 2.462010 1.639704 120 106 82
-1.800000 2.462010 1.639704 120 106 82
-1.800000 2.462010 1.639704 120 106 82
-1.600000 2.462010 1.639704 120 106 82
-1.600000 2.148749 1.847295 120 106 82
-1.800000 2.462010 1.639704 120 106 82
-1.600000 2.148749 1.847295 120 106 82
-1.800000 2.148749 1.847295 120 106 82
-1.800000 2.148749 1.847295 119 105 81
-1.600000 2.148749 1.847295 119 105 81
-1.600000 1.803504 1.995729 119 105 81
-1.800000 2.148749 1.847295 119 105 81
-1.600000 1.803504 1.995729 119 105 81
-1.800000 1.803504 1.995729 119 105 81
-1.800000 1.803504 1.995729 119 104 81
-1.600000 1.803504 1.995729 119 104 81
-1.600000 1.437331 2.080250 119 104 81
-1.800000 1.803504 1.995729 119 104 81
-1.600000 1.437331 2.080250 119 104 81
-1.800000 1.437331 2.080250 119 104 81
-1.800000 1.437331 2.080250 119 104 80
-1.600000 1.437331 2.080250 119 104 80
-1.600000 1.061956 2.098154 119 104 80
-1.800000 1.437331 2.080250 119 104 80
-1.600000 1.061956 2.098154 119 104 80
-1.800000 1.061956 2.098154 119 104 80
-1.800000 1.061956 2.098154 120 105 82
-1.600000 1.061956 2.098154 120 105 82
-1.600000 0.689401 2.048865 120 105 82
-1.800000 1.061956 2.098154 120 105 82
-1.600000 0.689401 2.048865 120 105 82
-1.800000 0.689401 2.048865 120 105 82
-1.800000 0.689401 2.048865 120 105 82
-1.600000 0.689401 2.048865 120 105 82
-1.600000 0.331596 1.933964 120 105 82
-1.800000 0.689401 2.048865 120 105 82
-1.600000 0.331596 1.933964 120 105 82
-1.800000 0.331596 1.933964 120 105 82
-1.800000 0.331596 1.933964 120 105 81
-1.600000 0.331596 1.933964 120 105 81
-1.600000 0.000000 1.757128 120 105 81
-1.800000 0.331596 1.933964 120 105 81
-1.600000 0.000000 1.757128 120 105 81
-1.800000 0.000000 1.757128 120 105 81
-1.600000 0.000000 -1.757128 120 105 81
-1.200000 0.000000 -1.757128 120 105 81
-1.200000 0.331596 -1.933964 120 105 81
-1.600000 0.000000 -1.757128 120 105 81
-1.200000 0.331596 -1.933964 120 105 81
-1.600000 0.331596 -1.933964 120 105 81
-1.600000 0.331596 -1.933964 120 105 81
-1.200000 0.331596 -1.933964 120 105 81
-1.200000 0.689401 -2.048865 120 105 81
-1.600000 0.331596 -1.933964 120 105 81
-1.200000 0.689401 -2.048865 120 105 81
-1.600000 0.689401 -2.048865 120 105 81
-1.600000 0.689401 -2.048865 119 105 81
-1.200000 0.689401 -2.048865 119 105 81
-1.200000 1.054738 -2.097838 119 105 81
-1.600000 0.689401 -2.048865 119 105 81
-1.200000 1.054738 -2.097838 119 105 81
-1.600000 1.054738 -2.097838 119 105 81
-1.600000 2.293742 -1.761208 120 106 82
-1.200000 2.293742 -1.761208 120 106 82
-1.200000 2.462010 -1.639704 120 106 82
-1.600000 2.293742 -1.761208 120 106 82
-1.200000 2.462010 -1.639704 120 106 82
-1.600000 2.462010 -1.639704 120 106 82
-1.600000 2.462010 -1.639704 119 105 81
-1.200000 2.462010 -1.639704 119 105 81
-1.200000 2.733255 -1.379602 119 105 81
-1.600000 2.462010 -1.639704 119 105 81
-1.200000 2.733255 -1.379602 119 105 81
-1.600000 2.733255 -1.379602 119 105 81
-1.600000 2.733255 -1.379602 162 146 117
-1.200000 2.733255 -1.379602 162 146 117
-1.200000 2.953798 -1.075320 162 146 117
-1.600000 2.733255 -1.379602 162 146 117
-1.200000 2.953798 -1.075320 162 146 117
-1.600000 2.953798 -1.075320 162 146 117
-1.600000 2.953798 -1.075320 162 146 117
-1.200000 2.953798 -1.075320 162 146 117
-1.200000 3.116575 -0.736602 162 146 117
-1.600000 2.953798 -1.075320 162 146 117
-1.200000 3.116575 -0.736602 162 146 117
-1.600000 3.116575 -0.736602 162 146 117
-1.600000 3.116575 -0.736602 162 145 117
-1.200000 3.116575 -0.736602 162 145 117
-1.200000 3.216375 -0.374294 162 145 117
-1.600000 3.116575 -0.736602 162 145 117
-1.200000 3.216375 -0.374294 162 145 117
-1.600000 3.216375 -0.374294 162 145 117
-1.600000 3.216375 -0.374294 162 145 117
-1.200000 3.216375 -0.374294 162 145 117
-1.200000 3.250000 0.000000 162 145 117
-1.600000 3.216375 -0.374294 162 145 117
-1.200000 3.250000 0.000000 162 145 117
-1.600000 3.250000 0.000000 162 145 117
-1.600000 3.250000 0.000000 162 146 117
-1.200000 3.250000 0.000000 162 146 117
-1.200000 3.216375 0.374294 162 146 117
-1.600000 3.250000 0.000000 162 146 117
-1.200000 3.216375 0.374294 162 146 117
-1.600000 3.216375 0.374294 162 146 117
-1.600000 3.216375 0.374294 165 148 119
-1.200000 3.216375 0.374294 165 148 119
-1.200000 3.116575 0.736602 165 148 119
-1.600000 3.216375 0.374294 165 148 119
-1.200000 3.116575 0.736602 165 148 119
-1.600000 3.116575 0.736602 165 148 119
-1.600000 3.116575 0.736602 165 148 119
-1.200000 3.116575 0.736602 165 148 119
-1.200000 2.953798 1.075320 165 148 119
-1.600000 3.116575 0.736602 165 148 119
-1.200000 2.953798 1.075320 165 148 119
-1.600000 2.953798 1.075320 165 148 119
-1.600000 2.953798 1.075320 163 147 118
-1.200000 2.953798 1.075320 163 147 118
-1.200000 2.733255 1.379602 163 147 118
-1.600000 2.953798 1.075320 163 147 118
-1.200000 2.733255 1.379602 163 147 118
-1.600000 2.733255 1.379602 163 147 118
-1.600000 2.733255 1.379602 119 105 81
-1.200000 2.733255 1.379602 119 105 81
-1.200000 2.462010 1.639704 119 105 81
-1.600000 2.733255 1.379602 119 105 81
-1.200000 2.462010 1.639704 119 105 81
-1.600000 2.462010 1.639704 119 105 81
-1.600000 2.462010 1.639704 120 105 82
-1.200000 2.462010 1.639704 120 105 82
-1.200000 2.148749 1.847295 120 105 82
-1.600000 2.462010 1.639704 120 105 82
-1.200000 2.148749 1.847295 120 105 82
-1.600000 2.148749 1.847295 120 105 82
-1.600000 2.148749 1.847295 119 104 81
-1.200000 2.148749 1.847295 119 104 81
-1.200000 1.803504 1.995729 119 104 81
-1.600000 2.148749 1.847295 119 104 81
-1.200000 1.803504 1.995729 119 104 81
-1.600000 1.803504 1.995729 119 104 81
-1.600000 1.803504 1.995729 119 105 81
-1.200000 1.803504 1.995729 119 105 81
-1.200000 1.437331 2.080250 119 105 81
-1.600000 1.803504 1.995729 119 105 81
-1.200000 1.437331 2.080250 119 105 81
-1.600000 1.437331 2.080250 119 105 81
-1.600000 1.437331 2.080250 119 105 81
-1.200000 1.437331 2.080250 119 105 81
-1.200000 1.061956 2.098154 119 105 81
-1.600000 1.437331 2.080250 119 105 81
-1.200000 1.061956 2.098154 119 105 81
-1.600000 1.061956 2.098154 119 105 81
-1.600000 1.061956 2.098154 120 106 82
-1.200000 1.061956 2.098154 120 106 82
-1.200000 0.689401 2.048865 120 106 82
-1.600000 1.061956 2.098154 120 106 82
-1.200000 0.689401 2.048865 120 106 82
-1.600000 0.689401 2.048865 120 106 82
-1.600000 0.689401 2.048865 120 105 81
-1.200000 0.689401 2.048865 120 105 81
-1.200000 0.331596 1.933964 120 105 81
-1.600000 0.689401 2.048865 120 105 81
-1.200000 0.331596 1.933964 120 105 81
-1.600000 0.331596 1.933964 120 105 81
-1.600000 0.331596 1.933964 118 104 80
-1.200000 0.331596 1.933964 118 104 80
-1.200000 0.000000 1.757128 118 104 80
-1.600000 0.331596 1.933964 118 104 80
-1.200000 0.000000 1.757128 118 104 80
-1.600000 0.000000 1.757128 118 104 80
-1.200000 0.000000 -1.757128 120 105 81
-0.800000 0.000000 -1.757128 120 105 81
-0.800000 0.331596 -1.933964 120 105 81
-1.200000 0.000000 -1.757128 120 105 81
-0.800000 0.331596 -1.933964 120 105 81
-1.200000 0.331596 -1.933964 120 105 81
-1.200000 0.331596 -1.933964 120 105 81
-0.800000 0.331596 -1.933964 120 105 81
-0.800000 0.689401 -2.048865 120 105 81
-1.200000 0.331596 -1.933964 120 105 81
-0.800000 0.689401 -2.048865 120 105 81
-1.200000 0.689401 -2.048865 120 105 81
-1.200000 0.689401 -2.048865 119 105 81
-0.800000 0.689401 -2.048865 119 105 81
-0.800000 1.054738 -2.097838 119 105 81
-1.200000 0.689401 -2.048865 119 105 81
-0.800000 1.054738 -2.097838 119 105 81
-1.200000 1.054738 -2.097838 119 105 81
-1.200000 2.293742 -1.761208 120 105 82
-0.800000 2.293742 -1.761208 120 105 82
-0.800000 2.462010 -1.639704 120 105 82
-1.200000 2.293742 -1.761208 120 105 82
-0.800000 2.462010 -1.639704 120 105 82
-1.200000 2.462010 -1.639704 120 105 82
-1.200000 2.462010 -1.639704 120 105 81
-0.800000 2.462010 -1.639704 120 105 81
-0.800000 2.733255 -1.379602 120 105 81
-1.200000 2.462010 -1.639704 120 105 81
-0.800000 2.733255 -1.379602 120 105 81
-1.200000 2.733255 -1.379602 120 105 81
-1.200000 2.733255 -1.379602 163 147 118
-0.800000 2.733255 -1.379602 163 147 118
-0.800000 2.953798 -1.075320 163 147 118
-1.200000 2.733255 -1.379602 163 147 118
-0.800000 2.953798 -1.075320 163 147 118
-1.200000 2.953798 -1.075320 163 147 118
-1.200000 2.953798 -1.075320 162 146 117
-0.800000 2.953798 -1.075320 162 146 117
-0.800000 3.116575 -0.736602 162 146 117
-1.200000 2.953798 -1.075320 162 146 117
-0.800000 3.116575 -0.736602 162 146 117
-1.200000 3.116575 -0.736602 162 146 117
-1.200000 3.116575 -0.736602 162 146 117
-0.800000 3.116575 -0.736602 162 146 117
-0.800000 3.216375 -0.374294 162 146 117
-1.200000 3.116575 -0.736602 162 146 117
-0.800000 3.216375 -0.374294 162 146 117
-1.200000 3.216375 -0.374294 162 146 117
-1.200000 3.216375 -0.374294 162 146 117
-0.800000 3.216375 -0.374294 162 146 117
-0.800000 3.250000 0.000000 162 146 117
-1.200000 3.216375 -0.374294 162 146 117
-0.800000 3.250000 0.000000 162 146 117
-1.200000 3.250000 0.000000 162 146 117
-1.200000 3.250000 0.000000 163 146 118
-0.800000 3.250000 0.000000 163 146 118
-0.800000 3.216375 0.374294 163 146 118
-1.200000 3.250000 0.000000 163 146 118
-0.800000 3.216375 0.374294 163 146 118
-1.200000 3.216375 0.374294 163 146 118
-1.200000 3.216375 0.374294 164 148 119
-0.800000 3.216375 0.374294 164 148 119
-0.800000 3.116575 0.736602 164 148 119
-1.200000 3.216375 0.374294 164 148 119
-0.800000 3.116575 0.736602 164 148 119
-1.200000 3.116575 0.736602 164 148 119
-1.200000 3.116575 0.736602 165 148 119
-0.800000 3.116575 0.736602 165 148 119
-0.800000 2.953798 1.075320 165 148 119
-1.200000 3.116575 0.736602 165 148 119
-0.800000 2.953798 1.075320 165 148 119
-1.200000 2.953798 1.075320 165 148 119
-1.200000 2.953798 1.075320 164 147 119
-0.800000 2.953798 1.075320 164 147 119
-0.800000 2.733255 1.379602 164 147 119
-1.200000 2.953798 1.075320 164 147 119
-0.800000 2.733255 1.379602 164 147 119
-1.200000 2.733255 1.379602 164 147 119
-1.200000 2.733255 1.379602 120 105 81
-0.800000 2.733255 1.379602 120 105 81
-0.800000 2.462010 1.639704 120 105 81
-1.200000 2.733255 1.379602 120 105 81
-0.800000 2.462010 1.639704 120 105 81
-1.200000 2.462010 1.639704 120 105 81
-1.200000 2.462010 1.639704 120 106 82
-0.800000 2.462010 1.639704 120 106 82
-0.800000 2.148749 1.847295 120 106 82
-1.200000 2.462010 1.639704 120 106 82
-0.800000 2.148749 1.847295 120 106 82
-1.200000 2.148749 1.847295 120 106 82
-1.200000 2.148749 1.847295 119 104 81
-0.800000 2.148749 1.847295 119 104 81
-0.800000 1.803504 1.995729 119 104 81
-1.200000 2.148749 1.847295 119 104 81
-0.800000 1.803504 1.995729 119 104 81
-1.200000 1.803504 1.995729 119 104 81
-1.200000 1.803504 1.995729 119 105 81
-0.800000 1.803504 1.995729 119 105 81
-0.800000 1.437331 2.080250 119 105 81
-1.200000 1.803504 1.995729 119 105 81
-0.800000 1.437331 2.080250 119 105 81
-1.200000 1.437331 2.080250 119 105 81
-1.200000 1.437331 2.080250 120 105 82
-0.800000 1.437331 2.080250 120 105 82
-0.800000 1.061956 2.098154 120 105 82
-1.200000 1.437331 2.080250 120 105 82
-0.800000 1.061956 2.098154 120 105 82
-1.200000 1.061956 2.098154 120 105 82
-1.200000 1.061956 2.098154 120 105 82
-0.800000 1.061956 2.098154 120 105 82
-0.800000 0.689401 2.048865 120 105 82
-1.200000 1.061956 2.098154 120 105 82
-0.800000 0.689401 2.048865 120 105 82
-1.200000 0.689401 2.048865 120 105 82
-1.200000 0.689401 2.048865 120 106 82
-0.800000 0.689401 2.048865 120 106 82
-0.800000 0.331596 1.933964 120 106 82
-1.200000 0.689401 2.048865 120 106 82
-0.800000 0.331596 1.933964 120 106 82
-1.200000 0.331596 1.933964 120 106 82
-1.200000 0.331596 1.933964 119 104 81
-0.800000 0.331596 1.933964 119 104 81
-0.800000 0.000000 1.757128 119 104 81
-1.200000 0.331596 1.933964 119 104 81
-0.800000 0.000000 1.757128 119 104 81
-1.200000 0.000000 1.757128 119 104 81
-0.800000 0.000000 -1.757128 120 105 82
-0.400000 0.000000 -1.757128 120 105 82
-0.400000 0.331596 -1.933964 120 105 82
-0.800000 0.000000 -1.757128 120 105 82
-0.400000 0.331596 -1.933964 120 105 82
-0.800000 0.331596 -1.933964 120 105 82
-0.800000 0.331596 -1.933964 120 105 81
-0.400000 0.331596 -1.933964 120 105 81
-0.400000 0.689401 -2.048865 120 105 81
-0.800000 0.331596 -1.933964 120 105 81
-0.400000 0.689401 -2.048865 120 105 81
-0.800000 0.689401 -2.048865 120 105 81
-0.800000 0.689401 -2.048865 120 105 81
-0.400000 0.689401 -2.048865 120 105 81
-0.400000 1.054738 -2.097838 120 105 81
-0.800000 0.689401 -2.048865 120 105 81
-0.400000 1.054738 -2.097838 120 105 81
-0.800000 1.054738 -2.097838 120 105 81
-0.800000 2.293742 -1.761208 119 104 81
-0.400000 2.293742 -1.761208 119 104 81
-0.400000 2.462010 -1.639704 119 104 81
-0.800000 2.293742 -1.761208 119 104 81
-0.400000 2.462010 -1.639704 119 104 81
-0.800000 2.462010 -1.639704 119 104 81
-0.800000 2.462010 -1.639704 120 106 82
-0.400000 2.462010 -1.639704 120 106 82
-0.400000 2.733255 -1.379602 120 106 82
-0.800000 2.462010 -1.639704 120 106 82
-0.400000 2.733255 -1.379602 120 106 82
-0.800000 2.733255 -1.379602 120 106 82
-0.800000 2.733255 -1.379602 164 148 119
-0.400000 2.733255 -1.379602 164 148 119
-0.400000 2.953798 -1.075320 164 148 119
-0.800000 2.733255 -1.379602 164 148 119
-0.400000 2.953798 -1.075320 164 148 119
-0.800000 2.953798 -1.075320 164 148 119
-0.800000 2.953798 -1.075320 165 148 119
-0.400000 2.953798 -1.075320 165 148 119
-0.400000 3.116575 -0.736602 165 148 119
-0.800000 2.953798 -1.075320 165 148 119
-0.400000 3.116575 -0.736602 165 148 119
-0.800000 3.116575 -0.736602 165 148 119
-0.800000 3.116575 -0.736602 165 148 120
-0.400000 3.116575 -0.736602 165 148 120
-0.400000 3.216375 -0.374294 165 148 120
-0.800000 3.116575 -0.736602 165 148 120
-0.400000 3.216375 -0.374294 165 148 120
-0.800000 3.216375 -0.374294 165 148 120
-0.800000 3.216375 -0.374294 163 146 118
-0.400000 3.216375 -0.374294 163 146 118
-0.400000 3.250000 0.000000 163 146 118
-0.800000 3.216375 -0.374294 163 146 118
-0.400000 3.250000 0.000000 163 146 118
-0.800000 3.250000 0.000000 163 146 118
-0.800000 3.250000 0.000000 163 146 117
-0.400000 3.250000 0.000000 163 146 117
-0.400000 3.216375 0.374294 163 146 117
-0.800000 3.250000 0.000000 163 146 117
-0.400000 3.216375 0.374294 163 146 117
-0.800000 3.216375 0.374294 163 146 117
-0.800000 3.216375 0.374294 163 147 118
-0.400000 3.216375 0.374294 163 147 118
-0.400000 3.116575 0.736602 163 147 118
-0.800000 3.216375 0.374294 163 147 118
-0.400000 3.116575 0.736602 163 147 118
-0.800000 3.116575 0.736602 163 147 118
-0.800000 3.116575 0.736602 164 147 118
-0.400000 3.116575 0.736602 164 147 118
-0.400000 2.953798 1.075320 164 147 118
-0.800000 3.116575 0.736602 164 147 118
-0.400000 2.953798 1.075320 164 147 118
-0.800000 2.953798 1.075320 164 147 118
-0.800000 2.953798 1.075320 165 148 119
-0.400000 2.953798 1.075320 165 148 119
-0.400000 2.733255 1.379602 165 148 119
-0.800000 2.953798 1.075320 165 148 119
-0.400000 2.733255 1.379602 165 148 119
-0.800000 2.733255 1.379602 165 148 119
-0.800000 2.733255 1.379602 120 106 82
-0.400000 2.733255 1.379602 120 106 82
-0.400000 2.462010 1.639704 120 106 82
-0.800000 2.733255 1.379602 120 106 82
-0.400000 2.462010 1.639704 120 106 82
-0.800000 2.462010 1.639704 120 106 82
-0.800000 2.462010 1.639704 120 106 82
-0.400000 2.462010 1.639704 120 106 82
-0.400000 2.148749 1.847295 120 106 82
-0.800000 2.462010 1.639704 120 106 82
-0.400000 2.148749 1.847295 120 106 82
-0.800000 2.148749 1.847295 120 106 82
-0.800000 2.148749 1.847295 119 104 81
-0.400000 2.148749 1.847295 119 104 81
-0.400000 1.803504 1.995729 119 104 81
-0.800000 2.148749 1.847295 119 104 81
-0.400000 1.803504 1.995729 119 104 81
-0.800000 1.803504 1.995729 119 104 81
-0.800000 1.803504 1.995729 119 104 81
-0.400000 1.803504 1.995729 119 104 81
-0.400000 1.437331 2.080250 119 104 81
-0.800000 1.803504 1.995729 119 104 81
-0.400000 1.437331 2.080250 119 104 81
-0.800000 1.437331 2.080250 119 104 81
-0.800000 1.437331 2.080250 121 106 82
-0.400000 1.437331 2.080250 121 106 82
-0.400000 1.061956 2.098154 121 106 82
-0.800000 1.437331 2.080250 121 106 82
-0.400000 1.061956 2.098154 121 106 82
-0.800000 1.061956 2.098154 121 106 82
-0.800000 1.061956 2.098154 121 106 82
-0.400000 1.061956 2.098154 121 106 82
-0.400000 0.689401 2.048865 121 106 82
-0.800000 1.061956 2.098154 121 106 82
-0.400000 0.689401 2.048865 121 106 82
-0.800000 0.689401 2.048865 121 106 82
-0.800000 0.689401 2.048865 120 106 82
-0.400000 0.689401 2.048865 120 106 82
-0.400000 0.331596 1.933964 120 106 82
-0.800000 0.689401 2.048865 120 106 82
-0.400000 0.331596 1.933964 120 106 82
-0.800000 0.331596 1.933964 120 106 82
-0.800000 0.331596 1.933964 119 105 81
-0.400000 0.331596 1.933964 119 105 81
-0.400000 0.000000 1.757128 119 105 81
-0.800000 0.331596 1.933964 119 105 81
-0.400000 0.000000 1.757128 119 105 81
-0.800000 0.000000 1.757128 119 105 81
-0.400000 0.000000 -1.757128 119 104 80
0.000000 0.000000 -1.757128 119 104 80
0.000000 0.331596 -1.933964 119 104 80
-0.400000 0.000000 -1.757128 119 104 80
0.000000 0.331596 -1.933964 119 104 80
-0.400000 0.331596 -1.933964 119 104 80
-0.400000 0.331596 -1.933964 120 105 82
0.000000 0.331596 -1.933964 120 105 82
0.000000 0.689401 -2.048865 120 105 82
-0.400000 0.331596 -1.933964 120 105 82
0.000000 0.689401 -2.048865 120 105 82
-0.400000 0.689401 -2.048865 120 105 82
-0.400000 0.689401 -2.048865 119 105 81
0.000000 0.689401 -2.048865 119 105 81
0.000000 1.054738 -2.097838 119 105 81
-0.400000 0.689401 -2.048865 119 105 81
0.000000 1.054738 -2.097838 119 105 81
-0.400000 1.054738 -2.097838 119 105 81
-0.400000 2.293742 -1.761208 120 106 82
0.000000 2.293742 -1.761208 120 106 82
0.000000 2.462010 -1.639704 120 106 82
-0.400000 2.293742 -1.761208 120 106 82
0.000000 2.462010 -1.639704 120 106 82
-0.400000 2.462010 -1.639704 120 106 82
-0.400000 2.462010 -1.639704 121 106 82
0.000000 2.462010 -1.639704 121 106 82
0.000000 2.733255 -1.379602 121 106 82
-0.400000 2.462010 -1.639704 121 106 82
0.000000 2.733255 -1.379602 121 106 82
-0.400000 2.733255 -1.379602 121 106 82
-0.400000 2.733255 -1.379602 164 147 118
0.000000 2.733255 -1.379602 164 147 118
0.000000 2.953798 -1.075320 164 147 118
-0.400000 2.733255 -1.379602 164 147 118
0.000000 2.953798 -1.075320 164 147 118
-0.400000 2.953798 -1.075320 164 147 118
-0.400000 2.953798 -1.075320 163 146 117
0.000000 2.953798 -1.075320 163 146 117
0.000000 3.116575 -0.736602 163 146 117
-0.400000 2.953798 -1.075320 163 146 117
0.000000 3.116575 -0.736602 163 146 117
-0.400000 3.116575 -0.736602 163 146 117
-0.400000 3.116575 -0.736602 161 145 116
0.000000 3.116575 -0.736602 161 145 116
0.000000 3.216375 -0.374294 161 145 116
-0.400000 3.116575 -0.736602 161 145 116
0.000000 3.216375 -0.374294 161 145 116
-0.400000 3.216375 -0.374294 161 145 116
-0.400000 3.216375 -0.374294 162 145 117
0.000000 3.216375 -0.374294 162 145 117
0.000000 3.250000 0.000000 162 145 117
-0.400000 3.216375 -0.374294 162 145 117
0.000000 3.250000 0.000000 162 145 117
-0.400000 3.250000 0.000000 162 145 117
-0.400000 3.250000 0.000000 163 146 117
0.000000 3.250000 0.000000 163 146 117
0.000000 3.216375 0.374294 163 146 117
-0.400000 3.250000 0.000000 163 146 117
0.000000 3.216375 0.374294 163 146 117
-0.400000 3.216375 0.374294 163 146 117
-0.400000 3.216375 0.374294 165 148 120
0.000000 3.216375 0.374294 165 148 120
0.000000 3.116575 0.736602 165 148 120
-0.400000 3.216375 0.374294 165 148 120
0.000000 3.116575 0.736602 165 148 120
-0.400000 3.116575 0.736602 165 148 120
-0.400000 3.116575 0.736602 165 148 119
0.000000 3.116575 0.736602 165 148 119
0.000000 2.953798 1.075320 165 148 119
-0.400000 3.116575 0.736602 165 148 119
0.000000 2.953798 1.075320 165 148 119
-0.400000 2.953798 1.075320 165 148 119
-0.400000 2.953798 1.075320 164 147 118
0.000000 2.953798 1.075320 164 147 118
0.000000 2.733255 1.379602 164 147 118
-0.400000 2.953798 1.075320 164 147 118
0.000000 2.733255 1.379602 164 147 118
-0.400000 2.733255 1.379602 164 147 118
-0.400000 2.733255 1.379602 120 106 82
0.000000 2.733255 1.379602 120 106 82
0.000000 2.462010 1.639704 120 106 82
-0.400000 2.733255 1.379602 120 106 82
0.000000 2.462010 1.639704 120 106 82
-0.400000 2.462010 1.639704 120 106 82
-0.400000 2.462010 1.639704 120 106 82
0.000000 2.462010 1.639704 120 106 82
0.000000 2.148749 1.847295 120 106 82
-0.400000 2.462010 1.639704 120 106 82
0.000000 2.148749 1.847295 120 106 82
-0.400000 2.148749 1.847295 120 106 82
-0.400000 2.148749 1.847295 120 105 81
0.000000 2.148749 1.847295 120 105 81
0.000000 1.803504 1.995729 120 105 81
-0.400000 2.148749 1.847295 120 105 81
0.000000 1.803504 1.995729 120 105 81
-0.400000 1.803504 1.995729 120 105 81
-0.400000 1.803504 1.995729 120 105 82
0.000000 1.803504 1.995729 120 105 82
0.000000 1.437331 2.080250 120 105 82
-0.400000 1.803504 1.995729 120 105 82
0.000000 1.437331 2.080250 120 105 82
-0.400000 1.437331 2.080250 120 105 82
-0.400000 1.437331 2.080250 119 105 81
0.000000 1.437331 2.080250 119 105 81
0.000000 1.061956 2.098154 119 105 81
-0.400000 1.437331 2.080250 119 105 81
0.000000 1.061956 2.098154 119 105 81
-0.400000 1.061956 2.098154 119 105 81
-0.400000 1.061956 2.098154 120 105 81
0.000000 1.061956 2.098154 120 105 81
0.000000 0.689401 2.048865 120 105 81
-0.400000 1.061956 2.098154 120 105 81
0.000000 0.689401 2.048865 120 105 81
-0.400000 0.689401 2.048865 120 105 81
-0.400000 0.689401 2.048865 119 105 81
0.000000 0.689401 2.048865 119 105 81
0.000000 0.331596 1.933964 119 105 81
-0.400000 0.689401 2.048865 119 105 81
0.000000 0.331596 1.933964 119 105 81
-0.400000 0.331596 1.933964 119 105 81
-0.400000 0.331596 1.933964 119 105 81
0.000000 0.331596 1.933964 119 105 81
0.000000 0.000000 1.757128 119 105 81
-0.400000 0.331596 1.933964 119 105 81
0.000000 0.000000 1.757128 119 105 81
-0.400000 0.000000 1.757128 119 105 81
0.000000 0.000000 -1.757128 119 105 81
0.400000 0.000000 -1.757128 119 105 81
0.400000 0.331596 -1.933964 119 105 81
0.000000 0.000000 -1.757128 119 105 81
0.400000 0.331596 -1.933964 119 105 81
0.000000 0.331596 -1.933964 119 105 81
0.000000 0.331596 -1.933964 120 105 81
0.400000 0.331596 -1.933964 120 105 81
0.400000 0.689401 -2.048865 120 105 81
0.000000 0.331596 -1.933964 120 105 81
0.400000 0.689401 -2.048865 120 105 81
0.000000 0.689401 -2.048865 120 105 81
0.000000 0.689401 -2.048865 119 105 81
0.400000 0.689401 -2.048865 119 105 81
0.400000 1.054738 -2.097838 119 105 81
0.000000 0.689401 -2.048865 119 105 81
0.400000 1.054738 -2.097838 119 105 81
0.000000 1.054738 -2.097838 119 105 81
0.000000 2.293742 -1.761208 120 105 82
0.400000 2.293742 -1.761208 120 105 82
0.400000 2.462010 -1.639704 120 105 82
0.000000 2.293742 -1.761208 120 105 82
0.400000 2.462010 -1.639704 120 105 82
0.000000 2.462010 -1.639704 120 105 82
0.000000 2.462010 -1.639704 120 106 82
0.400000 2.462010 -1.639704 120 106 82
0.400000 2.733255 -1.379602 120 106 82
0.000000 2.462010 -1.639704 120 106 82
0.400000 2.733255 -1.379602 120 106 82
0.000000 2.733255 -1.379602 120 106 82
0.000000 2.733255 -1.379602 163 147 118
0.400000 2.733255 -1.379602 163 147 118
0.400000 2.953798 -1.075320 163 147 118
0.000000 2.733255 -1.379602 163 147 118
0.400000 2.953798 -1.075320 163 147 118
0.000000 2.953798 -1.075320 163 147 118
0.000000 2.953798 -1.075320 163 146 118
0.400000 2.953798 -1.075320 163 146 118
0.400000 3.116575 -0.736602 163 146 118
0.000000 2.953798 -1.075320 163 146 118
0.400000 3.116575 -0.736602 163 146 118
0.000000 3.116575 -0.736602 163 146 118
0.000000 3.116575 -0.736602 162 145 117
0.400000 3.116575 -0.736602 162 145 117
0.400000 3.216375 -0.374294 162 145 117
0.000000 3.116575 -0.736602 162 145 117
0.400000 3.216375 -0.374294 162 145 117
0.000000 3.216375 -0.374294 162 145 117
0.000000 3.216375 -0.374294 161 145 116
0.400000 3.216375 -0.374294 161 145 116
0.400000 3.250000 0.000000 161 145 116
0.000000 3.216375 -0.374294 161 145 116
0.400000 3.250000 0.000000 161 145 116
0.000000 3.250000 0.000000 161 145 116
0.000000 3.250000 0.000000 163 146 118
0.400000 3.250000 0.000000 163 146 118
0.400000 3.216375 0.374294 163 146 118
0.000000 3.250000 0.000000 163 146 118
0.400000 3.216375 0.374294 163 146 118
0.000000 3.216375 0.374294 163 146 118
0.000000 3.216375 0.374294 165 149 120
0.400000 3.216375 0.374294 165 149 120
0.400000 3.116575 0.736602 165 149 120
0.000000 3.216375 0.374294 165 149 120
0.400000 3.116575 0.736602 165 149 120
0.000000 3.116575 0.736602 165 149 120
0.000000 3.116575 0.736602 165 148 120
0.400000 3.116575 0.736602 165 148 120
0.400000 2.953798 1.075320 165 148 120
0.000000 3.116575 0.736602 165 148 120
0.400000 2.953798 1.075320 165 148 120
0.000000 2.953798 1.075320 165 148 120
0.000000 2.953798 1.075320 165 148 119
0.400000 2.953798 1.075320 165 148 119
0.400000 2.733255 1.379602 165 148 119
0.000000 2.953798 1.075320 165 148 119
0.400000 2.733255 1.379602 165 148 119
0.000000 2.733255 1.379602 165 148 119
0.000000 2.733255 1.379602 120 106 82
0.400000 2.733255 1.379602 120 106 82
0.400000 2.462010 1.639704 120 106 82
0.000000 2.733255 1.379602 120 106 82
0.400000 2.462010 1.639704 120 106 82
0.000000 2.462010 1.639704 120 106 82
0.000000 2.462010 1.639704 120 105 82
0.400000 2.462010 1.639704 120 105 82
0.400000 2.148749 1.847295 120 105 82
0.000000 2.462010 1.639704 120 105 82
0.400000 2.148749 1.847295 120 105 82
0.000000 2.148749 1.847295 120 105 82
0.000000 2.148749 1.847295 120 106 82
0.400000 2.148749 1.847295 120 106 82
0.400000 1.803504 1.995729 120 106 82
0.000000 2.148749 1.847295 120 106 82
0.400000 1.803504 1.995729 120 106 82
0.000000 1.803504 1.995729 120 106 82
0.000000 1.803504 1.995729 120 105 81
0.400000 1.803504 1.995729 120 105 81
0.400000 1.437331 2.080250 120 105 81
0.000000 1.803504 1.995729 120 105 81
0.400000 1.437331 2.080250 120 105 81
0.000000 1.437331 2.080250 120 105 81
0.000000 1.437331 2.080250 119 105 81
0.400000 1.437331 2.080250 119 105 81
0.400000 1.061956 2.098154 119 105 81
0.000000 1.437331 2.080250 119 105 81
0.400000 1.061956 2.098154 119 105 81
0.000000 1.061956 2.098154 119 105 81
0.000000 1.061956 2.098154 119 105 81
0.400000 1.061956 2.098154 119 105 81
0.400000 0.689401 2.048865 119 105 81
0.000000 1.061956 2.098154 119 105 81
0.400000 0.689401 2.048865 119 105 81
0.000000 0.689401 2.048865 119 105 81
0.000000 0.689401 2.048865 119 104 81
0.400000 0.689401 2.048865 119 104 81
0.400000 0.331596 1.933964 119 104 81
0.000000 0.689401 2.048865 119 104 81
0.400000 0.331596 1.933964 119 104 81
0.000000 0.331596 1.933964 119 104 81
0.000000 0.331596 1.933964 120 105 81
0.400000 0.331596 1.933964 120 105 81
0.400000 0.000000 1.757128 120 105 81
0.000000 0.331596 1.933964 120 105 81
0.400000 0.000000 1.757128 120 105 81
0.000000 0.000000 1.757128 120 105 81
0.400000 0.000000 -1.757128 120 105 82
0.600000 0.000000 -1.757128 120 105 82
0.600000 0.331596 -1.933964 120 105 82
0.400000 0.000000 -1.757128 120 105 82
0.600000 0.331596 -1.933964 120 105 82
0.400000 0.331596 -1.933964 120 105 82
0.400000 0.331596 -1.933964 119 104 81
0.600000 0.331596 -1.933964 119 104 81
0.600000 0.689401 -2.048865 119 104 81
0.400000 0.331596 -1.933964 119 104 81
0.600000 0.689401 -2.048865 119 104 81
0.400000 0.689401 -2.048865 119 104 81
0.400000 0.689401 -2.048865 119 104 81
0.600000 0.689401 -2.048865 119 104 81
0.600000 1.054738 -2.097838 119 104 81
0.400000 0.689401 -2.048865 119 104 81
0.600000 1.054738 -2.097838 119 104 81
0.400000 1.054738 -2.097838 119 104 81
0.400000 2.293742 -1.761208 119 105 81
0.600000 2.293742 -1.761208 119 105 81
0.600000 2.462010 -1.639704 119 105 81
0.400000 2.293742 -1.761208 119 105 81
0.600000 2.462010 -1.639704 119 105 81
0.400000 2.462010 -1.639704 119 105 81
0.400000 2.462010 -1.639704 119 104 81
0.600000 2.462010 -1.639704 119 104 81
0.600000 2.733255 -1.379602 119 104 81
0.400000 2.462010 -1.639704 119 104 81
0.600000 2.733255 -1.379602 119 104 81
0.400000 2.733255 -1.379602 119 104 81
0.400000 2.733255 -1.379602 163 146 117
0.600000 2.733255 -1.379602 163 146 117
0.600000 2.953798 -1.075320 163 146 117
0.400000 2.733255 -1.379602 163 146 117
0.600000 2.953798 -1.075320 163 146 117
0.400000 2.953798 -1.075320 163 146 117
0.400000 2.953798 -1.075320 165 148 119
0.600000 2.953798 -1.075320 165 148 119
0.600000 3.116575 -0.736602 165 148 119
0.400000 2.953798 -1.075320 165 148 119
0.600000 3.116575 -0.736602 165 148 119
0.400000 3.116575 -0.736602 165 148 119
0.400000 3.116575 -0.736602 165 148 119
0.600000 3.116575 -0.736602 165 148 119
0.600000 3.216375 -0.374294 165 148 119
0.400000 3.116575 -0.736602 165 148 119
0.600000 3.216375 -0.374294 165 148 119
0.400000 3.216375 -0.374294 165 148 119
0.400000 3.216375 -0.374294 162 145 117
0.600000 3.216375 -0.374294 162 145 117
0.600000 3.250000 0.000000 162 145 117
0.400000 3.216375 -0.374294 162 145 117
0.600000 3.250000 0.000000 162 145 117
0.400000 3.250000 0.000000 162 145 117
0.400000 3.250000 0.000000 162 146 117
0.600000 3.250000 0.000000 162 146 117
0.600000 3.216375 0.374294 162 146 117
0.400000 3.250000 0.000000 162 146 117
0.600000 3.216375 0.374294 162 146 117
0.400000 3.216375 0.374294 162 146 117
0.400000 3.216375 0.374294 164 147 118
0.600000 3.216375 0.374294 164 147 118
0.600000 3.116575 0.736602 164 147 118
0.400000 3.216375 0.374294 164 147 118
0.600000 3.116575 0.736602 164 147 118
0.400000 3.116575 0.736602 164 147 118
0.400000 3.116575 0.736602 164 147 119
0.600000 3.116575 0.736602 164 147 119
0.600000 2.953798 1.075320 164 147 119
0.400000 3.116575 0.736602 164 147 119
0.600000 2.953798 1.075320 164 147 119
0.400000 2.953798 1.075320 164 147 119
0.400000 2.953798 1.075320 164 148 119
0.600000 2.953798 1.075320 164 148 119
0.600000 2.733255 1.379602 164 148 119
0.400000 2.953798 1.075320 164 148 119
0.600000 2.733255 1.379602 164 148 119
0.400000 2.733255 1.379602 164 148 119
0.400000 2.733255 1.379602 121 106 82
0.600000 2.733255 1.379602 121 106 82
0.600000 2.462010 1.639704 121 106 82
0.400000 2.733255 1.379602 121 106 82
0.600000 2.462010 1.639704 121 106 82
0.400000 2.462010 1.639704 121 106 82
0.400000 2.462010 1.639704 120 105 82
0.600000 2.462010 1.639704 120 105 82
0.600000 2.148749 1.847295 120 105 82
0.400000 2.462010 1.639704 120 105 82
0.600000 2.148749 1.847295 120 105 82
0.400000 2.148749 1.847295 120 105 82
0.400000 2.148749 1.847295 120 106 82
0.600000 2.148749 1.847295 120 106 82
0.600000 1.803504 1.995729 120 106 82
0.400000 2.148749 1.847295 120 106 82
0.600000 1.803504 1.995729 120 106 82
0.400000 1.803504 1.995729 120 106 82
0.400000 1.803504 1.995729 121 106 82
0.600000 1.803504 1.995729 121 106 82
0.600000 1.437331 2.080250 121 106 82
0.400000 1.803504 1.995729 121 106 82
0.600000 1.437331 2.080250 121 106 82
0.400000 1.437331 2.080250 121 106 82
0.400000 1.437331 2.080250 120 105 82
0.600000 1.437331 2.080250 120 105 82
0.600000 1.061956 2.098154 120 105 82
0.400000 1.437331 2.080250 120 105 82
0.600000 1.061956 2.098154 120 105 82
0.400000 1.061956 2.098154 120 105 82
0.400000 1.061956 2.098154 119 105 81
0.600000 1.061956 2.098154 119 105 81
0.600000 0.689401 2.048865 119 105 81
0.400000 1.061956 2.098154 119 105 81
0.600000 0.689401 2.048865 119 105 81
0.400000 0.689401 2.048865 119 105 81
0.400000 0.689401 2.048865 119 105 81
0.600000 0.689401 2.048865 119 105 81
0.600000 0.331596 1.933964 119 105 81
0.400000 0.689401 2.048865 119 105 81
0.600000 0.331596 1.933964 119 105 81
0.400000 0.331596 1.933964 119 105 81
0.400000 0.331596 1.933964 119 104 80
0.600000 0.331596 1.933964 119 104 80
0.600000 0.000000 1.757128 119 104 80
0.400000 0.331596 1.933964 119 104 80
0.600000 0.000000 1.757128 119 104 80
0.400000 0.000000 1.757128 119 104 80
0.600000 0.000000 -1.757128 121 106 82
1.200000 0.000000 -1.757128 121 106 82
1.200000 0.331596 -1.933964 121 106 82
0.600000 0.000000 -1.757128 121 106 82
1.200000 0.331596 -1.933964 121 106 82
0.600000 0.331596 -1.933964 121 106 82
0.600000 0.331596 -1.933964 120 105 81
1.200000 0.331596 -1.933964 120 105 81
1.200000 0.689401 -2.048865 120 105 81
0.600000 0.331596 -1.933964 120 105 81
1.200000 0.689401 -2.048865 120 105 81
0.600000 0.689401 -2.048865 120 105 81
0.600000 0.689401 -2.048865 120 105 81
1.200000 0.689401 -2.048865 120 105 81
1.200000 1.054738 -2.097838 120 105 81
0.600000 0.689401 -2.048865 120 105 81
1.200000 1.054738 -2.097838 120 105 81
0.600000 1.054738 -2.097838 120 105 81
0.600000 1.054738 -2.097838 120 105 82
1.200000 1.054738 -2.097838 120 105 82
1.200000 1.437331 -2.080250 120 105 82
0.600000 1.054738 -2.097838 120 105 82
1.200000 1.437331 -2.080250 120 105 82
0.600000 1.437331 -2.080250 120 105 82
0.600000 1.437331 -2.080250 120 105 81
1.200000 1.437331 -2.080250 120 105 81
1.200000 1.803504 -1.995729 120 105 81
0.600000 1.437331 -2.080250 120 105 81
1.200000 1.803504 -1.995729 120 105 81
0.600000 1.803504 -1.995729 120 105 81
0.600000 1.803504 -1.995729 120 106 82
1.200000 1.803504 -1.995729 120 106 82
1.200000 2.293742 -1.761208 120 106 82
0.600000 1.803504 -1.995729 120 106 82
1.200000 2.293742 -1.761208 120 106 82
0.600000 2.293742 -1.761208 120 106 82
0.600000 2.293742 -1.761208 119 105 81
1.200000 2.293742 -1.761208 119 105 81
1.200000 2.462010 -1.639704 119 105 81
0.600000 2.293742 -1.761208 119 105 81
1.200000 2.462010 -1.639704 119 105 81
0.600000 2.462010 -1.639704 119 105 81
0.600000 2.462010 -1.639704 119 105 81
1.200000 2.462010 -1.639704 119 105 81
1.200000 2.733255 -1.379602 119 105 81
0.600000 2.462010 -1.639704 119 105 81
1.200000 2.733255 -1.379602 119 105 81
0.600000 2.733255 -1.379602 119 105 81
0.600000 2.733255 -1.379602 162 146 117
1.200000 2.733255 -1.379602 162 146 117
1.200000 2.953798 -1.075320 162 146 117
0.600000 2.733255 -1.379602 162 146 117
1.200000 2.953798 -1.075320 162 146 117
0.600000 2.953798 -1.075320 162 146 117
0.600000 2.953798 -1.075320 165 148 119
1.200000 2.953798 -1.075320 165 148 119
1.200000 3.116575 -0.736602 165 148 119
0.600000 2.953798 -1.075320 165 148 119
1.200000 3.116575 -0.736602 165 148 119
0.600000 3.116575 -0.736602 165 148 119
0.600000 3.116575 -0.736602 166 149 120
1.200000 3.116575 -0.736602 166 149 120
1.200000 3.216375 -0.374294 166 149 120
0.600000 3.116575 -0.736602 166 149 120
1.200000 3.216375 -0.374294 166 149 120
0.600000 3.216375 -0.374294 166 149 120
0.600000 3.216375 -0.374294 163 146 118
1.200000 3.216375 -0.374294 163 146 118
1.200000 3.250000 0.000000 163 146 118
0.600000 3.216375 -0.374294 163 146 118
1.200000 3.250000 0.000000 163 146 118
0.600000 3.250000 0.000000 163 146 118
0.600000 3.250000 0.000000 162 145 117
1.200000 3.250000 0.000000 162 145 117
1.200000 3.216375 0.374294 162 145 117
0.600000 3.250000 0.000000 162 145 117
1.200000 3.216375 0.374294 162 145 117
0.600000 3.216375 0.374294 162 145 117
0.600000 3.216375 0.374294 163 146 118
1.200000 3.216375 0.374294 163 146 118
1.200000 3.116575 0.736602 163 146 118
0.600000 3.216375 0.374294 163 146 118
1.200000 3.116575 0.736602 163 146 118
0.600000 3.116575 0.736602 163 146 118
0.600000 3.116575 0.736602 162 145 117
1.200000 3.116575 0.736602 162 145 117
1.200000 2.953798 1.075320 162 145 117
0.600000 3.116575 0.736602 162 145 117
1.200000 2.953798 1.075320 162 145 117
0.600000 2.953798 1.075320 162 145 117
0.600000 2.953798 1.075320 165 148 119
1.200000 2.953798 1.075320 165 148 119
1.200000 2.733255 1.379602 165 148 119
0.600000 2.953798 1.075320 165 148 119
1.200000 2.733255 1.379602 165 148 119
0.600000 2.733255 1.379602 165 148 119
0.600000 2.733255 1.379602 121 106 82
1.200000 2.733255 1.379602 121 106 82
1.200000 2.462010 1.639704 121 106 82
0.600000 2.733255 1.379602 121 106 82
1.200000 2.462010 1.639704 121 106 82
0.600000 2.462010 1.639704 121 106 82
0.600000 2.462010 1.639704 120 105 82
1.200000 2.462010 1.639704 120 105 82
1.200000 2.148749 1.847295 120 105 82
0.600000 2.462010 1.639704 120 105 82
1.200000 2.148749 1.847295 120 105 82
0.600000 2.148749 1.847295 120 105 82
0.600000 2.148749 1.847295 120 106 82
1.200000 2.148749 1.847295 120 106 82
1.200000 1.803504 1.995729 120 106 82
0.600000 2.148749 1.847295 120 106 82
1.200000 1.803504 1.995729 120 106 82
0.600000 1.803504 1.995729 120 106 82
0.600000 1.803504 1.995729 120 105 82
1.200000 1.803504 1.995729 120 105 82
1.200000 1.437331 2.080250 120 105 82
0.600000 1.803504 1.995729 120 105 82
1.200000 1.437331 2.080250 120 105 82
0.600000 1.437331 2.080250 120 105 82
0.600000 1.437331 2.080250 120 106 82
1.200000 1.437331 2.080250 120 106 82
1.200000 1.061956 2.098154 120 106 82
0.600000 1.437331 2.080250 120 106 82
1.200000 1.061956 2.098154 120 106 82
0.600000 1.061956 2.098154 120 106 82
0.600000 1.061956 2.098154 119 105 81
1.200000 1.061956 2.098154 119 105 81
1.200000 0.689401 2.048865 119 105 81
0.600000 1.061956 2.098154 119 105 81
1.200000 0.689401 2.048865 119 105 81
0.600000 0.689401 2.048865 119 105 81
0.600000 0.689401 2.048865 119 105 81
1.200000 0.689401 2.048865 119 105 81
1.200000 0.331596 1.933964 119 105 81
0.600000 0.689401 2.048865 119 105 81
1.200000 0.331596 1.933964 119 105 81
0.600000 0.331596 1.933964 119 105 81
0.600000 0.331596 1.933964 119 105 81
1.200000 0.331596 1.933964 119 105 81
1.200000 0.000000 1.757128 119 105 81
0.600000 0.331596 1.933964 119 105 81
1.200000 0.000000 1.757128 119 105 81
0.600000 0.000000 1.757128 119 105 81
1.200000 0.000000 -1.757128 120 106 82
1.600000 0.000000 -1.757128 120 106 82
1.600000 0.331596 -1.933964 120 106 82
1.200000 0.000000 -1.757128 120 106 82
1.600000 0.331596 -1.933964 120 106 82
1.200000 0.331596 -1.933964 120 106 82
1.200000 0.331596 -1.933964 120 105 81
1.600000 0.331596 -1.933964 120 105 81
1.600000 0.689401 -2.048865 120 105 81
1.200000 0.331596 -1.933964 120 105 81
1.600000 0.689401 -2.048865 120 105 81
1.200000 0.689401 -2.048865 120 105 81
1.200000 0.689401 -2.048865 120 106 82
1.600000 0.689401 -2.048865 120 106 82
1.600000 1.054738 -2.097838 120 106 82
1.200000 0.689401 -2.048865 120 106 82
1.600000 1.054738 -2.097838 120 106 82
1.200000 1.054738 -2.097838 120 106 82
1.200000 1.054738 -2.097838 119 105 81
1.600000 1.054738 -2.097838 119 105 81
1.600000 1.437331 -2.080250 119 105 81
1.200000 1.054738 -2.097838 119 105 81
1.600000 1.437331 -2.080250 119 105 81
1.200000 1.437331 -2.080250 119 105 81
1.200000 1.437331 -2.080250 120 106 82
1.600000 1.437331 -2.080250 120 106 82
1.600000 1.803504 -1.995729 120 106 82
1.200000 1.437331 -2.080250 120 106 82
1.600000 1.803504 -1.995729 120 106 82
1.200000 1.803504 -1.995729 120 106 82
1.200000 1.803504 -1.995729 119 105 81
1.600000 1.803504 -1.995729 119 105 81
1.600000 2.293742 -1.761208 119 105 81
1.200000 1.803504 -1.995729 119 105 81
1.600000 2.293742 -1.761208 119 105 81
1.200000 2.293742 -1.761208 119 105 81
1.200000 2.293742 -1.761208 120 105 81
1.600000 2.293742 -1.761208 120 105 81
1.600000 2.462010 -1.639704 120 105 81
1.200000 2.293742 -1.761208 120 105 81
1.600000 2.462010 -1.639704 120 105 81
1.200000 2.462010 -1.639704 120 105 81
1.200000 2.462010 -1.639704 120 105 82
1.600000 2.462010 -1.639704 120 105 82
1.600000 2.733255 -1.379602 120 105 82
1.200000 2.462010 -1.639704 120 105 82
1.600000 2.733255 -1.379602 120 105 82
1.200000 2.733255 -1.379602 120 105 82
1.200000 2.733255 -1.379602 164 147 118
1.600000 2.733255 -1.379602 164 147 118
1.600000 2.953798 -1.075320 164 147 118
1.200000 2.733255 -1.379602 164 147 118
1.600000 2.953798 -1.075320 164 147 118
1.200000 2.953798 -1.075320 164 147 118
1.200000 2.953798 -1.075320 164 148 119
1.600000 2.953798 -1.075320 164 148 119
1.600000 3.116575 -0.736602 164 148 119
1.200000 2.953798 -1.075320 164 148 119
1.600000 3.116575 -0.736602 164 148 119
1.200000 3.116575 -0.736602 164 148 119
1.200000 3.116575 -0.736602 165 148 120
1.600000 3.116575 -0.736602 165 148 120
1.600000 3.216375 -0.374294 165 148 120
1.200000 3.116575 -0.736602 165 148 120
1.600000 3.216375 -0.374294 165 148 120
1.200000 3.216375 -0.374294 165 148 120
1.200000 3.216375 -0.374294 163 146 118
1.600000 3.216375 -0.374294 163 146 118
1.600000 3.250000 0.000000 163 146 118
1.200000 3.216375 -0.374294 163 146 118
1.600000 3.250000 0.000000 163 146 118
1.200000 3.250000 0.000000 163 146 118
1.200000 3.250000 0.000000 161 145 116
1.600000 3.250000 0.000000 161 145 116
1.600000 3.216375 0.374294 161 145 116
1.200000 3.250000 0.000000 161 145 116
1.600000 3.216375 0.374294 161 145 116
1.200000 3.216375 0.374294 161 145 116
1.200000 3.216375 0.374294 162 145 117
1.600000 3.216375 0.374294 162 145 117
1.600000 3.116575 0.736602 162 145 117
1.200000 3.216375 0.374294 162 145 117
1.600000 3.116575 0.736602 162 145 117
1.200000 3.116575 0.736602 162 145 117
1.200000 3.116575 0.736602 163 147 118
1.600000 3.116575 0.736602 163 147 118
1.600000 2.953798 1.075320 163 147 118
1.200000 3.116575 0.736602 163 147 118
1.600000 2.953798 1.075320 163 147 118
1.200000 2.953798 1.075320 163 147 118
1.200000 2.953798 1.075320 164 147 118
1.600000 2.953798 1.075320 164 147 118
1.600000 2.733255 1.379602 164 147 118
1.200000 2.953798 1.075320 164 147 118
1.600000 2.733255 1.379602 164 147 118
1.200000 2.733255 1.379602 164 147 118
1.200000 2.733255 1.379602 120 106 82
1.600000 2.733255 1.379602 120 106 82
1.600000 2.462010 1.639704 120 106 82
1.200000 2.733255 1.379602 120 106 82
1.600000 2.462010 1.639704 120 106 82
1.200000 2.462010 1.639704 120 106 82
1.200000 2.462010 1.639704 120 106 82
1.600000 2.462010 1.639704 120 106 82
1.600000 2.148749 1.847295 120 106 82
1.200000 2.462010 1.639704 120 106 82
1.600000 2.148749 1.847295 120 106 82
1.200000 2.148749 1.847295 120 106 82
1.200000 2.148749 1.847295 120 105 82
1.600000 2.148749 1.847295 120 105 82
1.600000 1.803504 1.995729 120 105 82
1.200000 2.148749 1.847295 120 105 82
1.600000 1.803504 1.995729 120 105 82
1.200000 1.803504 1.995729 120 105 82
1.200000 1.803504 1.995729 120 105 81
1.600000 1.803504 1.995729 120 105 81
1.600000 1.437331 2.080250 120 105 81
1.200000 1.803504 1.995729 120 105 81
1.600000 1.437331 2.080250 120 105 81
1.200000 1.437331 2.080250 120 105 81
1.200000 1.437331 2.080250 120 105 82
1.600000 1.437331 2.080250 120 105 82
1.600000 1.061956 2.098154 120 105 82
1.200000 1.437331 2.080250 120 105 82
1.600000 1.061956 2.098154 120 105 82
1.200000 1.061956 2.098154 120 105 82
1.200000 1.061956 2.098154 119 105 81
1.600000 1.061956 2.098154 119 105 81
1.600000 0.689401 2.048865 119 105 81
1.200000 1.061956 2.098154 119 105 81
1.600000 0.689401 2.048865 119 105 81
1.200000 0.689401 2.048865 119 105 81
1.200000 0.689401 2.048865 119 105 81
1.600000 0.689401 2.048865 119 105 81
1.600000 0.331596 1.933964 119 105 81
1.200000 0.689401 2.048865 119 105 81
1.600000 0.331596 1.933964 119 105 81
1.200000 0.331596 1.933964 119 105 81
1.200000 0.331596 1.933964 120 105 82
1.600000 0.331596 1.933964 120 105 82
1.600000 0.000000 1.757128 120 105 82
1.200000 0.331596 1.933964 120 105 82
1.600000 0.000000 1.757128 120 105 82
1.200000 0.000000 1.757128 120 105 82
1.600000 0.000000 -1.757128 121 106 82
2.000000 0.000000 -1.757128 121 106 82
2.000000 0.331596 -1.933964 121 106 82
1.600000 0.000000 -1.757128 121 106 82
2.000000 0.331596 -1.933964 121 106 82
1.600000 0.331596 -1.933964 121 106 82
1.600000 0.331596 -1.933964 119 105 81
2.000000 0.331596 -1.933964 119 105 81
2.000000 0.689401 -2.048865 119 105 81
1.600000 0.331596 -1.933964 119 105 81
2.000000 0.689401 -2.048865 119 105 81
1.600000 0.689401 -2.048865 119 105 81
1.600000 0.689401 -2.048865 119 104 81
2.000000 0.689401 -2.048865 119 104 81
2.000000 1.054738 -2.097838 119 104 81
1.600000 0.689401 -2.048865 119 104 81
2.000000 1.054738 -2.097838 119 104 81
1.600000 1.054738 -2.097838 119 104 81
1.600000 1.054738 -2.097838 120 106 82
2.000000 1.054738 -2.097838 120 106 82
2.000000 1.437331 -2.080250 120 106 82
1.600000 1.054738 -2.097838 120 106 82
2.000000 1.437331 -2.080250 120 106 82
1.600000 1.437331 -2.080250 120 106 82
1.600000 1.437331 -2.080250 120 106 82
2.000000 1.437331 -2.080250 120 106 82
2.000000 1.803504 -1.995729 120 106 82
1.600000 1.437331 -2.080250 120 106 82
2.000000 1.803504 -1.995729 120 106 82
1.600000 1.803504 -1.995729 120 106 82
1.600000 1.803504 -1.995729 120 105 82
2.000000 1.803504 -1.995729 120 105 82
2.000000 2.293742 -1.761208 120 105 82
1.600000 1.803504 -1.995729 120 105 82
2.000000 2.293742 -1.761208 120 105 82
1.600000 2.293742 -1.761208 120 105 82
1.600000 2.293742 -1.761208 120 105 81
2.000000 2.293742 -1.761208 120 105 81
2.000000 2.462010 -1.639704 120 105 81
1.600000 2.293742 -1.761208 120 105 81
2.000000 2.462010 -1.639704 120 105 81
1.600000 2.462010 -1.639704 120 105 81
1.600000 2.462010 -1.639704 120 106 82
2.000000 2.462010 -1.639704 120 106 82
2.000000 2.733255 -1.379602 120 106 82
1.600000 2.462010 -1.639704 120 106 82
2.000000 2.733255 -1.379602 120 106 82
1.600000 2.733255 -1.379602 120 106 82
1.600000 2.733255 -1.379602 164 147 119
2.000000 2.733255 -1.379602 164 147 119
2.000000 2.953798 -1.075320 164 147 119
1.600000 2.733255 -1.379602 164 147 119
2.000000 2.953798 -1.075320 164 147 119
1.600000 2.953798 -1.075320 164 147 119
1.600000 2.953798 -1.075320 165 148 119
2.000000 2.953798 -1.075320 165 148 119
2.000000 3.116575 -0.736602 165 148 119
1.600000 2.953798 -1.075320 165 148 119
2.000000 3.116575 -0.736602 165 148 119
1.600000 3.116575 -0.736602 165 148 119
1.600000 3.116575 -0.736602 165 148 119
2.000000 3.116575 -0.736602 165 148 119
2.000000 3.216375 -0.374294 165 148 119
1.600000 3.116575 -0.736602 165 148 119
2.000000 3.216375 -0.374294 165 148 119
1.600000 3.216375 -0.374294 165 148 119
1.600000 3.216375 -0.374294 162 145 117
2.000000 3.216375 -0.374294 162 145 117
2.000000 3.250000 0.000000 162 145 117
1.600000 3.216375 -0.374294 162 145 117
2.000000 3.250000 0.000000 162 145 117
1.600000 3.250000 0.000000 162 145 117
1.600000 3.250000 0.000000 162 146 117
2.000000 3.250000 0.000000 162 146 117
2.000000 3.216375 0.374294 162 146 117
1.600000 3.250000 0.000000 162 146 117
2.000000 3.216375 0.374294 162 146 117
1.600000 3.216375 0.374294 162 146 117
1.600000 3.216375 0.374294 164 147 119
2.000000 3.216375 0.374294 164 147 119
2.000000 3.116575 0.736602 164 147 119
1.600000 3.216375 0.374294 164 147 119
2.000000 3.116575 0.736602 164 147 119
1.600000 3.116575 0.736602 164 147 119
1.600000 3.116575 0.736602 164 148 119
2.000000 3.116575 0.736602 164 148 119
2.000000 2.953798 1.075320 164 148 119
1.600000 3.116575 0.736602 164 148 119
2.000000 2.953798 1.075320 164 148 119
1.600000 2.953798 1.075320 164 148 119
1.600000 2.953798 1.075320 165 148 119
2.000000 2.953798 1.075320 165 148 119
2.000000 2.733255 1.379602 165 148 119
1.600000 2.953798 1.075320 165 148 119
2.000000 2.733255 1.379602 165 148 119
1.600000 2.733255 1.379602 165 148 119
1.600000 2.733255 1.379602 121 106 82
2.000000 2.733255 1.379602 121 106 82
2.000000 2.462010 1.639704 121 106 82
1.600000 2.733255 1.379602 121 106 82
2.000000 2.462010 1.639704 121 106 82
1.600000 2.462010 1.639704 121 106 82
1.600000 2.462010 1.639704 120 105 81
2.000000 2.462010 1.639704 120 105 81
2.000000 2.148749 1.847295 120 105 81
1.600000 2.462010 1.639704 120 105 81
2.000000 2.148749 1.847295 120 105 81
1.600000 2.148749 1.847295 120 105 81
1.600000 2.148749 1.847295 120 106 82
2.000000 2.148749 1.847295 120 106 82
2.000000 1.803504 1.995729 120 106 82
1.600000 2.148749 1.847295 120 106 82
2.000000 1.803504 1.995729 120 106 82
1.600000 1.803504 1.995729 120 106 82
1.600000 1.803504 1.995729 120 106 82
2.000000 1.803504 1.995729 120 106 82
2.000000 1.437331 2.080250 120 106 82
1.600000 1.803504 1.995729 120 106 82
2.000000 1.437331 2.080250 120 106 82
1.600000 1.437331 2.080250 120 106 82
1.600000 1.437331 2.080250 119 104 81
2.000000 1.437331 2.080250 119 104 81
2.000000 1.061956 2.098154 119 104 81
1.600000 1.437331 2.080250 119 104 81
2.000000 1.061956 2.098154 119 104 81
1.600000 1.061956 2.098154 119 104 81
1.600000 1.061956 2.098154 119 105 81
2.000000 1.061956 2.098154 119 105 81
2.000000 0.689401 2.048865 119 105 81
1.600000 1.061956 2.098154 119 105 81
2.000000 0.689401 2.048865 119 105 81
1.600000 0.689401 2.048865 119 105 81
1.600000 0.689401 2.048865 119 105 81
2.000000 0.689401 2.048865 119 105 81
2.000000 0.331596 1.933964 119 105 81
1.600000 0.689401 2.048865 119 105 81
2.000000 0.331596 1.933964 119 105 81
1.600000 0.331596 1.933964 119 105 81
1.600000 0.331596 1.933964 119 104 80
2.000000 0.331596 1.933964 119 104 80
2.000000 0.000000 1.757128 119 104 80
1.600000 0.331596 1.933964 119 104 80
2.000000 0.000000 1.757128 119 104 80
1.600000 0.000000 1.757128 119 104 80
2.000000 0.000000 -1.757128 120 105 82
2.400000 0.000000 -1.757128 120 105 82
2.400000 0.331596 -1.933964 120 105 82
2.000000 0.000000 -1.757128 120 105 82
2.400000 0.331596 -1.933964 120 105 82
2.000000 0.331596 -1.933964 120 105 82
2.000000 0.331596 -1.933964 120 105 81
2.400000 0.331596 -1.933964 120 105 81
2.400000 0.689401 -2.048865 120 105 81
2.000000 0.331596 -1.933964 120 105 81
2.400000 0.689401 -2.048865 120 105 81
2.000000 0.689401 -2.048865 120 105 81
2.000000 0.689401 -2.048865 120 105 81
2.400000 0.689401 -2.048865 120 105 81
2.400000 1.054738 -2.097838 120 105 81
2.000000 0.689401 -2.048865 120 105 81
2.400000 1.054738 -2.097838 120 105 81
2.000000 1.054738 -2.097838 120 105 81
2.000000 1.054738 -2.097838 119 105 81
2.400000 1.054738 -2.097838 119 105 81
2.400000 1.437331 -2.080250 119 105 81
2.000000 1.054738 -2.097838 119 105 81
2.400000 1.437331 -2.080250 119 105 81
2.000000 1.437331 -2.080250 119 105 81
2.000000 1.437331 -2.080250 120 105 81
2.400000 1.437331 -2.080250 120 105 81
2.400000 1.803504 -1.995729 120 105 81
2.000000 1.437331 -2.080250 120 105 81
2.400000 1.803504 -1.995729 120 105 81
2.000000 1.803504 -1.995729 120 105 81
2.000000 1.803504 -1.995729 119 105 81
2.400000 1.803504 -1.995729 119 105 81
2.400000 2.293742 -1.761208 119 105 81
2.000000 1.803504 -1.995729 119 105 81
2.400000 2.293742 -1.761208 119 105 81
2.000000 2.293742 -1.761208 119 105 81
2.000000 2.293742 -1.761208 119 105 81
2.400000 2.293742 -1.761208 119 105 81
2.400000 2.462010 -1.639704 119 105 81
2.000000 2.293742 -1.761208 119 105 81
2.400000 2.462010 -1.639704 119 105 81
2.000000 2.462010 -1.639704 119 105 81
2.000000 2.462010 -1.639704 120 105 82
2.400000 2.462010 -1.639704 120 105 82
2.400000 2.733255 -1.379602 120 105 82
2.000000 2.462010 -1.639704 120 105 82
2.400000 2.733255 -1.379602 120 105 82
2.000000 2.733255 -1.379602 120 105 82
2.000000 2.733255 -1.379602 164 147 119
2.400000 2.733255 -1.379602 164 147 119
2.400000 2.953798 -1.075320 164 147 119
2.000000 2.733255 -1.379602 164 147 119
2.400000 2.953798 -1.075320 164 147 119
2.000000 2.953798 -1.075320 164 147 119
2.000000 2.953798 -1.075320 165 148 119
2.400000 2.953798 -1.075320 165 148 119
2.400000 3.116575 -0.736602 165 148 119
2.000000 2.953798 -1.075320 165 148 119
2.400000 3.116575 -0.736602 165 148 119
2.000000 3.116575 -0.736602 165 148 119
2.000000 3.116575 -0.736602 165 148 119
2.400000 3.116575 -0.736602 165 148 119
2.400000 3.216375 -0.374294 165 148 119
2.000000 3.116575 -0.736602 165 148 119
2.400000 3.216375 -0.374294 165 148 119
2.000000 3.216375 -0.374294 165 148 119
2.000000 3.216375 -0.374294 163 147 118
2.400000 3.216375 -0.374294 163 147 118
2.400000 3.250000 0.000000 163 147 118
2.000000 3.216375 -0.374294 163 147 118
2.400000 3.250000 0.000000 163 147 118
2.000000 3.250000 0.000000 163 147 118
2.000000 3.250000 0.000000 163 146 118
2.400000 3.250000 0.000000 163 146 118
2.400000 3.216375 0.374294 163 146 118
2.000000 3.250000 0.000000 163 146 118
2.400000 3.216375 0.374294 163 146 118
2.000000 3.216375 0.374294 163 146 118
2.000000 3.216375 0.374294 163 147 118
2.400000 3.216375 0.374294 163 147 118
2.400000 3.116575 0.736602 163 147 118
2.000000 3.216375 0.374294 163 147 118
2.400000 3.116575 0.736602 163 147 118
2.000000 3.116575 0.736602 163 147 118
2.000000 3.116575 0.736602 162 146 117
2.400000 3.116575 0.736602 162 146 117
2.400000 2.953798 1.075320 162 146 117
2.000000 3.116575 0.736602 162 146 117
2.400000 2.953798 1.075320 162 146 117
2.000000 2.953798 1.075320 162 146 117
2.000000 2.953798 1.075320 164 148 119
2.400000 2.953798 1.075320 164 148 119
2.400000 2.733255 1.379602 164 148 119
2.000000 2.953798 1.075320 164 148 119
2.400000 2.733255 1.379602 164 148 119
2.000000 2.733255 1.379602 164 148 119
2.000000 2.733255 1.379602 120 105 82
2.400000 2.733255 1.379602 120 105 82
2.400000 2.462010 1.639704 120 105 82
2.000000 2.733255 1.379602 120 105 82
2.400000 2.462010 1.639704 120 105 82
2.000000 2.462010 1.639704 120 105 82
2.000000 2.462010 1.639704 119 105 81
2.400000 2.462010 1.639704 119 105 81
2.400000 2.148749 1.847295 119 105 81
2.000000 2.462010 1.639704 119 105 81
2.400000 2.148749 1.847295 119 105 81
2.000000 2.148749 1.847295 119 105 81
2.000000 2.148749 1.847295 120 106 82
2.400000 2.148749 1.847295 120 106 82
2.400000 1.803504 1.995729 120 106 82
2.000000 2.148749 1.847295 120 106 82
2.400000 1.803504 1.995729 120 106 82
2.000000 1.803504 1.995729 120 106 82
2.000000 1.803504 1.995729 120 106 82
2.400000 1.803504 1.995729 120 106 82
2.400000 1.437331 2.080250 120 106 82
2.000000 1.803504 1.995729 120 106 82
2.400000 1.437331 2.080250 120 106 82
2.000000 1.437331 2.080250 120 106 82
2.000000 1.437331 2.080250 118 104 80
2.400000 1.437331 2.080250 118 104 80
2.400000 1.061956 2.098154 118 104 80
2.000000 1.437331 2.080250 118 104 80
2.400000 1.061956 2.098154 118 104 80
2.000000 1.061956 2.098154 118 104 80
2.000000 1.061956 2.098154 119 104 81
2.400000 1.061956 2.098154 119 104 81
2.400000 0.689401 2.048865 119 104 81
2.000000 1.061956 2.098154 119 104 81
2.400000 0.689401 2.048865 119 104 81
2.000000 0.689401 2.048865 119 104 81
2.000000 0.689401 2.048865 119 105 81
2.400000 0.689401 2.048865 119 105 81
2.400000 0.331596 1.933964 119 105 81
2.000000 0.689401 2.048865 119 105 81
2.400000 0.331596 1.933964 119 105 81
2.000000 0.331596 1.933964 119 105 81
2.000000 0.331596 1.933964 119 104 80
2.400000 0.331596 1.933964 119 104 80
2.400000 0.000000 1.757128 119 104 80
2.000000 0.331596 1.933964 119 104 80
2.400000 0.000000 1.757128 119 104 80
2.000000 0.000000 1.757128 119 104 80
2.400000 0.000000 -1.757128 118 104 80
2.800000 0.000000 -1.757128 118 104 80
2.800000 0.331596 -1.933964 118 104 80
2.400000 0.000000 -1.757128 118 104 80
2.800000 0.331596 -1.933964 118 104 80
2.400000 0.331596 -1.933964 118 104 80
2.400000 0.331596 -1.933964 120 106 82
2.800000 0.331596 -1.933964 120 106 82
2.800000 0.689401 -2.048865 120 106 82
2.400000 0.331596 -1.933964 120 106 82
2.800000 0.689401 -2.048865 120 106 82
2.400000 0.689401 -2.048865 120 106 82
2.400000 0.689401 -2.048865 120 106 82
2.800000 0.689401 -2.048865 120 106 82
2.800000 1.054738 -2.097838 120 106 82
2.400000 0.689401 -2.048865 120 106 82
2.800000 1.054738 -2.097838 120 106 82
2.400000 1.054738 -2.097838 120 106 82
2.400000 1.054738 -2.097838 120 105 82
2.800000 1.054738 -2.097838 120 105 82
2.800000 1.437331 -2.080250 120 105 82
2.400000 1.054738 -2.097838 120 105 82
2.800000 1.437331 -2.080250 120 105 82
2.400000 1.437331 -2.080250 120 105 82
2.400000 1.437331 -2.080250 119 105 81
2.800000 1.437331 -2.080250 119 105 81
2.800000 1.803504 -1.995729 119 105 81
2.400000 1.437331 -2.080250 119 105 81
2.800000 1.803504 -1.995729 119 105 81
2.400000 1.803504 -1.995729 119 105 81
2.400000 1.803504 -1.995729 119 105 81
2.800000 1.803504 -1.995729 119 105 81
2.800000 2.293742 -1.761208 119 105 81
2.400000 1.803504 -1.995729 119 105 81
2.800000 2.293742 -1.761208 119 105 81
2.400000 2.293742 -1.761208 119 105 81
2.400000 2.293742 -1.761208 119 105 81
2.800000 2.293742 -1.761208 119 105 81
2.800000 2.462010 -1.639704 119 105 81
2.400000 2.293742 -1.761208 119 105 81
2.800000 2.462010 -1.639704 119 105 81
2.400000 2.462010 -1.639704 119 105 81
2.400000 2.462010 -1.639704 120 105 82
2.800000 2.462010 -1.639704 120 105 82
2.800000 2.733255 -1.379602 120 105 82
2.400000 2.462010 -1.639704 120 105 82
2.800000 2.733255 -1.379602 120 105 82
2.400000 2.733255 -1.379602 120 105 82
2.400000 2.733255 -1.379602 164 147 119
2.800000 2.733255 -1.379602 164 147 119
2.800000 2.953798 -1.075320 164 147 119
2.400000 2.733255 -1.379602 164 147 119
2.800000 2.953798 -1.075320 164 147 119
2.400000 2.953798 -1.075320 164 147 119
2.400000 2.953798 -1.075320 166 149 120
2.800000 2.953798 -1.075320 166 149 120
2.800000 3.116575 -0.736602 166 149 120
2.400000 2.953798 -1.075320 166 149 120
2.800000 3.116575 -0.736602 166 149 120
2.400000 3.116575 -0.736602 166 149 120
2.400000 3.116575 -0.736602 164 147 118
2.800000 3.116575 -0.736602 164 147 118
2.800000 3.216375 -0.374294 164 147 118
2.400000 3.116575 -0.736602 164 147 118
2.800000 3.216375 -0.374294 164 147 118
2.400000 3.216375 -0.374294 164 147 118
2.400000 3.216375 -0.374294 163 146 118
2.800000 3.216375 -0.374294 163 146 118
2.800000 3.250000 0.000000 163 146 118
2.400000 3.216375 -0.374294 163 146 118
2.800000 3.250000 0.000000 163 146 118
2.400000 3.250000 0.000000 163 146 118
2.400000 3.250000 0.000000 163 147 118
2.800000 3.250000 0.000000 163 147 118
2.800000 3.216375 0.374294 163 147 118
2.400000 3.250000 0.000000 163 147 118
2.800000 3.216375 0.374294 163 147 118
2.400000 3.216375 0.374294 163 147 118
2.400000 3.216375 0.374294 162 145 117
2.800000 3.216375 0.374294 162 145 117
2.800000 3.116575 0.736602 162 145 117
2.400000 3.216375 0.374294 162 145 117
2.800000 3.116575 0.736602 162 145 117
2.400000 3.116575 0.736602 162 145 117
2.400000 3.116575 0.736602 161 145 116
2.800000 3.116575 0.736602 161 145 116
2.800000 2.953798 1.075320 161 145 116
2.400000 3.116575 0.736602 161 145 116
2.800000 2.953798 1.075320 161 145 116
2.400000 2.953798 1.075320 161 145 116
2.400000 2.953798 1.075320 163 147 118
2.800000 2.953798 1.075320 163 147 118
2.800000 2.733255 1.379602 163 147 118
2.400000 2.953798 1.075320 163 147 118
2.800000 2.733255 1.379602 163 147 118
2.400000 2.733255 1.379602 163 147 118
2.400000 2.733255 1.379602 120 105 81
2.800000 2.733255 1.379602 120 105 81
2.800000 2.462010 1.639704 120 105 81
2.400000 2.733255 1.379602 120 105 81
2.800000 2.462010 1.639704 120 105 81
2.400000 2.462010 1.639704 120 105 81
2.400000 2.462010 1.639704 119 104 81
2.800000 2.462010 1.639704 119 104 81
2.800000 2.148749 1.847295 119 104 81
2.400000 2.462010 1.639704 119 104 81
2.800000 2.148749 1.847295 119 104 81
2.400000 2.148749 1.847295 119 104 81
2.400000 2.148749 1.847295 120 106 82
2.800000 2.148749 1.847295 120 106 82
2.800000 1.803504 1.995729 120 106 82
2.400000 2.148749 1.847295 120 106 82
2.800000 1.803504 1.995729 120 106 82
2.400000 1.803504 1.995729 120 106 82
2.400000 1.803504 1.995729 120 105 81
2.800000 1.803504 1.995729 120 105 81
2.800000 1.437331 2.080250 120 105 81
2.400000 1.803504 1.995729 120 105 81
2.800000 1.437331 2.080250 120 105 81
2.400000 1.437331 2.080250 120 105 81
2.400000 1.437331 2.080250 119 104 80
2.800000 1.437331 2.080250 119 104 80
2.800000 1.061956 2.098154 119 104 80
2.400000 1.437331 2.080250 119 104 80
2.800000 1.061956 2.098154 119 104 80
2.400000 1.061956 2.098154 119 104 80
2.400000 1.061956 2.098154 119 105 81
2.800000 1.061956 2.098154 119 105 81
2.800000 0.689401 2.048865 119 105 81
2.400000 1.061956 2.098154 119 105 81
2.800000 0.689401 2.048865 119 105 81
2.400000 0.689401 2.048865 119 105 81
2.400000 0.689401 2.048865 119 104 80
2.800000 0.689401 2.048865 119 104 80
2.800000 0.331596 1.933964 119 104 80
2.400000 0.689401 2.048865 119 104 80
2.800000 0.331596 1.933964 119 104 80
2.400000 0.331596 1.933964 119 104 80
2.400000 0.331596 1.933964 119 105 81
2.800000 0.331596 1.933964 119 105 81
2.800000 0.000000 1.757128 119 105 81
2.400000 0.331596 1.933964 119 105 81
2.800000 0.000000 1.757128 119 105 81
2.400000 0.000000 1.757128 119 105 81
2.800000 0.000000 -1.757128 119 104 80
3.200000 0.000000 -1.757128 119 104 80
3.200000 0.331596 -1.933964 119 104 80
2.800000 0.000000 -1.757128 119 104 80
3.200000 0.331596 -1.933964 119 104 80
2.800000 0.331596 -1.933964 119 104 80
2.800000 0.331596 -1.933964 119 104 81
3.200000 0.331596 -1.933964 119 104 81
3.200000 0.689401 -2.048865 119 104 81
2.800000 0.331596 -1.933964 119 104 81
3.200000 0.689401 -2.048865 119 104 81
2.800000 0.689401 -2.048865 119 104 81
2.800000 0.689401 -2.048865 119 105 81
3.200000 0.689401 -2.048865 119 105 81
3.200000 1.054738 -2.097838 119 105 81
2.800000 0.689401 -2.048865 119 105 81
3.200000 1.054738 -2.097838 119 105 81
2.800000 1.054738 -2.097838 119 105 81
2.800000 1.054738 -2.097838 120 105 82
3.200000 1.054738 -2.097838 120 105 82
3.200000 1.437331 -2.080250 120 105 82
2.800000 1.054738 -2.097838 120 105 82
3.200000 1.437331 -2.080250 120 105 82
2.800000 1.437331 -2.080250 120 105 82
2.800000 1.437331 -2.080250 120 106 82
3.200000 1.437331 -2.080250 120 106 82
3.200000 1.803504 -1.995729 120 106 82
2.800000 1.437331 -2.080250 120 106 82
3.200000 1.803504 -1.995729 120 106 82
2.800000 1.803504 -1.995729 120 106 82
2.800000 1.803504 -1.995729 120 105 81
3.200000 1.803504 -1.995729 120 105 81
3.200000 2.293742 -1.761208 120 105 81
2.800000 1.803504 -1.995729 120 105 81
3.200000 2.293742 -1.761208 120 105 81
2.800000 2.293742 -1.761208 120 105 81
2.800000 2.293742 -1.761208 120 105 82
3.200000 2.293742 -1.761208 120 105 82
3.200000 2.462010 -1.639704 120 105 82
2.800000 2.293742 -1.761208 120 105 82
3.200000 2.462010 -1.639704 120 105 82
2.800000 2.462010 -1.639704 120 105 82
2.800000 2.462010 -1.639704 121 106 82
3.200000 2.462010 -1.639704 121 106 82
3.200000 2.733255 -1.379602 121 106 82
2.800000 2.462010 -1.639704 121 106 82
3.200000 2.733255 -1.379602 121 106 82
2.800000 2.733255 -1.379602 121 106 82
2.800000 2.733255 -1.379602 163 146 118
3.200000 2.733255 -1.379602 163 146 118
3.200000 2.953798 -1.075320 163 146 118
2.800000 2.733255 -1.379602 163 146 118
3.200000 2.953798 -1.075320 163 146 118
2.800000 2.953798 -1.075320 163 146 118
2.800000 2.953798 -1.075320 164 147 118
3.200000 2.953798 -1.075320 164 147 118
3.200000 3.116575 -0.736602 164 147 118
2.800000 2.953798 -1.075320 164 147 118
3.200000 3.116575 -0.736602 164 147 118
2.800000 3.116575 -0.736602 164 147 118
2.800000 3.116575 -0.736602 163 146 118
3.200000 3.116575 -0.736602 163 146 118
3.200000 3.216375 -0.374294 163 146 118
2.800000 3.116575 -0.736602 163 146 118
3.200000 3.216375 -0.374294 163 146 118
2.800000 3.216375 -0.374294 163 146 118
2.800000 3.216375 -0.374294 164 147 118
3.200000 3.216375 -0.374294 164 147 118
3.200000 3.250000 0.000000 164 147 118
2.800000 3.216375 -0.374294 164 147 118
3.200000 3.250000 0.000000 164 147 118
2.800000 3.250000 0.000000 164 147 118
2.800000 3.250000 0.000000 164 147 118
3.200000 3.250000 0.000000 164 147 118
3.200000 3.216375 0.374294 164 147 118
2.800000 3.250000 0.000000 164 147 118
3.200000 3.216375 0.374294 164 147 118
2.800000 3.216375 0.374294 164 147 118
2.800000 3.216375 0.374294 165 148 119
3.200000 3.216375 0.374294 165 148 119
3.200000 3.116575 0.736602 165 148 119
2.800000 3.216375 0.374294 165 148 119
3.200000 3.116575 0.736602 165 148 119
2.800000 3.116575 0.736602 165 148 119
2.800000 3.116575 0.736602 163 147 118
3.200000 3.116575 0.736602 163 147 118
3.200000 2.953798 1.075320 163 147 118
2.800000 3.116575 0.736602 163 147 118
3.200000 2.953798 1.075320 163 147 118
2.800000 2.953798 1.075320 163 147 118
2.800000 2.953798 1.075320 161 145 117
3.200000 2.953798 1.075320 161 145 117
3.200000 2.733255 1.379602 161 145 117
2.800000 2.953798 1.075320 161 145 117
3.200000 2.733255 1.379602 161 145 117
2.800000 2.733255 1.379602 161 145 117
2.800000 2.733255 1.379602 119 105 81
3.200000 2.733255 1.379602 119 105 81
3.200000 2.462010 1.639704 119 105 81
2.800000 2.733255 1.379602 119 105 81
3.200000 2.462010 1.639704 119 105 81
2.800000 2.462010 1.639704 119 105 81
2.800000 2.462010 1.639704 119 105 81
3.200000 2.462010 1.639704 119 105 81
3.200000 2.148749 1.847295 119 105 81
2.800000 2.462010 1.639704 119 105 81
3.200000 2.148749 1.847295 119 105 81
2.800000 2.148749 1.847295 119 105 81
2.800000 2.148749 1.847295 120 106 82
3.200000 2.148749 1.847295 120 106 82
3.200000 1.803504 1.995729 120 106 82
2.800000 2.148749 1.847295 120 106 82
3.200000 1.803504 1.995729 120 106 82
2.800000 1.803504 1.995729 120 106 82
2.800000 1.803504 1.995729 120 105 81
3.200000 1.803504 1.995729 120 105 81
3.200000 1.437331 2.080250 120 105 81
2.800000 1.803504 1.995729 120 105 81
3.200000 1.437331 2.080250 120 105 81
2.800000 1.437331 2.080250 120 105 81
2.800000 1.437331 2.080250 119 105 81
3.200000 1.437331 2.080250 119 105 81
3.200000 1.061956 2.098154 119 105 81
2.800000 1.437331 2.080250 119 105 81
3.200000 1.061956 2.098154 119 105 81
2.800000 1.061956 2.098154 119 105 81
2.800000 1.061956 2.098154 119 104 81
3.200000 1.061956 2.098154 119 104 81
3.200000 0.689401 2.048865 119 104 81
2.800000 1.061956 2.098154 119 104 81
3.200000 0.689401 2.048865 119 104 81
2.800000 0.689401 2.048865 119 104 81
2.800000 0.689401 2.048865 119 105 81
3.200000 0.689401 2.048865 119 105 81
3.200000 0.331596 1.933964 119 105 81
2.800000 0.689401 2.048865 119 105 81
3.200000 0.331596 1.933964 119 105 81
2.800000 0.331596 1.933964 119 105 81
2.800000 0.331596 1.933964 120 105 82
3.200000 0.331596 1.933964 120 105 82
3.200000 0.000000 1.757128 120 105 82
2.800000 0.331596 1.933964 120 105 82
3.200000 0.000000 1.757128 120 105 82
2.800000 0.000000 1.757128 120 105 82
-3.225000 -0.006000 -1.782128 163 147 118
-3.225000 -0.006000 -0.891064 163 147 118
-2.418750 -0.006000 -0.891064 163 147 118
-3.225000 -0.006000 -1.782128 163 147 118
-2.418750 -0.006000 -0.891064 163 147 118
-2.418750 -0.006000 -1.782128 163 147 118
-3.225000 -0.006000 -0.891064 163 146 118
-3.225000 -0.006000 0.000000 163 146 118
-2.418750 -0.006000 0.000000 163 146 118
-3.225000 -0.006000 -0.891064 163 146 118
-2.418750 -0.006000 0.000000 163 146 118
-2.418750 -0.006000 -0.891064 163 146 118
-3.225000 -0.006000 0.000000 163 146 118
-3.225000 -0.006000 0.891064 163 146 118
-2.418750 -0.006000 0.891064 163 146 118
-3.225000 -0.006000 0.000000 163 146 118
-2.418750 -0.006000 0.891064 163 146 118
-2.418750 -0.006000 0.000000 163 146 118
-3.225000 -0.006000 0.891064 162 146 117
-3.225000 -0.006000 1.782128 162 146 117
-2.418750 -0.006000 1.782128 162 146 117
-3.225000 -0.006000 0.891064 162 146 117
-2.418750 -0.006000 1.782128 162 146 117
-2.418750 -0.006000 0.891064 162 146 117
-2.418750 -0.006000 -1.782128 163 147 118
-2.418750 -0.006000 -0.891064 163 147 118
-1.612500 -0.006000 -0.891064 163 147 118
-2.418750 -0.006000 -1.782128 163 147 118
-1.612500 -0.006000 -0.891064 163 147 118
-1.612500 -0.006000 -1.782128 163 147 118
-2.418750 -0.006000 -0.891064 163 147 118
-2.418750 -0.006000 0.000000 163 147 118
-1.612500 -0.006000 0.000000 163 147 118
-2.418750 -0.006000 -0.891064 163 147 118
-1.612500 -0.006000 0.000000 163 147 118
-1.612500 -0.006000 -0.891064 163 147 118
-2.418750 -0.006000 0.000000 164 147 118
-2.418750 -0.006000 0.891064 164 147 118
-1.612500 -0.006000 0.891064 164 147 118
-2.418750 -0.006000 0.000000 164 147 118
-1.612500 -0.006000 0.891064 164 147 118
-1.612500 -0.006000 0.000000 164 147 118
-2.418750 -0.006000 0.891064 162 146 117
-2.418750 -0.006000 1.782128 162 146 117
-1.612500 -0.006000 1.782128 162 146 117
-2.418750 -0.006000 0.891064 162 146 117
-1.612500 -0.006000 1.782128 162 146 117
-1.612500 -0.006000 0.891064 162 146 117
-1.612500 -0.006000 -1.782128 163 146 117
-1.612500 -0.006000 -0.891064 163 146 117
-0.806250 -0.006000 -0.891064 163 146 117
-1.612500 -0.006000 -1.782128 163 146 117
-0.806250 -0.006000 -0.891064 163 146 117
-0.806250 -0.006000 -1.782128 163 146 117
-1.612500 -0.006000 -0.891064 163 147 118
-1.612500 -0.006000 0.000000 163 147 118
-0.806250 -0.006000 0.000000 163 147 118
-1.612500 -0.006000 -0.891064 163 147 118
-0.806250 -0.006000 0.000000 163 147 118
-0.806250 -0.006000 -0.891064 163 147 118
-1.612500 -0.006000 0.000000 162 146 117
-1.612500 -0.006000 0.891064 162 146 117
-0.806250 -0.006000 0.891064 162 146 117
-1.612500 -0.006000 0.000000 162 146 117
-0.806250 -0.006000 0.891064 162 146 117
-0.806250 -0.006000 0.000000 162 146 117
-1.612500 -0.006000 0.891064 162 146 117
-1.612500 -0.006000 1.782128 162 146 117
-0.806250 -0.006000 1.782128 162 146 117
-1.612500 -0.006000 0.891064 162 146 117
-0.806250 -0.006000 1.782128 162 146 117
-0.806250 -0.006000 0.891064 162 146 117
-0.806250 -0.006000 -1.782128 164 147 118
-0.806250 -0.006000 -0.891064 164 147 118
0.000000 -0.006000 -0.891064 164 147 118
-0.806250 -0.006000 -1.782128 164 147 118
0.000000 -0.006000 -0.891064 164 147 118
0.000000 -0.006000 -1.782128 164 147 118
-0.806250 -0.006000 -0.891064 163 147 118
-0.806250 -0.006000 0.000000 163 147 118
0.000000 -0.006000 0.000000 163 147 118
-0.806250 -0.006000 -0.891064 163 147 118
0.000000 -0.006000 0.000000 163 147 118
0.000000 -0.006000 -0.891064 163 147 118
-0.806250 -0.006000 0.000000 163 147 118
-0.806250 -0.006000 0.891064 163 147 118
0.000000 -0.006000 0.891064 163 147 118
-0.806250 -0.006000 0.000000 163 147 118
0.000000 -0.006000 0.891064 163 147 118
0.000000 -0.006000 0.000000 163 147 118
-0.806250 -0.006000 0.891064 163 146 118
-0.806250 -0.006000 1.782128 163 146 118
0.000000 -0.006000 1.782128 163 146 118
-0.806250 -0.006000 0.891064 163 146 118
0.000000 -0.006000 1.782128 163 146 118
0.000000 -0.006000 0.891064 163 146 118
0.000000 -0.006000 -1.782128 163 147 118
0.000000 -0.006000 -0.891064 163 147 118
0.806250 -0.006000 -0.891064 163 147 118
0.000000 -0.006000 -1.782128 163 147 118
0.806250 -0.006000 -0.891064 163 147 118
0.806250 -0.006000 -1.782128 163 147 118
0.000000 -0.006000 -0.891064 162 146 117
0.000000 -0.006000 0.000000 162 146 117
0.806250 -0.006000 0.000000 162 146 117
0.000000 -0.006000 -0.891064 162 146 117
0.806250 -0.006000 0.000000 162 146 117
0.806250 -0.006000 -0.891064 162 146 117
0.000000 -0.006000 0.000000 164 147 118
0.000000 -0.006000 0.891064 164 147 118
0.806250 -0.006000 0.891064 164 147 118
0.000000 -0.006000 0.000000 164 147 118
0.806250 -0.006000 0.891064 164 147 118
0.806250 -0.006000 0.000000 164 147 118
0.000000 -0.006000 0.891064 164 147 118
0.000000 -0.006000 1.782128 164 147 118
0.806250 -0.006000 1.782128 164 147 118
0.000000 -0.006000 0.891064 164 147 118
0.806250 -0.006000 1.782128 164 147 118
0.806250 -0.006000 0.891064 164 147 118
0.806250 -0.006000 -1.782128 164 148 119
0.806250 -0.006000 -0.891064 164 148 119
1.612500 -0.006000 -0.891064 164 148 119
0.806250 -0.006000 -1.782128 164 148 119
1.612500 -0.006000 -0.891064 164 148 119
1.612500 -0.006000 -1.782128 164 148 119
0.806250 -0.006000 -0.891064 162 146 117
0.806250 -0.006000 0.000000 162 146 117
1.612500 -0.006000 0.000000 162 146 117
0.806250 -0.006000 -0.891064 162 146 117
1.612500 -0.006000 0.000000 162 146 117
1.612500 -0.006000 -0.891064 162 146 117
0.806250 -0.006000 0.000000 163 146 118
0.806250 -0.006000 0.891064 163 146 118
1.612500 -0.006000 0.891064 163 146 118
0.806250 -0.006000 0.000000 163 146 118
1.612500 -0.006000 0.891064 163 146 118
1.612500 -0.006000 0.000000 163 146 118
0.806250 -0.006000 0.891064 164 147 118
0.806250 -0.006000 1.782128 164 147 118
1.612500 -0.006000 1.782128 164 147 118
0.806250 -0.006000 0.891064 164 147 118
1.612500 -0.006000 1.782128 164 147 118
1.612500 -0.006000 0.891064 164 147 118
1.612500 -0.006000 -1.782128 163 147 118
1.612500 -0.006000 -0.891064 163 147 118
2.418750 -0.006000 -0.891064 163 147 118
1.612500 -0.006000 -1.782128 163 147 118
2.418750 -0.006000 -0.891064 163 147 118
2.418750 -0.006000 -1.782128 163 147 118
1.612500 -0.006000 -0.891064 162 146 117
1.612500 -0.006000 0.000000 162 146 117
2.418750 -0.006000 0.000000 162 146 117
1.612500 -0.006000 -0.891064 162 146 117
2.418750 -0.006000 0.000000 162 146 117
2.418750 -0.006000 -0.891064 162 146 117
1.612500 -0.006000 0.000000 164 147 118
1.612500 -0.006000 0.891064 164 147 118
2.418750 -0.006000 0.891064 164 147 118
1.612500 -0.006000 0.000000 164 147 118
2.418750 -0.006000 0.891064 164 147 118
2.418750 -0.006000 0.000000 164 147 118
1.612500 -0.006000 0.891064 164 147 118
1.612500 -0.006000 1.782128 164 147 118
2.418750 -0.006000 1.782128 164 147 118
1.612500 -0.006000 0.891064 164 147 118
2.418750 -0.006000 1.782128 164 147 118
2.418750 -0.006000 0.891064 164 147 118
2.418750 -0.006000 -1.782128 163 147 118
2.418750 -0.006000 -0.891064 163 147 118
3.225000 -0.006000 -0.891064 163 147 118
2.418750 -0.006000 -1.782128 163 147 118
3.225000 -0.006000 -0.891064 163 147 118
3.225000 -0.006000 -1.782128 163 147 118
2.418750 -0.006000 -0.891064 164 147 118
2.418750 -0.006000 0.000000 164 147 118
3.225000 -0.006000 0.000000 164 147 118
2.418750 -0.006000 -0.891064 164 147 118
3.225000 -0.006000 0.000000 164 147 118
3.225000 -0.006000 -0.891064 164 147 118
2.418750 -0.006000 0.000000 162 146 117
2.418750 -0.006000 0.891064 162 146 117
3.225000 -0.006000 0.891064 162 146 117
2.418750 -0.006000 0.000000 162 146 117
3.225000 -0.006000 0.891064 162 146 117
3.225000 -0.006000 0.000000 162 146 117
2.418750 -0.006000 0.891064 164 147 119
2.418750 -0.006000 1.782128 164 147 119
3.225000 -0.006000 1.782128 164 147 119
2.418750 -0.006000 0.891064 164 147 119
3.225000 -0.006000 1.782128 164 147 119
3.225000 -0.006000 0.891064 164 147 119
-3.100000 0.000000 -1.757128 119 104 81
-3.100000 0.000000 -1.320846 119 104 81
-2.715500 -0.001150 -1.320846 119 104 81
-3.100000 0.000000 -1.757128 119 104 81
-2.715500 -0.001150 -1.320846 119 104 81
-2.715500 0.000000 -1.757128 119 104 81
-3.100000 0.000000 -1.314846 120 105 82
-3.100000 0.000000 -0.881564 120 105 82
-2.715500 -0.001276 -0.881564 120 105 82
-3.100000 0.000000 -1.314846 120 105 82
-2.715500 -0.001276 -0.881564 120 105 82
-2.715500 -0.001152 -1.314846 120 105 82
-3.100000 0.000000 -0.875564 120 105 81
-3.100000 0.000000 -0.442282 120 105 81
-2.715500 -0.001630 -0.442282 120 105 81
-3.100000 0.000000 -0.875564 120 105 81
-2.715500 -0.001630 -0.442282 120 105 81
-2.715500 -0.001261 -0.875564 120 105 81
-3.100000 0.000000 -0.436282 120 105 81
-3.100000 0.000000 -0.003000 120 105 81
-2.715500 0.001392 -0.003000 120 105 81
-3.100000 0.000000 -0.436282 120 105 81
-2.715500 0.001392 -0.003000 120 105 81
-2.715500 -0.001599 -0.436282 120 105 81
-3.100000 0.000000 0.003000 120 106 82
-3.100000 0.000000 0.436282 120 106 82
-2.715500 0.000372 0.436282 120 106 82
-3.100000 0.000000 0.003000 120 106 82
-2.715500 0.000372 0.436282 120 106 82
-2.715500 0.001392 0.003000 120 106 82
-3.100000 0.000000 0.442282 119 105 81
-3.100000 0.000000 0.875564 119 105 81
-2.715500 -0.002170 0.875564 119 105 81
-3.100000 0.000000 0.442282 119 105 81
-2.715500 -0.002170 0.875564 119 105 81
-2.715500 0.000211 0.442282 119 105 81
-3.100000 0.000000 0.881564 119 104 80
-3.100000 0.000000 1.314846 119 104 80
-2.715500 -0.001240 1.314846 119 104 80
-3.100000 0.000000 0.881564 119 104 80
-2.715500 -0.001240 1.314846 119 104 80
-2.715500 -0.002077 0.881564 119 104 80
-3.100000 0.000000 1.320846 120 105 82
-3.100000 0.000000 1.757128 120 105 82
-2.715500 0.000000 1.757128 120 105 82
-3.100000 0.000000 1.320846 120 105 82
-2.715500 0.000000 1.757128 120 105 82
-2.715500 -0.001246 1.320846 120 105 82
-2.709500 0.000000 -1.757128 119 104 81
-2.709500 -0.001139 -1.320846 119 104 81
-2.328000 -0.000964 -1.320846 119 104 81
-2.709500 0.000000 -1.757128 119 104 81
-2.328000 -0.000964 -1.320846 119 104 81
-2.328000 0.000000 -1.757128 119 104 81
-2.709500 -0.001141 -1.314846 119 104 81
-2.709500 -0.001285 -0.881564 119 104 81
-2.328000 -0.000334 -0.881564 119 104 81
-2.709500 -0.001141 -1.314846 119 104 81
-2.328000 -0.000334 -0.881564 119 104 81
-2.328000 -0.000965 -1.314846 119 104 81
-2.709500 -0.001270 -0.875564 119 105 81
-2.709500 -0.001621 -0.442282 119 105 81
-2.328000 -0.000608 -0.442282 119 105 81
-2.709500 -0.001270 -0.875564 119 105 81
-2.328000 -0.000608 -0.442282 119 105 81
-2.328000 -0.000334 -0.875564 119 105 81
-2.709500 -0.001590 -0.436282 120 105 81
-2.709500 0.001401 -0.003000 120 105 81
-2.328000 0.001548 -0.003000 120 105 81
-2.709500 -0.001590 -0.436282 120 105 81
-2.328000 0.001548 -0.003000 120 105 81
-2.328000 -0.000679 -0.436282 120 105 81
-2.709500 0.001401 0.003000 120 106 82
-2.709500 0.000386 0.436282 120 106 82
-2.328000 0.000481 0.436282 120 106 82
-2.709500 0.001401 0.003000 120 106 82
-2.328000 0.000481 0.436282 120 106 82
-2.328000 0.001548 0.003000 120 106 82
-2.709500 0.000228 0.442282 119 104 81
-2.709500 -0.002176 0.875564 119 104 81
-2.328000 0.000466 0.875564 119 104 81
-2.709500 0.000228 0.442282 119 104 81
-2.328000 0.000466 0.875564 119 104 81
-2.328000 0.000447 0.442282 119 104 81
-2.709500 -0.002085 0.881564 119 105 81
-2.709500 -0.001239 1.314846 119 105 81
-2.328000 -0.001377 1.314846 119 105 81
-2.709500 -0.002085 0.881564 119 105 81
-2.328000 -0.001377 1.314846 119 105 81
-2.328000 0.000467 0.881564 119 105 81
-2.709500 -0.001244 1.320846 120 105 82
-2.709500 0.000000 1.757128 120 105 82
-2.328000 0.000000 1.757128 120 105 82
-2.709500 -0.001244 1.320846 120 105 82
-2.328000 0.000000 1.757128 120 105 82
-2.328000 -0.001402 1.320846 120 105 82
-2.322000 0.000000 -1.757128 119 105 81
-2.322000 -0.000878 -1.320846 119 105 81
-1.940500 0.002104 -1.320846 119 105 81
-2.322000 0.000000 -1.757128 119 105 81
-1.940500 0.002104 -1.320846 119 105 81
-1.940500 0.000000 -1.757128 119 105 81
-2.322000 -0.000878 -1.314846 119 105 81
-2.322000 -0.000370 -0.881564 119 105 81
-1.940500 -0.000793 -0.881564 119 105 81
-2.322000 -0.000878 -1.314846 119 105 81
-1.940500 -0.000793 -0.881564 119 105 81
-1.940500 0.002108 -1.314846 119 105 81
-2.322000 -0.000367 -0.875564 120 105 81
-2.322000 -0.000615 -0.442282 120 105 81
-1.940500 -0.001651 -0.442282 120 105 81
-2.322000 -0.000367 -0.875564 120 105 81
-1.940500 -0.001651 -0.442282 120 105 81
-1.940500 -0.000786 -0.875564 120 105 81
-2.322000 -0.000689 -0.436282 120 105 81
-2.322000 0.001555 -0.003000 120 105 81
-1.940500 0.001482 -0.003000 120 105 81
-2.322000 -0.000689 -0.436282 120 105 81
-1.940500 0.001482 -0.003000 120 105 81
-1.940500 -0.001589 -0.436282 120 105 81
-2.322000 0.001555 0.003000 120 106 82
-2.322000 0.000560 0.436282 120 106 82
-1.940500 0.002263 0.436282 120 106 82
-2.322000 0.001555 0.003000 120 106 82
-1.940500 0.002263 0.436282 120 106 82
-1.940500 0.001482 0.003000 120 106 82
-2.322000 0.000530 0.442282 120 105 81
-2.322000 0.000496 0.875564 120 105 81
-1.940500 0.000290 0.875564 120 105 81
-2.322000 0.000530 0.442282 120 105 81
-1.940500 0.000290 0.875564 120 105 81
-1.940500 0.002258 0.442282 120 105 81
-2.322000 0.000499 0.881564 119 105 81
-2.322000 -0.001377 1.314846 119 105 81
-1.940500 -0.001609 1.314846 119 105 81
-2.322000 0.000499 0.881564 119 105 81
-1.940500 -0.001609 1.314846 119 105 81
-1.940500 0.000196 0.881564 119 105 81
-2.322000 -0.001404 1.320846 119 105 81
-2.322000 0.000000 1.757128 119 105 81
-1.940500 0.000000 1.757128 119 105 81
-2.322000 -0.001404 1.320846 119 105 81
-1.940500 0.000000 1.757128 119 105 81
-1.940500 -0.001601 1.320846 119 105 81
-1.934500 0.000000 -1.757128 119 105 81
-1.934500 0.002065 -1.320846 119 105 81
-1.553000 -0.002142 -1.320846 119 105 81
-1.934500 0.000000 -1.757128 119 105 81
-1.553000 -0.002142 -1.320846 119 105 81
-1.553000 0.000000 -1.757128 119 105 81
-1.934500 0.002069 -1.314846 120 105 82
-1.934500 -0.000788 -0.881564 120 105 82
-1.553000 -0.000686 -0.881564 120 105 82
-1.934500 0.002069 -1.314846 120 105 82
-1.553000 -0.000686 -0.881564 120 105 82
-1.553000 -0.002133 -1.314846 120 105 82
-1.934500 -0.000780 -0.875564 119 105 81
-1.934500 -0.001622 -0.442282 119 105 81
-1.553000 0.001514 -0.442282 119 105 81
-1.934500 -0.000780 -0.875564 119 105 81
-1.553000 0.001514 -0.442282 119 105 81
-1.553000 -0.000587 -0.875564 119 105 81
-1.934500 -0.001560 -0.436282 120 105 81
-1.934500 0.001488 -0.003000 120 105 81
-1.553000 0.001351 -0.003000 120 105 81
-1.934500 -0.001560 -0.436282 120 105 81
-1.553000 0.001351 -0.003000 120 105 81
-1.553000 0.001532 -0.436282 120 105 81
-1.934500 0.001488 0.003000 121 106 82
-1.934500 0.002231 0.436282 121 106 82
-1.553000 -0.001009 0.436282 121 106 82
-1.934500 0.001488 0.003000 121 106 82
-1.553000 -0.001009 0.436282 121 106 82
-1.553000 0.001351 0.003000 121 106 82
-1.934500 0.002226 0.442282 120 106 82
-1.934500 0.000261 0.875564 120 106 82
-1.553000 -0.002785 0.875564 120 106 82
-1.934500 0.002226 0.442282 120 106 82
-1.553000 -0.002785 0.875564 120 106 82
-1.553000 -0.001041 0.442282 120 106 82
-1.934500 0.000167 0.881564 119 104 81
-1.934500 -0.001611 1.314846 119 104 81
-1.553000 -0.001624 1.314846 119 104 81
-1.934500 0.000167 0.881564 119 104 81
-1.553000 -0.001624 1.314846 119 104 81
-1.553000 -0.002910 0.881564 119 104 81
-1.934500 -0.001604 1.320846 119 105 81
-1.934500 0.000000 1.757128 119 105 81
-1.553000 0.000000 1.757128 119 105 81
-1.934500 -0.001604 1.320846 119 105 81
-1.553000 0.000000 1.757128 119 105 81
-1.553000 -0.001618 1.320846 119 105 81
-1.547000 0.000000 -1.757128 120 105 81
-1.547000 -0.002163 -1.320846 120 105 81
-1.165500 -0.000952 -1.320846 120 105 81
-1.547000 0.000000 -1.757128 120 105 81
-1.165500 -0.000952 -1.320846 120 105 81
-1.165500 0.000000 -1.757128 120 105 81
-1.547000 -0.002155 -1.314846 119 104 81
-1.547000 -0.000677 -0.881564 119 104 81
-1.165500 -0.000757 -0.881564 119 104 81
-1.547000 -0.002155 -1.314846 119 104 81
-1.165500 -0.000757 -0.881564 119 104 81
-1.165500 -0.000919 -1.314846 119 104 81
-1.547000 -0.000583 -0.875564 119 105 81
-1.547000 0.001435 -0.442282 119 105 81
-1.165500 0.001301 -0.442282 119 105 81
-1.547000 -0.000583 -0.875564 119 105 81
-1.165500 0.001301 -0.442282 119 105 81
-1.165500 -0.000759 -0.875564 119 105 81
-1.547000 0.001459 -0.436282 121 106 82
-1.547000 0.001349 -0.003000 121 106 82
-1.165500 0.000834 -0.003000 121 106 82
-1.547000 0.001459 -0.436282 121 106 82
-1.165500 0.000834 -0.003000 121 106 82
-1.165500 0.001384 -0.436282 121 106 82
-1.547000 0.001349 0.003000 120 105 81
-1.547000 -0.001029 0.436282 120 105 81
-1.165500 -0.001590 0.436282 120 105 81
-1.547000 0.001349 0.003000 120 105 81
-1.165500 -0.001590 0.436282 120 105 81
-1.165500 0.000834 0.003000 120 105 81
-1.547000 -0.001058 0.442282 119 104 81
-1.547000 -0.002805 0.875564 119 104 81
-1.165500 -0.001893 0.875564 119 104 81
-1.547000 -0.001058 0.442282 119 104 81
-1.165500 -0.001893 0.875564 119 104 81
-1.165500 -0.001686 0.442282 119 104 81
-1.547000 -0.002926 0.881564 119 104 81
-1.547000 -0.001629 1.314846 119 104 81
-1.165500 -0.002074 1.314846 119 104 81
-1.547000 -0.002926 0.881564 119 104 81
-1.165500 -0.002074 1.314846 119 104 81
-1.165500 -0.001932 0.881564 119 104 81
-1.547000 -0.001624 1.320846 119 105 81
-1.547000 0.000000 1.757128 119 105 81
-1.165500 0.000000 1.757128 119 105 81
-1.547000 -0.001624 1.320846 119 105 81
-1.165500 0.000000 1.757128 119 105 81
-1.165500 -0.002043 1.320846 119 105 81
-1.159500 0.000000 -1.757128 120 106 82
-1.159500 -0.000937 -1.320846 120 106 82
-0.778000 0.001530 -1.320846 120 106 82
-1.159500 0.000000 -1.757128 120 106 82
-0.778000 0.001530 -1.320846 120 106 82
-0.778000 0.000000 -1.757128 120 106 82
-1.159500 -0.000903 -1.314846 119 105 81
-1.159500 -0.000746 -0.881564 119 105 81
-0.778000 -0.000819 -0.881564 119 105 81
-1.159500 -0.000903 -1.314846 119 105 81
-0.778000 -0.000819 -0.881564 119 105 81
-0.778000 0.001557 -1.314846 119 105 81
-1.159500 -0.000745 -0.875564 120 105 81
-1.159500 0.001308 -0.442282 120 105 81
-0.778000 0.001398 -0.442282 120 105 81
-1.159500 -0.000745 -0.875564 120 105 81
-0.778000 0.001398 -0.442282 120 105 81
-0.778000 -0.000813 -0.875564 120 105 81
-1.159500 0.001389 -0.436282 121 106 82
-1.159500 0.000833 -0.003000 121 106 82
-0.778000 0.000961 -0.003000 121 106 82
-1.159500 0.001389 -0.436282 121 106 82
-0.778000 0.000961 -0.003000 121 106 82
-0.778000 0.001439 -0.436282 121 106 82
-1.159500 0.000833 0.003000 120 106 82
-1.159500 -0.001542 0.436282 120 106 82
-0.778000 -0.000196 0.436282 120 106 82
-1.159500 0.000833 0.003000 120 106 82
-0.778000 -0.000196 0.436282 120 106 82
-0.778000 0.000961 0.003000 120 106 82
-1.159500 -0.001640 0.442282 120 105 81
-1.159500 -0.001889 0.875564 120 105 81
-0.778000 0.000510 0.875564 120 105 81
-1.159500 -0.001640 0.442282 120 105 81
-0.778000 0.000510 0.875564 120 105 81
-0.778000 -0.000206 0.442282 120 105 81
-1.159500 -0.001932 0.881564 119 104 81
-1.159500 -0.002063 1.314846 119 104 81
-0.778000 -0.001753 1.314846 119 104 81
-1.159500 -0.001932 0.881564 119 104 81
-0.778000 -0.001753 1.314846 119 104 81
-0.778000 0.000489 0.881564 119 104 81
-1.159500 -0.002031 1.320846 119 105 81
-1.159500 0.000000 1.757128 119 105 81
-0.778000 0.000000 1.757128 119 105 81
-1.159500 -0.002031 1.320846 119 105 81
-0.778000 0.000000 1.757128 119 105 81
-0.778000 -0.001727 1.320846 119 105 81
-0.772000 0.000000 -1.757128 121 106 82
-0.772000 0.001567 -1.320846 121 106 82
-0.390500 -0.000335 -1.320846 121 106 82
-0.772000 0.000000 -1.757128 121 106 82
-0.390500 -0.000335 -1.320846 121 106 82
-0.390500 0.000000 -1.757128 121 106 82
-0.772000 0.001594 -1.314846 120 106 82
-0.772000 -0.000828 -0.881564 120 106 82
-0.390500 -0.001572 -0.881564 120 106 82
-0.772000 0.001594 -1.314846 120 106 82
-0.390500 -0.001572 -0.881564 120 106 82
-0.390500 -0.000335 -1.314846 120 106 82
-0.772000 -0.000823 -0.875564 119 104 81
-0.772000 0.001391 -0.442282 119 104 81
-0.390500 0.000590 -0.442282 119 104 81
-0.772000 -0.000823 -0.875564 119 104 81
-0.390500 0.000590 -0.442282 119 104 81
-0.390500 -0.001551 -0.875564 119 104 81
-0.772000 0.001432 -0.436282 120 106 82
-0.772000 0.000996 -0.003000 120 106 82
-0.390500 0.000611 -0.003000 120 106 82
-0.772000 0.001432 -0.436282 120 106 82
-0.390500 0.000611 -0.003000 120 106 82
-0.390500 0.000618 -0.436282 120 106 82
-0.772000 0.000996 0.003000 120 105 81
-0.772000 -0.000209 0.436282 120 105 81
-0.390500 0.000813 0.436282 120 105 81
-0.772000 0.000996 0.003000 120 105 81
-0.390500 0.000813 0.436282 120 105 81
-0.390500 0.000611 0.003000 120 105 81
-0.772000 -0.000217 0.442282 120 106 82
-0.772000 0.000530 0.875564 120 106 82
-0.390500 -0.000930 0.875564 120 106 82
-0.772000 -0.000217 0.442282 120 106 82
-0.390500 -0.000930 0.875564 120 106 82
-0.390500 0.000857 0.442282 120 106 82
-0.772000 0.000512 0.881564 119 105 81
-0.772000 -0.001756 1.314846 119 105 81
-0.390500 -0.000754 1.314846 119 105 81
-0.772000 0.000512 0.881564 119 105 81
-0.390500 -0.000754 1.314846 119 105 81
-0.390500 -0.000970 0.881564 119 105 81
-0.772000 -0.001731 1.320846 119 104 80
-0.772000 0.000000 1.757128 119 104 80
-0.390500 0.000000 1.757128 119 104 80
-0.772000 -0.001731 1.320846 119 104 80
-0.390500 0.000000 1.757128 119 104 80
-0.390500 -0.000750 1.320846 119 104 80
-0.384500 0.000000 -1.757128 121 106 82
-0.384500 -0.000290 -1.320846 121 106 82
-0.003000 0.001897 -1.320846 121 106 82
-0.384500 0.000000 -1.757128 121 106 82
-0.003000 0.001897 -1.320846 121 106 82
-0.003000 0.000000 -1.757128 121 106 82
-0.384500 -0.000287 -1.314846 120 105 82
-0.384500 -0.001620 -0.881564 120 105 82
-0.003000 -0.002646 -0.881564 120 105 82
-0.384500 -0.000287 -1.314846 120 105 82
-0.003000 -0.002646 -0.881564 120 105 82
-0.003000 0.001893 -1.314846 120 105 82
-0.384500 -0.001596 -0.875564 119 104 81
-0.384500 0.000537 -0.442282 119 104 81
-0.003000 -0.001661 -0.442282 119 104 81
-0.384500 -0.001596 -0.875564 119 104 81
-0.003000 -0.001661 -0.442282 119 104 81
-0.003000 -0.002725 -0.875564 119 104 81
-0.384500 0.000563 -0.436282 119 105 81
-0.384500 0.000560 -0.003000 119 105 81
-0.003000 -0.002547 -0.003000 119 105 81
-0.384500 0.000563 -0.436282 119 105 81
-0.003000 -0.002547 -0.003000 119 105 81
-0.003000 -0.001587 -0.436282 119 105 81
-0.384500 0.000560 0.003000 119 105 81
-0.384500 0.000847 0.436282 119 105 81
-0.003000 -0.001124 0.436282 119 105 81
-0.384500 0.000560 0.003000 119 105 81
-0.003000 -0.001124 0.436282 119 105 81
-0.003000 -0.002547 0.003000 119 105 81
-0.384500 0.000894 0.442282 120 105 81
-0.384500 -0.000979 0.875564 120 105 81
-0.003000 0.000145 0.875564 120 105 81
-0.384500 0.000894 0.442282 120 105 81
-0.003000 0.000145 0.875564 120 105 81
-0.003000 -0.001041 0.442282 120 105 81
-0.384500 -0.001015 0.881564 120 105 81
-0.384500 -0.000790 1.314846 120 105 81
-0.003000 0.001778 1.314846 120 105 81
-0.384500 -0.001015 0.881564 120 105 81
-0.003000 0.001778 1.314846 120 105 81
-0.003000 0.000233 0.881564 120 105 81
-0.384500 -0.000785 1.320846 120 106 82
-0.384500 0.000000 1.757128 120 106 82
-0.003000 0.000000 1.757128 120 106 82
-0.384500 -0.000785 1.320846 120 106 82
-0.003000 0.000000 1.757128 120 106 82
-0.003000 0.001749 1.320846 120 106 82
0.003000 0.000000 -1.757128 120 106 82
0.003000 0.001897 -1.320846 120 106 82
0.384500 0.001376 -1.320846 120 106 82
0.003000 0.000000 -1.757128 120 106 82
0.384500 0.001376 -1.320846 120 106 82
0.384500 0.000000 -1.757128 120 106 82
0.003000 0.001893 -1.314846 120 106 82
0.003000 -0.002646 -0.881564 120 106 82
0.384500 -0.003000 -0.881564 120 106 82
0.003000 0.001893 -1.314846 120 106 82
0.384500 -0.003000 -0.881564 120 106 82
0.384500 0.001381 -1.314846 120 106 82
0.003000 -0.002725 -0.875564 119 104 80
0.003000 -0.001661 -0.442282 119 104 80
0.384500 -0.001987 -0.442282 119 104 80
0.003000 -0.002725 -0.875564 119 104 80
0.384500 -0.001987 -0.442282 119 104 80
0.384500 -0.003000 -0.875564 119 104 80
0.003000 -0.001587 -0.436282 119 104 81
0.003000 -0.002547 -0.003000 119 104 81
0.384500 -0.002367 -0.003000 119 104 81
0.003000 -0.001587 -0.436282 119 104 81
0.384500 -0.002367 -0.003000 119 104 81
0.384500 -0.001936 -0.436282 119 104 81
0.003000 -0.002547 0.003000 119 105 81
0.003000 -0.001123 0.436282 119 105 81
0.384500 0.001140 0.436282 119 105 81
0.003000 -0.002547 0.003000 119 105 81
0.384500 0.001140 0.436282 119 105 81
0.384500 -0.002366 0.003000 119 105 81
0.003000 -0.001040 0.442282 119 105 81
0.003000 0.000145 0.875564 119 105 81
0.384500 0.000585 0.875564 119 105 81
0.003000 -0.001040 0.442282 119 105 81
0.384500 0.000585 0.875564 119 105 81
0.384500 0.001070 0.442282 119 105 81
0.003000 0.000233 0.881564 120 106 82
0.003000 0.001778 1.314846 120 106 82
0.384500 0.001431 1.314846 120 106 82
0.003000 0.000233 0.881564 120 106 82
0.384500 0.001431 1.314846 120 106 82
0.384500 0.000637 0.881564 120 106 82
0.003000 0.001749 1.320846 120 106 82
0.003000 0.000000 1.757128 120 106 82
0.384500 0.000000 1.757128 120 106 82
0.003000 0.001749 1.320846 120 106 82
0.384500 0.000000 1.757128 120 106 82
0.384500 0.001404 1.320846 120 106 82
0.390500 0.000000 -1.757128 120 105 81
0.390500 0.001363 -1.320846 120 105 81
0.772000 -0.001374 -1.320846 120 105 81
0.390500 0.000000 -1.757128 120 105 81
0.772000 -0.001374 -1.320846 120 105 81
0.772000 0.000000 -1.757128 120 105 81
0.390500 0.001370 -1.314846 119 105 81
0.390500 -0.003000 -0.881564 119 105 81
0.772000 -0.003000 -0.881564 119 105 81
0.390500 0.001370 -1.314846 119 105 81
0.772000 -0.003000 -0.881564 119 105 81
0.772000 -0.001387 -1.314846 119 105 81
0.390500 -0.003000 -0.875564 119 104 81
0.390500 -0.001983 -0.442282 119 104 81
0.772000 -0.001698 -0.442282 119 104 81
0.390500 -0.003000 -0.875564 119 104 81
0.772000 -0.001698 -0.442282 119 104 81
0.772000 -0.003000 -0.875564 119 104 81
0.390500 -0.001935 -0.436282 119 104 80
0.390500 -0.002372 -0.003000 119 104 80
0.772000 -0.001481 -0.003000 119 104 80
0.390500 -0.001935 -0.436282 119 104 80
0.772000 -0.001481 -0.003000 119 104 80
0.772000 -0.001748 -0.436282 119 104 80
0.390500 -0.002371 0.003000 119 104 81
0.390500 0.001115 0.436282 119 104 81
0.772000 0.000722 0.436282 119 104 81
0.390500 -0.002371 0.003000 119 104 81
0.772000 0.000722 0.436282 119 104 81
0.772000 -0.001481 0.003000 119 104 81
0.390500 0.001045 0.442282 120 106 82
0.390500 0.000665 0.875564 120 106 82
0.772000 0.002579 0.875564 120 106 82
0.390500 0.001045 0.442282 120 106 82
0.772000 0.002579 0.875564 120 106 82
0.772000 0.000723 0.442282 120 106 82
0.390500 0.000713 0.881564 120 106 82
0.390500 0.001424 1.314846 120 106 82
0.772000 0.001361 1.314846 120 106 82
0.390500 0.000713 0.881564 120 106 82
0.772000 0.001361 1.314846 120 106 82
0.772000 0.002579 0.881564 120 106 82
0.390500 0.001398 1.320846 119 105 81
0.390500 0.000000 1.757128 119 105 81
0.772000 0.000000 1.757128 119 105 81
0.390500 0.001398 1.320846 119 105 81
0.772000 0.000000 1.757128 119 105 81
0.772000 0.001346 1.320846 119 105 81
0.778000 0.000000 -1.757128 120 106 82
0.778000 -0.001351 -1.320846 120 106 82
1.159500 0.001557 -1.320846 120 106 82
0.778000 0.000000 -1.757128 120 106 82
1.159500 0.001557 -1.320846 120 106 82
1.159500 0.000000 -1.757128 120 106 82
0.778000 -0.001364 -1.314846 120 105 82
0.778000 -0.003000 -0.881564 120 105 82
1.159500 -0.002793 -0.881564 120 105 82
0.778000 -0.001364 -1.314846 120 105 82
1.159500 -0.002793 -0.881564 120 105 82
1.159500 0.001534 -1.314846 120 105 82
0.778000 -0.003000 -0.875564 118 104 80
0.778000 -0.001707 -0.442282 118 104 80
1.159500 -0.001565 -0.442282 118 104 80
0.778000 -0.003000 -0.875564 118 104 80
1.159500 -0.001565 -0.442282 118 104 80
1.159500 -0.002794 -0.875564 118 104 80
0.778000 -0.001755 -0.436282 119 104 81
0.778000 -0.001480 -0.003000 119 104 81
1.159500 -0.001363 -0.003000 119 104 81
0.778000 -0.001755 -0.436282 119 104 81
1.159500 -0.001363 -0.003000 119 104 81
1.159500 -0.001561 -0.436282 119 104 81
0.778000 -0.001480 0.003000 119 105 81
0.778000 0.000734 0.436282 119 105 81
1.159500 -0.000689 0.436282 119 105 81
0.778000 -0.001480 0.003000 119 105 81
1.159500 -0.000689 0.436282 119 105 81
1.159500 -0.001363 0.003000 119 105 81
0.778000 0.000732 0.442282 120 105 81
0.778000 0.002560 0.875564 120 105 81
1.159500 0.000306 0.875564 120 105 81
0.778000 0.000732 0.442282 120 105 81
1.159500 0.000306 0.875564 120 105 81
1.159500 -0.000692 0.442282 120 105 81
0.778000 0.002558 0.881564 120 105 82
0.778000 0.001368 1.314846 120 105 82
1.159500 0.001600 1.314846 120 105 82
0.778000 0.002558 0.881564 120 105 82
1.159500 0.001600 1.314846 120 105 82
1.159500 0.000279 0.881564 120 105 82
0.778000 0.001353 1.320846 120 106 82
0.778000 0.000000 1.757128 120 106 82
1.159500 0.000000 1.757128 120 106 82
0.778000 0.001353 1.320846 120 106 82
1.159500 0.000000 1.757128 120 106 82
1.159500 0.001594 1.320846 120 106 82
1.165500 0.000000 -1.757128 120 106 82
1.165500 0.001550 -1.320846 120 106 82
1.547000 0.001936 -1.320846 120 106 82
1.165500 0.000000 -1.757128 120 106 82
1.547000 0.001936 -1.320846 120 106 82
1.547000 0.000000 -1.757128 120 106 82
1.165500 0.001527 -1.314846 120 106 82
1.165500 -0.002759 -0.881564 120 106 82
1.547000 -0.002563 -0.881564 120 106 82
1.165500 0.001527 -1.314846 120 106 82
1.547000 -0.002563 -0.881564 120 106 82
1.547000 0.001909 -1.314846 120 106 82
1.165500 -0.002757 -0.875564 119 104 80
1.165500 -0.001570 -0.442282 119 104 80
1.547000 -0.002556 -0.442282 119 104 80
1.165500 -0.002757 -0.875564 119 104 80
1.547000 -0.002556 -0.442282 119 104 80
1.547000 -0.002583 -0.875564 119 104 80
1.165500 -0.001566 -0.436282 119 104 80
1.165500 -0.001395 -0.003000 119 104 80
1.547000 -0.002347 -0.003000 119 104 80
1.165500 -0.001566 -0.436282 119 104 80
1.547000 -0.002347 -0.003000 119 104 80
1.547000 -0.002564 -0.436282 119 104 80
1.165500 -0.001395 0.003000 119 105 81
1.165500 -0.000719 0.436282 119 105 81
1.547000 -0.000556 0.436282 119 105 81
1.165500 -0.001395 0.003000 119 105 81
1.547000 -0.000556 0.436282 119 105 81
1.547000 -0.002347 0.003000 119 105 81
1.165500 -0.000720 0.442282 119 104 81
1.165500 0.000320 0.875564 119 104 81
1.547000 -0.000250 0.875564 119 104 81
1.165500 -0.000720 0.442282 119 104 81
1.547000 -0.000250 0.875564 119 104 81
1.547000 -0.000646 0.442282 119 104 81
1.165500 0.000297 0.881564 120 105 82
1.165500 0.001576 1.314846 120 105 82
1.547000 0.001476 1.314846 120 105 82
1.165500 0.000297 0.881564 120 105 82
1.547000 0.001476 1.314846 120 105 82
1.547000 -0.000207 0.881564 120 105 82
1.165500 0.001571 1.320846 120 105 82
1.165500 0.000000 1.757128 120 105 82
1.547000 0.000000 1.757128 120 105 82
1.165500 0.001571 1.320846 120 105 82
1.547000 0.000000 1.757128 120 105 82
1.547000 0.001485 1.320846 120 105 82
1.553000 0.000000 -1.757128 120 105 81
1.553000 0.001894 -1.320846 120 105 81
1.934500 -0.001175 -1.320846 120 105 81
1.553000 0.000000 -1.757128 120 105 81
1.934500 -0.001175 -1.320846 120 105 81
1.934500 0.000000 -1.757128 120 105 81
1.553000 0.001865 -1.314846 119 105 81
1.553000 -0.002520 -0.881564 119 105 81
1.934500 -0.000886 -0.881564 119 105 81
1.553000 0.001865 -1.314846 119 105 81
1.934500 -0.000886 -0.881564 119 105 81
1.934500 -0.001159 -1.314846 119 105 81
1.553000 -0.002538 -0.875564 119 104 81
1.553000 -0.002569 -0.442282 119 104 81
1.934500 -0.002029 -0.442282 119 104 81
1.553000 -0.002538 -0.875564 119 104 81
1.934500 -0.002029 -0.442282 119 104 81
1.934500 -0.001063 -0.875564 119 104 81
1.553000 -0.002573 -0.436282 119 104 80
1.553000 -0.002344 -0.003000 119 104 80
1.934500 -0.002142 -0.003000 119 104 80
1.553000 -0.002573 -0.436282 119 104 80
1.934500 -0.002142 -0.003000 119 104 80
1.934500 -0.002017 -0.436282 119 104 80
1.553000 -0.002343 0.003000 119 105 81
1.553000 -0.000531 0.436282 119 105 81
1.934500 0.001129 0.436282 119 105 81
1.553000 -0.002343 0.003000 119 105 81
1.934500 0.001129 0.436282 119 105 81
1.934500 -0.002141 0.003000 119 105 81
1.553000 -0.000624 0.442282 120 105 82
1.553000 -0.000275 0.875564 120 105 82
1.934500 0.000307 0.875564 120 105 82
1.553000 -0.000624 0.442282 120 105 82
1.934500 0.000307 0.875564 120 105 82
1.934500 0.001119 0.442282 120 105 82
1.553000 -0.000231 0.881564 120 105 82
1.553000 0.001496 1.314846 120 105 82
1.934500 0.001339 1.314846 120 105 82
1.553000 -0.000231 0.881564 120 105 82
1.934500 0.001339 1.314846 120 105 82
1.934500 0.000314 0.881564 120 105 82
1.553000 0.001507 1.320846 120 105 82
1.553000 0.000000 1.757128 120 105 82
1.934500 0.000000 1.757128 120 105 82
1.553000 0.001507 1.320846 120 105 82
1.934500 0.000000 1.757128 120 105 82
1.934500 0.001350 1.320846 120 105 82
1.940500 0.000000 -1.757128 120 105 81
1.940500 -0.001210 -1.320846 120 105 81
2.322000 0.000381 -1.320846 120 105 81
1.940500 0.000000 -1.757128 120 105 81
2.322000 0.000381 -1.320846 120 105 81
2.322000 0.000000 -1.757128 120 105 81
1.940500 -0.001194 -1.314846 120 105 82
1.940500 -0.000857 -0.881564 120 105 82
2.322000 -0.000468 -0.881564 120 105 82
1.940500 -0.001194 -1.314846 120 105 82
2.322000 -0.000468 -0.881564 120 105 82
2.322000 0.000363 -1.314846 120 105 82
1.940500 -0.001034 -0.875564 119 105 81
1.940500 -0.002031 -0.442282 119 105 81
2.322000 -0.001260 -0.442282 119 105 81
1.940500 -0.001034 -0.875564 119 105 81
2.322000 -0.001260 -0.442282 119 105 81
2.322000 -0.000616 -0.875564 119 105 81
1.940500 -0.002019 -0.436282 119 104 81
1.940500 -0.002141 -0.003000 119 104 81
2.322000 -0.001604 -0.003000 119 104 81
1.940500 -0.002019 -0.436282 119 104 81
2.322000 -0.001604 -0.003000 119 104 81
2.322000 -0.001279 -0.436282 119 104 81
1.940500 -0.002141 0.003000 119 104 81
1.940500 0.001130 0.436282 119 104 81
2.322000 -0.000458 0.436282 119 104 81
1.940500 -0.002141 0.003000 119 104 81
2.322000 -0.000458 0.436282 119 104 81
2.322000 -0.001604 0.003000 119 104 81
1.940500 0.001120 0.442282 120 105 82
1.940500 0.000308 0.875564 120 105 82
2.322000 0.001935 0.875564 120 105 82
1.940500 0.001120 0.442282 120 105 82
2.322000 0.001935 0.875564 120 105 82
2.322000 -0.000400 0.442282 120 105 82
1.940500 0.000315 0.881564 120 106 82
1.940500 0.001342 1.314846 120 106 82
2.322000 0.001777 1.314846 120 106 82
1.940500 0.000315 0.881564 120 106 82
2.322000 0.001777 1.314846 120 106 82
2.322000 0.001934 0.881564 120 106 82
1.940500 0.001353 1.320846 119 105 81
1.940500 0.000000 1.757128 119 105 81
2.322000 0.000000 1.757128 119 105 81
1.940500 0.001353 1.320846 119 105 81
2.322000 0.000000 1.757128 119 105 81
2.322000 0.001778 1.320846 119 105 81
2.328000 0.000000 -1.757128 120 105 81
2.328000 0.000458 -1.320846 120 105 81
2.709500 0.000348 -1.320846 120 105 81
2.328000 0.000000 -1.757128 120 105 81
2.709500 0.000348 -1.320846 120 105 81
2.709500 0.000000 -1.757128 120 105 81
2.328000 0.000441 -1.314846 120 105 82
2.328000 -0.000439 -0.881564 120 105 82
2.709500 0.003000 -0.881564 120 105 82
2.328000 0.000441 -1.314846 120 105 82
2.709500 0.003000 -0.881564 120 105 82
2.709500 0.000337 -1.314846 120 105 82
2.328000 -0.000583 -0.875564 121 106 82
2.328000 -0.001195 -0.442282 121 106 82
2.709500 0.001396 -0.442282 121 106 82
2.328000 -0.000583 -0.875564 121 106 82
2.709500 0.001396 -0.442282 121 106 82
2.709500 0.003000 -0.875564 121 106 82
2.328000 -0.001218 -0.436282 120 105 81
2.328000 -0.001590 -0.003000 120 105 81
2.709500 -0.000350 -0.003000 120 105 81
2.328000 -0.001218 -0.436282 120 105 81
2.709500 -0.000350 -0.003000 120 105 81
2.709500 0.001394 -0.436282 120 105 81
2.328000 -0.001590 0.003000 119 105 81
2.328000 -0.000523 0.436282 119 105 81
2.709500 0.000356 0.436282 119 105 81
2.328000 -0.001590 0.003000 119 105 81
2.709500 0.000356 0.436282 119 105 81
2.709500 -0.000350 0.003000 119 105 81
2.328000 -0.000469 0.442282 119 105 81
2.328000 0.001948 0.875564 119 105 81
2.709500 -0.000743 0.875564 119 105 81
2.328000 -0.000469 0.442282 119 105 81
2.709500 -0.000743 0.875564 119 105 81
2.709500 0.000431 0.442282 119 105 81
2.328000 0.001942 0.881564 121 106 82
2.328000 0.001787 1.314846 121 106 82
2.709500 0.003000 1.314846 121 106 82
2.328000 0.001942 0.881564 121 106 82
2.709500 0.003000 1.314846 121 106 82
2.709500 -0.000654 0.881564 121 106 82
2.328000 0.001787 1.320846 120 105 81
2.328000 0.000000 1.757128 120 105 81
2.709500 0.000000 1.757128 120 105 81
2.328000 0.001787 1.320846 120 105 81
2.709500 0.000000 1.757128 120 105 81
2.709500 0.003000 1.320846 120 105 81
2.715500 0.000000 -1.757128 119 105 81
2.715500 0.000363 -1.320846 119 105 81
3.100000 0.000000 -1.320846 119 105 81
2.715500 0.000000 -1.757128 119 105 81
3.100000 0.000000 -1.320846 119 105 81
3.100000 0.000000 -1.757128 119 105 81
2.715500 0.000352 -1.314846 119 105 81
2.715500 0.003000 -0.881564 119 105 81
3.100000 0.000000 -0.881564 119 105 81
2.715500 0.000352 -1.314846 119 105 81
3.100000 0.000000 -0.881564 119 105 81
3.100000 0.000000 -1.314846 119 105 81
2.715500 0.003000 -0.875564 121 106 82
2.715500 0.001407 -0.442282 121 106 82
3.100000 0.000000 -0.442282 121 106 82
2.715500 0.003000 -0.875564 121 106 82
3.100000 0.000000 -0.442282 121 106 82
3.100000 0.000000 -0.875564 121 106 82
2.715500 0.001404 -0.436282 119 105 81
2.715500 -0.000348 -0.003000 119 105 81
3.100000 0.000000 -0.003000 119 105 81
2.715500 0.001404 -0.436282 119 105 81
3.100000 0.000000 -0.003000 119 105 81
3.100000 0.000000 -0.436282 119 105 81
2.715500 -0.000349 0.003000 119 105 81
2.715500 0.000359 0.436282 119 105 81
3.100000 0.000000 0.436282 119 105 81
2.715500 -0.000349 0.003000 119 105 81
3.100000 0.000000 0.436282 119 105 81
3.100000 0.000000 0.003000 119 105 81
2.715500 0.000433 0.442282 119 104 80
2.715500 -0.000742 0.875564 119 104 80
3.100000 0.000000 0.875564 119 104 80
2.715500 0.000433 0.442282 119 104 80
3.100000 0.000000 0.875564 119 104 80
3.100000 0.000000 0.442282 119 104 80
2.715500 -0.000649 0.881564 120 106 82
2.715500 0.003000 1.314846 120 106 82
3.100000 0.000000 1.314846 120 106 82
2.715500 -0.000649 0.881564 120 106 82
3.100000 0.000000 1.314846 120 106 82
3.100000 0.000000 0.881564 120 106 82
2.715500 0.003000 1.320846 120 105 81
2.715500 0.000000 1.757128 120 105 81
3.100000 0.000000 1.757128 120 105 81
2.715500 0.003000 1.320846 120 105 81
3.100000 0.000000 1.757128 120 105 81
3.100000 0.000000 1.320846 120 105 81
-3.100000 0.000000 -1.782128 120 105 82
-3.225000 0.000000 -1.782128 120 105 82
-3.225000 0.000000 -0.891064 120 105 82
-3.100000 0.000000 -1.782128 120 105 82
-3.225000 0.000000 -0.891064 120 105 82
-3.100000 0.000000 -0.891064 120 105 82
-3.100000 0.000000 -0.891064 119 105 81
-3.225000 0.000000 -0.891064 119 105 81
-3.225000 0.000000 0.000000 119 105 81
-3.100000 0.000000 -0.891064 119 105 81
-3.225000 0.000000 0.000000 119 105 81
-3.100000 0.000000 0.000000 119 105 81
-3.100000 0.000000 0.000000 120 105 81
-3.225000 0.000000 0.000000 120 105 81
-3.225000 0.000000 0.891064 120 105 81
-3.100000 0.000000 0.000000 120 105 81
-3.225000 0.000000 0.891064 120 105 81
-3.100000 0.000000 0.891064 120 105 81
-3.100000 0.000000 0.891064 119 105 81
-3.225000 0.000000 0.891064 119 105 81
-3.225000 0.000000 1.782128 119 105 81
-3.100000 0.000000 0.891064 119 105 81
-3.225000 0.000000 1.782128 119 105 81
-3.100000 0.000000 1.782128 119 105 81
3.100000 0.000000 -1.782128 119 105 81
3.100000 0.000000 -0.891064 119 105 81
3.225000 0.000000 -0.891064 119 105 81
3.100000 0.000000 -1.782128 119 105 81
3.225000 0.000000 -0.891064 119 105 81
3.225000 0.000000 -1.782128 119 105 81
3.100000 0.000000 -0.891064 120 105 82
3.100000 0.000000 0.000000 120 105 82
3.225000 0.000000 0.000000 120 105 82
3.100000 0.000000 -0.891064 120 105 82
3.225000 0.000000 0.000000 120 105 82
3.225000 0.000000 -0.891064 120 105 82
3.100000 0.000000 0.000000 119 104 81
3.100000 0.000000 0.891064 119 104 81
3.225000 0.000000 0.891064 119 104 81
3.100000 0.000000 0.000000 119 104 81
3.225000 0.000000 0.891064 119 104 81
3.225000 0.000000 0.000000 119 104 81
3.100000 0.000000 0.891064 120 106 82
3.100000 0.000000 1.782128 120 106 82
3.225000 0.000000 1.782128 120 106 82
3.100000 0.000000 0.891064 120 106 82
3.225000 0.000000 1.782128 120 106 82
3.225000 0.000000 0.891064 120 106 82
-3.200000 0.797311 -0.592572 119 104 81
-3.200000 0.774161 -0.631467 119 104 81
-3.200000 0.781227 -0.635618 119 104 81
-3.200000 0.797311 -0.592572 119 104 81
-3.200000 0.781227 -0.635618 119 104 81
-3.200000 0.803941 -0.596468 119 104 81
-3.200000 0.753250 -0.618542 119 105 81
-3.200000 0.655500 -0.770936 119 105 81
-3.200000 0.690369 -0.792220 119 105 81
-3.200000 0.753250 -0.618542 119 105 81
-3.200000 0.690369 -0.792220 119 105 81
-3.200000 0.781227 -0.635618 119 105 81
-3.200000 0.803941 -0.596468 121 106 82
-3.200000 0.781227 -0.635618 121 106 82
-3.200000 0.788338 -0.639691 121 106 82
-3.200000 0.803941 -0.596468 121 106 82
-3.200000 0.788338 -0.639691 121 106 82
-3.200000 0.810614 -0.600290 121 106 82
-3.200000 0.810614 -0.600290 118 104 80
-3.200000 0.788338 -0.639691 118 104 80
-3.200000 0.795494 -0.643685 118 104 80
-3.200000 0.810614 -0.600290 118 104 80
-3.200000 0.795494 -0.643685 118 104 80
-3.200000 0.817329 -0.604037 118 104 80
-3.200000 0.817329 -0.604037 121 106 82
-3.200000 0.795494 -0.643685 121 106 82
-3.200000 0.802694 -0.647598 121 106 82
-3.200000 0.817329 -0.604037 121 106 82
-3.200000 0.802694 -0.647598 121 106 82
-3.200000 0.824086 -0.607709 121 106 82
-3.200000 0.824086 -0.607709 118 104 80
-3.200000 0.802694 -0.647598 118 104 80
-3.200000 0.809937 -0.651430 118 104 80
-3.200000 0.824086 -0.607709 118 104 80
-3.200000 0.809937 -0.651430 118 104 80
-3.200000 0.830883 -0.611306 118 104 80
-3.200000 0.781227 -0.635618 121 106 82
-3.200000 0.690369 -0.792220 121 106 82
-3.200000 0.726153 -0.811928 121 106 82
-3.200000 0.781227 -0.635618 121 106 82
-3.200000 0.726153 -0.811928 121 106 82
-3.200000 0.809937 -0.651430 121 106 82
-3.200000 0.655500 -0.770936 121 106 83
-3.200000 0.460000 -1.075725 121 106 83
-3.200000 0.558586 -1.132923 121 106 83
-3.200000 0.655500 -0.770936 121 106 83
-3.200000 0.558586 -1.132923 121 106 83
-3.200000 0.726153 -0.811928 121 106 83
-3.200000 0.830883 -0.611306 118 104 80
-3.200000 0.809937 -0.651430 118 104 80
-3.200000 0.817222 -0.655182 118 104 80
-3.200000 0.830883 -0.611306 118 104 80
-3.200000 0.817222 -0.655182 118 104 80
-3.200000 0.837720 -0.614827 118 104 80
-3.200000 0.837720 -0.614827 119 105 81
-3.200000 0.817222 -0.655182 119 105 81
-3.200000 0.824549 -0.658852 119 105 81
-3.200000 0.837720 -0.614827 119 105 81
-3.200000 0.824549 -0.658852 119 105 81
-3.200000 0.844595 -0.618271 119 105 81
-3.200000 0.844595 -0.618271 120 105 82
-3.200000 0.824549 -0.658852 120 105 82
-3.200000 0.831917 -0.662441 120 105 82
-3.200000 0.844595 -0.618271 120 105 82
-3.200000 0.831917 -0.662441 120 105 82
-3.200000 0.851509 -0.621638 120 105 82
-3.200000 0.851509 -0.621638 119 105 81
-3.200000 0.831917 -0.662441 119 105 81
-3.200000 0.839324 -0.665946 119 105 81
-3.200000 0.851509 -0.621638 119 105 81
-3.200000 0.839324 -0.665946 119 105 81
-3.200000 0.858460 -0.624928 119 105 81
-3.200000 0.809937 -0.651430 120 105 82
-3.200000 0.726153 -0.811928 120 105 82
-3.200000 0.762780 -0.830020 120 105 82
-3.200000 0.809937 -0.651430 120 105 82
-3.200000 0.762780 -0.830020 120 105 82
-3.200000 0.839324 -0.665946 120 105 82
-3.200000 0.858460 -0.624928 118 104 80
-3.200000 0.839324 -0.665946 118 104 80
-3.200000 0.846769 -0.669370 118 104 80
-3.200000 0.858460 -0.624928 118 104 80
-3.200000 0.846769 -0.669370 118 104 80
-3.200000 0.865447 -0.628140 118 104 80
-3.200000 0.865447 -0.628140 121 106 82
-3.200000 0.846769 -0.669370 121 106 82
-3.200000 0.854253 -0.672709 121 106 82
-3.200000 0.865447 -0.628140 121 106 82
-3.200000 0.854253 -0.672709 121 106 82
-3.200000 0.872469 -0.631274 121 106 82
-3.200000 0.872469 -0.631274 119 105 81
-3.200000 0.854253 -0.672709 119 105 81
-3.200000 0.861773 -0.675966 119 105 81
-3.200000 0.872469 -0.631274 119 105 81
-3.200000 0.861773 -0.675966 119 105 81
-3.200000 0.879526 -0.634330 119 105 81
-3.200000 0.897279 -0.592694 119 105 81
-3.200000 0.879526 -0.634330 119 105 81
-3.200000 0.886616 -0.637307 119 105 81
-3.200000 0.897279 -0.592694 119 105 81
-3.200000 0.886616 -0.637307 119 105 81
-3.200000 0.903904 -0.595476 119 105 81
-3.200000 0.879526 -0.634330 118 104 80
-3.200000 0.861773 -0.675966 118 104 80
-3.200000 0.869329 -0.679138 118 104 80
-3.200000 0.879526 -0.634330 118 104 80
-3.200000 0.869329 -0.679138 118 104 80
-3.200000 0.886616 -0.637307 118 104 80
-3.200000 0.839324 -0.665946 120 106 82
-3.200000 0.762780 -0.830020 120 106 82
-3.200000 0.800178 -0.846462 120 106 82
-3.200000 0.839324 -0.665946 120 106 82
-3.200000 0.800178 -0.846462 120 106 82
-3.200000 0.869329 -0.679138 120 106 82
-3.200000 0.726153 -0.811928 121 106 82
-3.200000 0.558586 -1.132923 121 106 82
-3.200000 0.661876 -1.181109 121 106 82
-3.200000 0.726153 -0.811928 121 106 82
-3.200000 0.661876 -1.181109 121 106 82
-3.200000 0.800178 -0.846462 121 106 82
-3.200000 0.460000 -1.075725 119 105 81
-3.200000 -0.000000 -1.792875 119 105 81
-3.200000 0.336460 -1.968515 119 105 81
-3.200000 0.460000 -1.075725 119 105 81
-3.200000 0.336460 -1.968515 119 105 81
-3.200000 0.661876 -1.181109 119 105 81
-3.200000 0.903904 -0.595476 121 106 82
-3.200000 0.869329 -0.679138 121 106 82
-3.200000 0.884544 -0.685228 121 106 82
-3.200000 0.903904 -0.595476 121 106 82
-3.200000 0.884544 -0.685228 121 106 82
-3.200000 0.917245 -0.600816 121 106 82
-3.200000 0.917245 -0.600816 118 104 80
-3.200000 0.884544 -0.685228 118 104 80
-3.200000 0.899892 -0.690978 118 104 80
-3.200000 0.917245 -0.600816 118 104 80
-3.200000 0.899892 -0.690978 118 104 80
-3.200000 0.930702 -0.605857 118 104 80
-3.200000 0.869329 -0.679138 118 104 80
-3.200000 0.800178 -0.846462 118 104 80
-3.200000 0.838271 -0.861219 118 104 80
-3.200000 0.869329 -0.679138 118 104 80
-3.200000 0.838271 -0.861219 118 104 80
-3.200000 0.899892 -0.690978 118 104 80
-3.200000 0.930702 -0.605857 118 104 80
-3.200000 0.899892 -0.690978 118 104 80
-3.200000 0.915364 -0.696384 118 104 80
-3.200000 0.930702 -0.605857 118 104 80
-3.200000 0.915364 -0.696384 118 104 80
-3.200000 0.944268 -0.610597 118 104 80
-3.200000 0.944268 -0.610597 120 106 82
-3.200000 0.915364 -0.696384 120 106 82
-3.200000 0.930953 -0.701443 120 106 82
-3.200000 0.944268 -0.610597 120 106 82
-3.200000 0.930953 -0.701443 120 106 82
-3.200000 0.957937 -0.615034 120 106 82
-3.200000 0.899892 -0.690978 119 105 81
-3.200000 0.838271 -0.861219 119 105 81
-3.200000 0.876984 -0.874263 119 105 81
-3.200000 0.899892 -0.690978 119 105 81
-3.200000 0.876984 -0.874263 119 105 81
-3.200000 0.930953 -0.701443 119 105 81
-3.200000 0.800178 -0.846462 120 106 82
-3.200000 0.661876 -1.181109 120 106 82
-3.200000 0.769048 -1.219901 120 106 82
-3.200000 0.800178 -0.846462 120 106 82
-3.200000 0.769048 -1.219901 120 106 82
-3.200000 0.876984 -0.874263 120 106 82
-3.200000 0.957937 -0.615034 120 106 82
-3.200000 0.930953 -0.701443 120 106 82
-3.200000 0.946650 -0.706154 120 106 82
-3.200000 0.957937 -0.615034 120 106 82
-3.200000 0.946650 -0.706154 120 106 82
-3.200000 0.971701 -0.619164 120 106 82
-3.200000 0.971701 -0.619164 120 106 82
-3.200000 0.946650 -0.706154 120 106 82
-3.200000 0.962449 -0.710513 120 106 82
-3.200000 0.971701 -0.619164 120 106 82
-3.200000 0.962449 -0.710513 120 106 82
-3.200000 0.985553 -0.622986 120 106 82
-3.200000 0.930953 -0.701443 118 104 80
-3.200000 0.876984 -0.874263 118 104 80
-3.200000 0.916241 -0.885567 118 104 80
-3.200000 0.930953 -0.701443 118 104 80
-3.200000 0.916241 -0.885567 118 104 80
-3.200000 0.962449 -0.710513 118 104 80
-3.200000 0.985553 -0.622986 120 106 82
-3.200000 0.962449 -0.710513 120 106 82
-3.200000 0.978341 -0.714519 120 106 82
-3.200000 0.985553 -0.622986 120 106 82
-3.200000 0.978341 -0.714519 120 106 82
-3.200000 0.999488 -0.626499 120 106 82
-3.200000 0.999488 -0.626499 119 104 81
-3.200000 0.978341 -0.714519 119 104 81
-3.200000 0.994319 -0.718170 119 104 81
-3.200000 0.999488 -0.626499 119 104 81
-3.200000 0.994319 -0.718170 119 104 81
-3.200000 1.013497 -0.629700 119 104 81
-3.200000 0.962449 -0.710513 119 104 81
-3.200000 0.916241 -0.885567 119 104 81
-3.200000 0.955963 -0.895110 119 104 81
-3.200000 0.962449 -0.710513 119 104 81
-3.200000 0.955963 -0.895110 119 104 81
-3.200000 0.994319 -0.718170 119 104 81
-3.200000 0.876984 -0.874263 122 107 83
-3.200000 0.769048 -1.219901 122 107 83
-3.200000 0.879250 -1.248991 122 107 83
-3.200000 0.876984 -0.874263 122 107 83
-3.200000 0.879250 -1.248991 122 107 83
-3.200000 0.955963 -0.895110 122 107 83
-3.200000 0.661876 -1.181109 121 107 83
-3.200000 0.336460 -1.968515 121 107 83
-3.200000 0.698750 -2.081652 121 107 83
-3.200000 0.661876 -1.181109 121 107 83
-3.200000 0.698750 -2.081652 121 107 83
-3.200000 0.879250 -1.248991 121 107 83
-3.200000 1.013497 -0.629700 120 106 82
-3.200000 0.994319 -0.718170 120 106 82
-3.200000 1.010374 -0.721463 120 106 82
-3.200000 1.013497 -0.629700 120 106 82
-3.200000 1.010374 -0.721463 120 106 82
-3.200000 1.027574 -0.632587 120 106 82
-3.200000 1.027574 -0.632587 120 105 81
-3.200000 1.010374 -0.721463 120 105 81
-3.200000 1.026498 -0.724398 120 105 81
-3.200000 1.027574 -0.632587 120 105 81
-3.200000 1.026498 -0.724398 120 105 81
-3.200000 1.041712 -0.635160 120 105 81
-3.200000 0.994319 -0.718170 119 104 80
-3.200000 0.955963 -0.895110 119 104 80
-3.200000 0.996070 -0.902872 119 104 80
-3.200000 0.994319 -0.718170 119 104 80
-3.200000 0.996070 -0.902872 119 104 80
-3.200000 1.026498 -0.724398 119 104 80
-3.200000 1.049319 -0.590541 119 104 81
-3.200000 1.041712 -0.635160 119 104 81
-3.200000 1.048802 -0.636328 119 104 81
-3.200000 1.049319 -0.590541 119 104 81
-3.200000 1.048802 -0.636328 119 104 81
-3.200000 1.055911 -0.591628 119 104 81
-3.200000 1.055911 -0.591628 119 105 81
-3.200000 1.048802 -0.636328 119 105 81
-3.200000 1.055904 -0.637417 119 105 81
-3.200000 1.055911 -0.591628 119 105 81
-3.200000 1.055904 -0.637417 119 105 81
-3.200000 1.062514 -0.592640 119 105 81
-3.200000 1.041712 -0.635160 119 104 80
-3.200000 1.026498 -0.724398 119 104 80
-3.200000 1.042684 -0.726972 119 104 80
-3.200000 1.041712 -0.635160 119 104 80
-3.200000 1.042684 -0.726972 119 104 80
-3.200000 1.055904 -0.637417 119 104 80
-3.200000 1.062514 -0.592640 118 104 80
-3.200000 1.055904 -0.637417 118 104 80
-3.200000 1.063018 -0.638427 118 104 80
-3.200000 1.062514 -0.592640 118 104 80
-3.200000 1.063018 -0.638427 118 104 80
-3.200000 1.069129 -0.593579 118 104 80
-3.200000 1.069129 -0.593579 118 103 80
-3.200000 1.063018 -0.638427 118 103 80
-3.200000 1.070143 -0.639357 118 103 80
-3.200000 1.069129 -0.593579 118 103 80
-3.200000 1.070143 -0.639357 118 103 80
-3.200000 1.075753 -0.594444 118 103 80
-3.200000 1.055904 -0.637417 120 106 82
-3.200000 1.042684 -0.726972 120 106 82
-3.200000 1.058923 -0.729184 120 106 82
-3.200000 1.055904 -0.637417 120 106 82
-3.200000 1.058923 -0.729184 120 106 82
-3.200000 1.070143 -0.639357 120 106 82
-3.200000 1.026498 -0.724398 119 105 81
-3.200000 0.996070 -0.902872 119 105 81
-3.200000 1.036484 -0.908838 119 105 81
-3.200000 1.026498 -0.724398 119 105 81
-3.200000 1.036484 -0.908838 119 105 81
-3.200000 1.058923 -0.729184 119 105 81
-3.200000 0.955963 -0.895110 121 107 83
-3.200000 0.879250 -1.248991 121 107 83
-3.200000 0.991606 -1.268146 121 107 83
-3.200000 0.955963 -0.895110 121 107 83
-3.200000 0.991606 -1.268146 121 107 83
-3.200000 1.036484 -0.908838 121 107 83
-3.200000 1.075753 -0.594444 119 105 81
-3.200000 1.070143 -0.639357 119 105 81
-3.200000 1.077278 -0.640208 119 105 81
-3.200000 1.075753 -0.594444 119 105 81
-3.200000 1.077278 -0.640208 119 105 81
-3.200000 1.082386 -0.595235 119 105 81
-3.200000 1.082386 -0.595235 119 105 81
-3.200000 1.077278 -0.640208 119 105 81
-3.200000 1.084422 -0.640979 119 105 81
-3.200000 1.082386 -0.595235 119 105 81
-3.200000 1.084422 -0.640979 119 105 81
-3.200000 1.089028 -0.595952 119 105 81
-3.200000 1.070143 -0.639357 121 106 82
-3.200000 1.058923 -0.729184 121 106 82
-3.200000 1.075208 -0.731034 121 106 82
-3.200000 1.070143 -0.639357 121 106 82
-3.200000 1.075208 -0.731034 121 106 82
-3.200000 1.084422 -0.640979 121 106 82
-3.200000 1.089028 -0.595952 120 105 82
-3.200000 1.084422 -0.640979 120 105 82
-3.200000 1.091573 -0.641671 120 105 82
-3.200000 1.089028 -0.595952 120 105 82
-3.200000 1.091573 -0.641671 120 105 82
-3.200000 1.095678 -0.596594 120 105 82
-3.200000 1.095678 -0.596594 119 105 81
-3.200000 1.091573 -0.641671 119 105 81
-3.200000 1.098733 -0.642282 119 105 81
-3.200000 1.095678 -0.596594 119 105 81
-3.200000 1.098733 -0.642282 119 105 81
-3.200000 1.102334 -0.597163 119 105 81
-3.200000 1.084422 -0.640979 119 105 81
-3.200000 1.075208 -0.731034 119 105 81
-3.200000 1.091530 -0.732520 119 105 81
-3.200000 1.084422 -0.640979 119 105 81
-3.200000 1.091530 -0.732520 119 105 81
-3.200000 1.098733 -0.642282 119 105 81
-3.200000 1.058923 -0.729184 119 105 81
-3.200000 1.036484 -0.908838 119 105 81
-3.200000 1.077124 -0.912996 119 105 81
-3.200000 1.058923 -0.729184 119 105 81
-3.200000 1.077124 -0.912996 119 105 81
-3.200000 1.091530 -0.732520 119 105 81
-3.200000 1.102334 -0.597163 118 104 80
-3.200000 1.098733 -0.642282 118 104 80
-3.200000 1.105898 -0.642814 118 104 80
-3.200000 1.102334 -0.597163 118 104 80
-3.200000 1.105898 -0.642814 118 104 80
-3.200000 1.108996 -0.597658 118 104 80
-3.200000 1.108996 -0.597658 118 104 80
-3.200000 1.105898 -0.642814 118 104 80
-3.200000 1.113069 -0.643266 118 104 80
-3.200000 1.108996 -0.597658 118 104 80
-3.200000 1.113069 -0.643266 118 104 80
-3.200000 1.115664 -0.598078 118 104 80
-3.200000 1.098733 -0.642282 118 103 80
-3.200000 1.091530 -0.732520 118 103 80
-3.200000 1.107881 -0.733642 118 103 80
-3.200000 1.098733 -0.642282 118 103 80
-3.200000 1.107881 -0.733642 118 103 80
-3.200000 1.113069 -0.643266 118 103 80
-3.200000 1.115664 -0.598078 118 104 80
-3.200000 1.113069 -0.643266 118 104 80
-3.200000 1.120245 -0.643638 118 104 80
-3.200000 1.115664 -0.598078 118 104 80
-3.200000 1.120245 -0.643638 118 104 80
-3.200000 1.122335 -0.598423 118 104 80
-3.200000 1.122335 -0.598423 118 104 80
-3.200000 1.120245 -0.643638 118 104 80
-3.200000 1.127424 -0.643929 118 104 80
-3.200000 1.122335 -0.598423 118 104 80
-3.200000 1.127424 -0.643929 118 104 80
-3.200000 1.129010 -0.598695 118 104 80
-3.200000 1.113069 -0.643266 118 104 80
-3.200000 1.107881 -0.733642 118 104 80
-3.200000 1.124252 -0.734399 118 104 80
-3.200000 1.113069 -0.643266 118 104 80
-3.200000 1.124252 -0.734399 118 104 80
-3.200000 1.127424 -0.643929 118 104 80
-3.200000 1.091530 -0.732520 119 105 81
-3.200000 1.077124 -0.912996 119 105 81
-3.200000 1.117909 -0.915338 119 105 81
-3.200000 1.091530 -0.732520 119 105 81
-3.200000 1.117909 -0.915338 119 105 81
-3.200000 1.124252 -0.734399 119 105 81
-3.200000 1.036484 -0.908838 120 105 82
-3.200000 0.991606 -1.268146 120 105 82
-3.200000 1.105222 -1.277215 120 105 82
-3.200000 1.036484 -0.908838 120 105 82
-3.200000 1.105222 -1.277215 120 105 82
-3.200000 1.117909 -0.915338 120 105 82
-3.200000 0.879250 -1.248991 121 106 82
-3.200000 0.698750 -2.081652 121 106 82
-3.200000 1.075369 -2.128692 121 106 82
-3.200000 0.879250 -1.248991 121 106 82
-3.200000 1.075369 -2.128692 121 106 82
-3.200000 1.105222 -1.277215 121 106 82
-3.200000 1.129010 -0.598695 120 106 82
-3.200000 1.127424 -0.643929 120 106 82
-3.200000 1.134606 -0.644141 120 106 82
-3.200000 1.129010 -0.598695 120 106 82
-3.200000 1.134606 -0.644141 120 106 82
-3.200000 1.135688 -0.598891 120 106 82
-3.200000 1.135688 -0.598891 118 104 80
-3.200000 1.134606 -0.644141 118 104 80
-3.200000 1.141790 -0.644273 118 104 80
-3.200000 1.135688 -0.598891 118 104 80
-3.200000 1.141790 -0.644273 118 104 80
-3.200000 1.142367 -0.599014 118 104 80
-3.200000 1.127424 -0.643929 119 104 81
-3.200000 1.124252 -0.734399 119 104 81
-3.200000 1.140637 -0.734790 119 104 81
-3.200000 1.127424 -0.643929 119 104 81
-3.200000 1.140637 -0.734790 119 104 81
-3.200000 1.141790 -0.644273 119 104 81
-3.200000 1.142367 -0.599014 119 104 81
-3.200000 1.141790 -0.644273 119 104 81
-3.200000 1.148975 -0.644324 119 104 81
-3.200000 1.142367 -0.599014 119 104 81
-3.200000 1.148975 -0.644324 119 104 81
-3.200000 1.149047 -0.599062 119 104 81
-3.200000 1.149047 -0.599062 120 106 82
-3.200000 1.148975 -0.644324 120 106 82
-3.200000 1.156161 -0.644296 120 106 82
-3.200000 1.149047 -0.599062 120 106 82
-3.200000 1.156161 -0.644296 120 106 82
-3.200000 1.155728 -0.599035 120 106 82
-3.200000 1.141790 -0.644273 118 103 80
-3.200000 1.140637 -0.734790 118 103 80
-3.200000 1.157026 -0.734816 118 103 80
-3.200000 1.141790 -0.644273 118 103 80
-3.200000 1.157026 -0.734816 118 103 80
-3.200000 1.156161 -0.644296 118 103 80
-3.200000 1.124252 -0.734399 118 104 80
-3.200000 1.117909 -0.915338 118 104 80
-3.200000 1.158757 -0.915858 118 104 80
-3.200000 1.124252 -0.734399 118 104 80
-3.200000 1.158757 -0.915858 118 104 80
-3.200000 1.157026 -0.734816 118 104 80
-3.200000 1.155728 -0.599035 119 105 81
-3.200000 1.156161 -0.644296 119 105 81
-3.200000 1.163345 -0.644187 119 105 81
-3.200000 1.155728 -0.599035 119 105 81
-3.200000 1.163345 -0.644187 119 105 81
-3.200000 1.162408 -0.598934 119 105 81
-3.200000 1.162408 -0.598934 120 106 82
-3.200000 1.163345 -0.644187 120 106 82
-3.200000 1.170528 -0.643998 120 106 82
-3.200000 1.162408 -0.598934 120 106 82
-3.200000 1.170528 -0.643998 120 106 82
-3.200000 1.169086 -0.598758 120 106 82
-3.200000 1.156161 -0.644296 119 105 81
-3.200000 1.157026 -0.734816 119 105 81
-3.200000 1.173412 -0.734477 119 105 81
-3.200000 1.156161 -0.644296 119 105 81
-3.200000 1.173412 -0.734477 119 105 81
-3.200000 1.170528 -0.643998 119 105 81
-3.200000 1.169086 -0.598758 118 104 80
-3.200000 1.170528 -0.643998 118 104 80
-3.200000 1.177708 -0.643729 118 104 80
-3.200000 1.169086 -0.598758 118 104 80
-3.200000 1.177708 -0.643729 118 104 80
-3.200000 1.175762 -0.598508 118 104 80
-3.200000 1.175762 -0.598508 118 104 80
-3.200000 1.177708 -0.643729 118 104 80
-3.200000 1.184885 -0.643380 118 104 80
-3.200000 1.175762 -0.598508 118 104 80
-3.200000 1.184885 -0.643380 118 104 80
-3.200000 1.182434 -0.598184 118 104 80
-3.200000 1.170528 -0.643998 119 105 81
-3.200000 1.173412 -0.734477 119 105 81
-3.200000 1.189786 -0.733772 119 105 81
-3.200000 1.170528 -0.643998 119 105 81
-3.200000 1.189786 -0.733772 119 105 81
-3.200000 1.184885 -0.643380 119 105 81
-3.200000 1.157026 -0.734816 119 104 81
-3.200000 1.158757 -0.915858 119 104 81
-3.200000 1.199589 -0.914557 119 104 81
-3.200000 1.157026 -0.734816 119 104 81
-3.200000 1.199589 -0.914557 119 104 81
-3.200000 1.189786 -0.733772 119 104 81
-3.200000 1.117909 -0.915338 119 105 81
-3.200000 1.105222 -1.277215 119 105 81
-3.200000 1.219193 -1.276126 119 105 81
-3.200000 1.117909 -0.915338 119 105 81
-3.200000 1.219193 -1.276126 119 105 81
-3.200000 1.199589 -0.914557 119 105 81
-3.200000 1.182434 -0.598184 118 103 80
-3.200000 1.184885 -0.643380 118 103 80
-3.200000 1.192057 -0.642951 118 103 80
-3.200000 1.182434 -0.598184 118 103 80
-3.200000 1.192057 -0.642951 118 103 80
-3.200000 1.189103 -0.597785 118 103 80
-3.200000 1.189103 -0.597785 120 105 82
-3.200000 1.192057 -0.642951 120 105 82
-3.200000 1.199225 -0.642442 120 105 82
-3.200000 1.189103 -0.597785 120 105 82
-3.200000 1.199225 -0.642442 120 105 82
-3.200000 1.195767 -0.597312 120 105 82
-3.200000 1.184885 -0.643380 119 105 81
-3.200000 1.189786 -0.733772 119 105 81
-3.200000 1.206141 -0.732702 119 105 81
-3.200000 1.184885 -0.643380 119 105 81
-3.200000 1.206141 -0.732702 119 105 81
-3.200000 1.199225 -0.642442 119 105 81
-3.200000 1.195767 -0.597312 119 105 81
-3.200000 1.199225 -0.642442 119 105 81
-3.200000 1.206386 -0.641853 119 105 81
-3.200000 1.195767 -0.597312 119 105 81
-3.200000 1.206386 -0.641853 119 105 81
-3.200000 1.202425 -0.596764 119 105 81
-3.200000 1.202425 -0.596764 120 106 82
-3.200000 1.206386 -0.641853 120 106 82
-3.200000 1.213540 -0.641184 120 106 82
-3.200000 1.202425 -0.596764 120 106 82
-3.200000 1.213540 -0.641184 120 106 82
-3.200000 1.209076 -0.596142 120 106 82
-3.200000 1.199225 -0.642442 118 103 80
-3.200000 1.206141 -0.732702 118 103 80
-3.200000 1.222467 -0.731268 118 103 80
-3.200000 1.199225 -0.642442 118 103 80
-3.200000 1.222467 -0.731268 118 103 80
-3.200000 1.213540 -0.641184 118 103 80
-3.200000 1.189786 -0.733772 119 105 81
-3.200000 1.199589 -0.914557 119 105 81
-3.200000 1.240321 -0.911436 119 105 81
-3.200000 1.189786 -0.733772 119 105 81
-3.200000 1.240321 -0.911436 119 105 81
-3.200000 1.222467 -0.731268 119 105 81
-3.200000 1.209076 -0.596142 118 104 80
-3.200000 1.213540 -0.641184 118 104 80
-3.200000 1.220686 -0.640436 118 104 80
-3.200000 1.209076 -0.596142 118 104 80
-3.200000 1.220686 -0.640436 118 104 80
-3.200000 1.215720 -0.595447 118 104 80
-3.200000 1.215720 -0.595447 120 106 82
-3.200000 1.220686 -0.640436 120 106 82
-3.200000 1.227823 -0.639608 120 106 82
-3.200000 1.215720 -0.595447 120 106 82
-3.200000 1.227823 -0.639608 120 106 82
-3.200000 1.222356 -0.594677 120 106 82
-3.200000 1.213540 -0.641184 119 105 81
-3.200000 1.222467 -0.731268 119 105 81
-3.200000 1.238757 -0.729470 119 105 81
-3.200000 1.213540 -0.641184 119 105 81
-3.200000 1.238757 -0.729470 119 105 81
-3.200000 1.227823 -0.639608 119 105 81
-3.200000 1.222356 -0.594677 120 105 81
-3.200000 1.227823 -0.639608 120 105 81
-3.200000 1.234951 -0.638700 120 105 81
-3.200000 1.222356 -0.594677 120 105 81
-3.200000 1.234951 -0.638700 120 105 81
-3.200000 1.228983 -0.593833 120 105 81
-3.200000 1.228983 -0.593833 118 103 80
-3.200000 1.234951 -0.638700 118 103 80
-3.200000 1.242068 -0.637713 118 103 80
-3.200000 1.228983 -0.593833 118 103 80
-3.200000 1.242068 -0.637713 118 103 80
-3.200000 1.235601 -0.592915 118 103 80
-3.200000 1.227823 -0.639608 118 104 80
-3.200000 1.238757 -0.729470 118 104 80
-3.200000 1.255003 -0.727309 118 104 80
-3.200000 1.227823 -0.639608 118 104 80
-3.200000 1.255003 -0.727309 118 104 80
-3.200000 1.242068 -0.637713 118 104 80
-3.200000 1.222467 -0.731268 119 104 81
-3.200000 1.240321 -0.911436 119 104 81
-3.200000 1.280874 -0.906501 119 104 81
-3.200000 1.222467 -0.731268 119 104 81
-3.200000 1.280874 -0.906501 119 104 81
-3.200000 1.255003 -0.727309 119 104 81
-3.200000 1.199589 -0.914557 120 105 82
-3.200000 1.219193 -1.276126 120 105 82
-3.200000 1.332615 -1.264886 120 105 82
-3.200000 1.199589 -0.914557 120 105 82
-3.200000 1.332615 -1.264886 120 105 82
-3.200000 1.280874 -0.906501 120 105 82
-3.200000 1.105222 -1.277215 119 105 81
-3.200000 1.075369 -2.128692 119 105 81
-3.200000 1.454358 -2.108143 119 105 81
-3.200000 1.105222 -1.277215 119 105 81
-3.200000 1.454358 -2.108143 119 105 81
-3.200000 1.332615 -1.264886 119 105 81
-3.200000 1.235601 -0.592915 120 105 81
-3.200000 1.242068 -0.637713 120 105 81
-3.200000 1.249174 -0.636647 120 105 81
-3.200000 1.235601 -0.592915 120 105 81
-3.200000 1.249174 -0.636647 120 105 81
-3.200000 1.242207 -0.591924 120 105 81
-3.200000 1.242207 -0.591924 119 105 81
-3.200000 1.249174 -0.636647 119 105 81
-3.200000 1.256267 -0.635501 119 105 81
-3.200000 1.242207 -0.591924 119 105 81
-3.200000 1.256267 -0.635501 119 105 81
-3.200000 1.248802 -0.590859 119 105 81
-3.200000 1.242068 -0.637713 119 105 81
-3.200000 1.255003 -0.727309 119 105 81
-3.200000 1.271197 -0.724787 119 105 81
-3.200000 1.242068 -0.637713 119 105 81
-3.200000 1.271197 -0.724787 119 105 81
-3.200000 1.256267 -0.635501 119 105 81
-3.200000 1.256267 -0.635501 118 104 80
-3.200000 1.271197 -0.724787 118 104 80
-3.200000 1.287331 -0.721904 118 104 80
-3.200000 1.256267 -0.635501 118 104 80
-3.200000 1.287331 -0.721904 118 104 80
-3.200000 1.270414 -0.632973 118 104 80
-3.200000 1.255003 -0.727309 121 106 82
-3.200000 1.280874 -0.906501 121 106 82
-3.200000 1.321166 -0.899764 121 106 82
-3.200000 1.255003 -0.727309 121 106 82
-3.200000 1.321166 -0.899764 121 106 82
-3.200000 1.287331 -0.721904 121 106 82
-3.200000 1.270414 -0.632973 119 104 81
-3.200000 1.287331 -0.721904 119 104 81
-3.200000 1.303396 -0.718661 119 104 81
-3.200000 1.270414 -0.632973 119 104 81
-3.200000 1.303396 -0.718661 119 104 81
-3.200000 1.284500 -0.630131 119 104 81
-3.200000 1.284500 -0.630131 119 104 80
-3.200000 1.303396 -0.718661 119 104 80
-3.200000 1.319386 -0.715062 119 104 80
-3.200000 1.284500 -0.630131 119 104 80
-3.200000 1.319386 -0.715062 119 104 80
-3.200000 1.298519 -0.626974 119 104 80
-3.200000 1.287331 -0.721904 119 105 81
-3.200000 1.321166 -0.899764 119 105 81
-3.200000 1.361118 -0.891236 119 105 81
-3.200000 1.287331 -0.721904 119 105 81
-3.200000 1.361118 -0.891236 119 105 81
-3.200000 1.319386 -0.715062 119 105 81
-3.200000 1.280874 -0.906501 119 105 81
-3.200000 1.332615 -1.264886 119 105 81
-3.200000 1.444584 -1.243585 119 105 81
-3.200000 1.280874 -0.906501 119 105 81
-3.200000 1.444584 -1.243585 119 105 81
-3.200000 1.361118 -0.891236 119 105 81
-3.200000 1.298519 -0.626974 120 106 82
-3.200000 1.319386 -0.715062 120 106 82
-3.200000 1.335290 -0.711106 120 106 82
-3.200000 1.298519 -0.626974 120 106 82
-3.200000 1.335290 -0.711106 120 106 82
-3.200000 1.312465 -0.623506 120 106 82
-3.200000 1.312465 -0.623506 121 106 82
-3.200000 1.335290 -0.711106 121 106 82
-3.200000 1.351103 -0.706797 121 106 82
-3.200000 1.312465 -0.623506 121 106 82
-3.200000 1.351103 -0.706797 121 106 82
-3.200000 1.326329 -0.619728 121 106 82
-3.200000 1.319386 -0.715062 119 104 80
-3.200000 1.361118 -0.891236 119 104 80
-3.200000 1.400650 -0.880935 119 104 80
-3.200000 1.319386 -0.715062 119 104 80
-3.200000 1.400650 -0.880935 119 104 80
-3.200000 1.351103 -0.706797 119 104 80
-3.200000 1.326329 -0.619728 118 104 80
-3.200000 1.351103 -0.706797 118 104 80
-3.200000 1.366816 -0.702136 118 104 80
-3.200000 1.326329 -0.619728 118 104 80
-3.200000 1.366816 -0.702136 118 104 80
-3.200000 1.340106 -0.615641 118 104 80
-3.200000 1.340106 -0.615641 119 104 81
-3.200000 1.366816 -0.702136 119 104 81
-3.200000 1.382420 -0.697126 119 104 81
-3.200000 1.340106 -0.615641 119 104 81
-3.200000 1.382420 -0.697126 119 104 81
-3.200000 1.353789 -0.611249 119 104 81
-3.200000 1.351103 -0.706797 118 104 80
-3.200000 1.400650 -0.880935 118 104 80
-3.200000 1.439683 -0.868882 118 104 80
-3.200000 1.351103 -0.706797 118 104 80
-3.200000 1.439683 -0.868882 118 104 80
-3.200000 1.382420 -0.697126 118 104 80
-3.200000 1.361118 -0.891236 119 104 81
-3.200000 1.444584 -1.243585 119 104 81
-3.200000 1.554209 -1.212394 119 104 81
-3.200000 1.361118 -0.891236 119 104 81
-3.200000 1.554209 -1.212394 119 104 81
-3.200000 1.439683 -0.868882 119 104 81
-3.200000 1.332615 -1.264886 119 105 81
-3.200000 1.454358 -2.108143 119 105 81
-3.200000 1.823682 -2.020656 119 105 81
-3.200000 1.332615 -1.264886 119 105 81
-3.200000 1.823682 -2.020656 119 105 81
-3.200000 1.554209 -1.212394 119 105 81
-3.200000 1.353789 -0.611249 118 104 80
-3.200000 1.382420 -0.697126 118 104 80
-3.200000 1.397910 -0.691770 118 104 80
-3.200000 1.353789 -0.611249 118 104 80
-3.200000 1.397910 -0.691770 118 104 80
-3.200000 1.367370 -0.606552 118 104 80
-3.200000 1.367370 -0.606552 120 106 82
-3.200000 1.397910 -0.691770 120 106 82
-3.200000 1.413275 -0.686069 120 106 82
-3.200000 1.367370 -0.606552 120 106 82
-3.200000 1.413275 -0.686069 120 106 82
-3.200000 1.380843 -0.601553 120 106 82
-3.200000 1.382420 -0.697126 121 107 83
-3.200000 1.439683 -0.868882 121 107 83
-3.200000 1.478140 -0.855100 121 107 83
-3.200000 1.382420 -0.697126 121 107 83
-3.200000 1.478140 -0.855100 121 107 83
-3.200000 1.413275 -0.686069 121 107 83
-3.200000 1.380843 -0.601553 120 106 82
-3.200000 1.413275 -0.686069 120 106 82
-3.200000 1.428510 -0.680027 120 106 82
-3.200000 1.380843 -0.601553 120 106 82
-3.200000 1.428510 -0.680027 120 106 82
-3.200000 1.394201 -0.596255 120 106 82
-3.200000 1.394201 -0.596255 121 106 82
-3.200000 1.428510 -0.680027 121 106 82
-3.200000 1.443607 -0.673647 121 106 82
-3.200000 1.394201 -0.596255 121 106 82
-3.200000 1.443607 -0.673647 121 106 82
-3.200000 1.407438 -0.590661 121 106 82
-3.200000 1.413275 -0.686069 119 105 81
-3.200000 1.478140 -0.855100 119 105 81
-3.200000 1.515945 -0.839617 119 105 81
-3.200000 1.413275 -0.686069 119 105 81
-3.200000 1.515945 -0.839617 119 105 81
-3.200000 1.443607 -0.673647 119 105 81
-3.200000 1.439683 -0.868882 120 105 82
-3.200000 1.554209 -1.212394 120 105 82
-3.200000 1.660620 -1.171559 120 105 82
-3.200000 1.439683 -0.868882 120 105 82
-3.200000 1.660620 -1.171559 120 105 82
-3.200000 1.515945 -0.839617 120 105 82
-3.200000 1.425522 -0.632154 120 106 82
-3.200000 1.443607 -0.673647 120 106 82
-3.200000 1.451101 -0.670331 120 106 82
-3.200000 1.425522 -0.632154 120 106 82
-3.200000 1.451101 -0.670331 120 106 82
-3.200000 1.432554 -0.629042 120 106 82
-3.200000 1.432554 -0.629042 119 105 81
-3.200000 1.451101 -0.670331 119 105 81
-3.200000 1.458557 -0.666931 119 105 81
-3.200000 1.432554 -0.629042 119 105 81
-3.200000 1.458557 -0.666931 119 105 81
-3.200000 1.439552 -0.625852 119 105 81
-3.200000 1.439552 -0.625852 119 104 81
-3.200000 1.458557 -0.666931 119 104 81
-3.200000 1.465975 -0.663449 119 104 81
-3.200000 1.439552 -0.625852 119 104 81
-3.200000 1.465975 -0.663449 119 104 81
-3.200000 1.446513 -0.622584 119 104 81
-3.200000 1.446513 -0.622584 118 104 80
-3.200000 1.465975 -0.663449 118 104 80
-3.200000 1.473354 -0.659884 118 104 80
-3.200000 1.446513 -0.622584 118 104 80
-3.200000 1.473354 -0.659884 118 104 80
-3.200000 1.453437 -0.619239 118 104 80
-3.200000 1.443607 -0.673647 121 106 82
-3.200000 1.515945 -0.839617 121 106 82
-3.200000 1.553021 -0.822464 121 106 82
-3.200000 1.443607 -0.673647 121 106 82
-3.200000 1.553021 -0.822464 121 106 82
-3.200000 1.473354 -0.659884 121 106 82
-3.200000 1.453437 -0.619239 119 105 81
-3.200000 1.473354 -0.659884 119 105 81
-3.200000 1.480692 -0.656237 119 105 81
-3.200000 1.453437 -0.619239 119 105 81
-3.200000 1.480692 -0.656237 119 105 81
-3.200000 1.460324 -0.615817 119 105 81
-3.200000 1.460324 -0.615817 119 104 81
-3.200000 1.480692 -0.656237 119 104 81
-3.200000 1.487990 -0.652509 119 104 81
-3.200000 1.460324 -0.615817 119 104 81
-3.200000 1.487990 -0.652509 119 104 81
-3.200000 1.467172 -0.612318 119 104 81
-3.200000 1.467172 -0.612318 120 106 82
-3.200000 1.487990 -0.652509 120 106 82
-3.200000 1.495245 -0.648699 120 106 82
-3.200000 1.467172 -0.612318 120 106 82
-3.200000 1.495245 -0.648699 120 106 82
-3.200000 1.473980 -0.608743 120 106 82
-3.200000 1.473980 -0.608743 119 105 81
-3.200000 1.495245 -0.648699 119 105 81
-3.200000 1.502458 -0.644809 119 105 81
-3.200000 1.473980 -0.608743 119 105 81
-3.200000 1.502458 -0.644809 119 105 81
-3.200000 1.480748 -0.605092 119 105 81
-3.200000 1.473354 -0.659884 118 104 80
-3.200000 1.553021 -0.822464 118 104 80
-3.200000 1.589295 -0.803674 118 104 80
-3.200000 1.473354 -0.659884 118 104 80
-3.200000 1.589295 -0.803674 118 104 80
-3.200000 1.502458 -0.644809 118 104 80
-3.200000 1.515945 -0.839617 119 105 81
-3.200000 1.660620 -1.171559 119 105 81
-3.200000 1.762970 -1.121406 119 105 81
-3.200000 1.515945 -0.839617 119 105 81
-3.200000 1.762970 -1.121406 119 105 81
-3.200000 1.589295 -0.803674 119 105 81
-3.200000 1.554209 -1.212394 120 105 81
-3.200000 1.823682 -2.020656 120 105 81
-3.200000 2.171616 -1.869010 120 105 81
-3.200000 1.554209 -1.212394 120 105 81
-3.200000 2.171616 -1.869010 120 105 81
-3.200000 1.762970 -1.121406 120 105 81
-3.200000 1.480748 -0.605092 118 104 80
-3.200000 1.502458 -0.644809 118 104 80
-3.200000 1.509626 -0.640838 118 104 80
-3.200000 1.480748 -0.605092 118 104 80
-3.200000 1.509626 -0.640838 118 104 80
-3.200000 1.487475 -0.601366 118 104 80
-3.200000 1.487475 -0.601366 121 106 82
-3.200000 1.509626 -0.640838 121 106 82
-3.200000 1.516750 -0.636788 121 106 82
-3.200000 1.487475 -0.601366 121 106 82
-3.200000 1.516750 -0.636788 121 106 82
-3.200000 1.494161 -0.597565 121 106 82
-3.200000 1.494161 -0.597565 119 104 81
-3.200000 1.516750 -0.636788 119 104 81
-3.200000 1.523829 -0.632658 119 104 81
-3.200000 1.494161 -0.597565 119 104 81
-3.200000 1.523829 -0.632658 119 104 81
-3.200000 1.500803 -0.593690 119 104 81
-3.200000 1.502458 -0.644809 121 106 82
-3.200000 1.589295 -0.803674 121 106 82
-3.200000 1.624695 -0.783286 121 106 82
-3.200000 1.502458 -0.644809 121 106 82
-3.200000 1.624695 -0.783286 121 106 82
-3.200000 1.530860 -0.628450 121 106 82
-3.200000 1.530860 -0.628450 119 104 81
-3.200000 1.624695 -0.783286 119 104 81
-3.200000 1.659151 -0.761339 119 104 81
-3.200000 1.530860 -0.628450 119 104 81
-3.200000 1.659151 -0.761339 119 104 81
-3.200000 1.558505 -0.610842 119 104 81
-3.200000 1.589295 -0.803674 121 106 82
-3.200000 1.762970 -1.121406 121 106 82
-3.200000 1.860444 -1.062334 121 106 82
-3.200000 1.589295 -0.803674 121 106 82
-3.200000 1.860444 -1.062334 121 106 82
-3.200000 1.659151 -0.761339 121 106 82
-3.200000 1.558505 -0.610842 119 105 81
-3.200000 1.659151 -0.761339 119 105 81
-3.200000 1.692595 -0.737878 119 105 81
-3.200000 1.558505 -0.610842 119 105 81
-3.200000 1.692595 -0.737878 119 105 81
-3.200000 1.585338 -0.592018 119 105 81
-3.200000 1.612152 -0.628483 118 104 80
-3.200000 1.638966 -0.664948 118 104 80
-3.200000 1.646351 -0.659454 118 104 80
-3.200000 1.612152 -0.628483 118 104 80
-3.200000 1.646351 -0.659454 118 104 80
-3.200000 1.619132 -0.623291 118 104 80
-3.200000 1.619132 -0.623291 121 106 82
-3.200000 1.646351 -0.659454 121 106 82
-3.200000 1.653674 -0.653878 121 106 82
-3.200000 1.619132 -0.623291 121 106 82
-3.200000 1.653674 -0.653878 121 106 82
-3.200000 1.626053 -0.618020 121 106 82
-3.200000 1.638966 -0.664948 119 104 80
-3.200000 1.692595 -0.737878 119 104 80
-3.200000 1.708915 -0.725594 119 104 80
-3.200000 1.638966 -0.664948 119 104 80
-3.200000 1.708915 -0.725594 119 104 80
-3.200000 1.653674 -0.653878 119 104 80
-3.200000 1.626053 -0.618020 120 105 81
-3.200000 1.653674 -0.653878 120 105 81
-3.200000 1.660934 -0.648221 120 105 81
-3.200000 1.626053 -0.618020 120 105 81
-3.200000 1.660934 -0.648221 120 105 81
-3.200000 1.632915 -0.612673 120 105 81
-3.200000 1.632915 -0.612673 121 106 82
-3.200000 1.660934 -0.648221 121 106 82
-3.200000 1.668131 -0.642483 121 106 82
-3.200000 1.632915 -0.612673 121 106 82
-3.200000 1.668131 -0.642483 121 106 82
-3.200000 1.639717 -0.607250 121 106 82
-3.200000 1.653674 -0.653878 119 104 81
-3.200000 1.708915 -0.725594 119 104 81
-3.200000 1.724958 -0.712949 119 104 81
-3.200000 1.653674 -0.653878 119 104 81
-3.200000 1.724958 -0.712949 119 104 81
-3.200000 1.668131 -0.642483 119 104 81
-3.200000 1.659151 -0.761339 120 106 82
-3.200000 1.860444 -1.062334 120 106 82
-3.200000 1.952267 -0.994812 120 106 82
-3.200000 1.659151 -0.761339 120 106 82
-3.200000 1.952267 -0.994812 120 106 82
-3.200000 1.724958 -0.712949 120 106 82
-3.200000 1.762970 -1.121406 119 105 81
-3.200000 2.171616 -1.869010 119 105 81
-3.200000 2.487112 -1.658020 119 105 81
-3.200000 1.762970 -1.121406 119 105 81
-3.200000 2.487112 -1.658020 119 105 81
-3.200000 1.952267 -0.994812 119 105 81
-3.200000 1.639717 -0.607250 121 106 82
-3.200000 1.668131 -0.642483 121 106 82
-3.200000 1.675263 -0.636665 121 106 82
-3.200000 1.639717 -0.607250 121 106 82
-3.200000 1.675263 -0.636665 121 106 82
-3.200000 1.646459 -0.601751 121 106 82
-3.200000 1.646459 -0.601751 119 105 81
-3.200000 1.675263 -0.636665 119 105 81
-3.200000 1.682330 -0.630768 119 105 81
-3.200000 1.646459 -0.601751 119 105 81
-3.200000 1.682330 -0.630768 119 105 81
-3.200000 1.653138 -0.596177 119 105 81
-3.200000 1.668131 -0.642483 119 105 81
-3.200000 1.724958 -0.712949 119 105 81
-3.200000 1.740715 -0.699949 119 105 81
-3.200000 1.668131 -0.642483 119 105 81
-3.200000 1.740715 -0.699949 119 105 81
-3.200000 1.682330 -0.630768 119 105 81
-3.200000 1.653138 -0.596177 119 105 81
-3.200000 1.682330 -0.630768 119 105 81
-3.200000 1.689331 -0.624792 119 105 81
-3.200000 1.653138 -0.596177 119 105 81
-3.200000 1.689331 -0.624792 119 105 81
-3.200000 1.659755 -0.590530 119 105 81
-3.200000 1.682330 -0.630768 120 105 82
-3.200000 1.740715 -0.699949 120 105 82
-3.200000 1.756178 -0.686601 120 105 82
-3.200000 1.682330 -0.630768 120 105 82
-3.200000 1.756178 -0.686601 120 105 82
-3.200000 1.696265 -0.618739 120 105 82
-3.200000 1.696265 -0.618739 119 104 80
-3.200000 1.756178 -0.686601 119 104 80
-3.200000 1.771340 -0.672912 119 104 80
-3.200000 1.696265 -0.618739 119 104 80
-3.200000 1.771340 -0.672912 119 104 80
-3.200000 1.709928 -0.606403 119 104 80
-3.200000 1.709928 -0.606403 119 105 81
-3.200000 1.771340 -0.672912 119 105 81
-3.200000 1.786192 -0.658887 119 105 81
-3.200000 1.709928 -0.606403 119 105 81
-3.200000 1.786192 -0.658887 119 105 81
-3.200000 1.723312 -0.593765 119 105 81
-3.200000 1.724958 -0.712949 120 105 82
-3.200000 1.952267 -0.994812 120 105 82
-3.200000 2.037710 -0.919378 120 105 82
-3.200000 1.724958 -0.712949 120 105 82
-3.200000 2.037710 -0.919378 120 105 82
-3.200000 1.786192 -0.658887 120 105 82
-3.200000 1.754752 -0.626326 121 107 83
-3.200000 1.786192 -0.658887 121 107 83
-3.200000 1.793500 -0.651752 121 107 83
-3.200000 1.754752 -0.626326 121 107 83
-3.200000 1.793500 -0.651752 121 107 83
-3.200000 1.761699 -0.619543 121 107 83
-3.200000 1.761699 -0.619543 121 107 83
-3.200000 1.793500 -0.651752 121 107 83
-3.200000 1.800728 -0.644535 121 107 83
-3.200000 1.761699 -0.619543 121 107 83
-3.200000 1.800728 -0.644535 121 107 83
-3.200000 1.768570 -0.612683 121 107 83
-3.200000 1.768570 -0.612683 120 106 82
-3.200000 1.800728 -0.644535 120 106 82
-3.200000 1.807875 -0.637239 120 106 82
-3.200000 1.768570 -0.612683 120 106 82
-3.200000 1.807875 -0.637239 120 106 82
-3.200000 1.775364 -0.605747 120 106 82
-3.200000 1.775364 -0.605747 121 107 83
-3.200000 1.807875 -0.637239 121 107 83
-3.200000 1.814940 -0.629863 121 107 83
-3.200000 1.775364 -0.605747 121 107 83
-3.200000 1.814940 -0.629863 121 107 83
-3.200000 1.782080 -0.598736 121 107 83
-3.200000 1.782080 -0.598736 120 105 82
-3.200000 1.814940 -0.629863 120 105 82
-3.200000 1.821923 -0.622409 120 105 82
-3.200000 1.782080 -0.598736 120 105 82
-3.200000 1.821923 -0.622409 120 105 82
-3.200000 1.788717 -0.591650 120 105 82
-3.200000 1.786192 -0.658887 120 105 82
-3.200000 2.037710 -0.919378 120 105 82
-3.200000 2.116091 -0.836631 120 105 82
-3.200000 1.786192 -0.658887 120 105 82
-3.200000 2.116091 -0.836631 120 105 82
-3.200000 1.842366 -0.599585 120 105 82
-3.200000 1.952267 -0.994812 120 105 81
-3.200000 2.487112 -1.658020 120 105 81
-3.200000 2.760153 -1.394385 120 105 81
-3.200000 1.952267 -0.994812 120 105 81
-3.200000 2.760153 -1.394385 120 105 81
-3.200000 2.116091 -0.836631 120 105 81
-3.200000 1.842366 -0.599585 119 105 81
-3.200000 1.876581 -0.629216 119 105 81
-3.200000 1.883553 -0.621075 119 105 81
-3.200000 1.842366 -0.599585 119 105 81
-3.200000 1.883553 -0.621075 119 105 81
-3.200000 1.849009 -0.591827 119 105 81
-3.200000 1.876581 -0.629216 120 106 82
-3.200000 1.910797 -0.658847 120 106 82
-3.200000 1.918097 -0.650322 120 106 82
-3.200000 1.876581 -0.629216 120 106 82
-3.200000 1.918097 -0.650322 120 106 82
-3.200000 1.883553 -0.621075 120 106 82
-3.200000 1.883553 -0.621075 120 105 81
-3.200000 1.918097 -0.650322 120 105 81
-3.200000 1.925301 -0.641716 120 105 81
-3.200000 1.883553 -0.621075 120 105 81
-3.200000 1.925301 -0.641716 120 105 81
-3.200000 1.890433 -0.612856 120 105 81
-3.200000 1.910797 -0.658847 120 105 81
-3.200000 1.979228 -0.718108 120 105 81
-3.200000 1.995037 -0.699437 120 105 81
-3.200000 1.910797 -0.658847 120 105 81
-3.200000 1.995037 -0.699437 120 105 81
-3.200000 1.925301 -0.641716 120 105 81
-3.200000 1.890433 -0.612856 120 106 82
-3.200000 1.925301 -0.641716 120 106 82
-3.200000 1.932409 -0.633030 120 106 82
-3.200000 1.890433 -0.612856 120 106 82
-3.200000 1.932409 -0.633030 120 106 82
-3.200000 1.897221 -0.604561 120 106 82
-3.200000 1.897221 -0.604561 120 105 82
-3.200000 1.932409 -0.633030 120 105 82
-3.200000 1.939420 -0.624266 120 105 82
-3.200000 1.897221 -0.604561 120 105 82
-3.200000 1.939420 -0.624266 120 105 82
-3.200000 1.903916 -0.596191 120 105 82
-3.200000 1.925301 -0.641716 120 105 81
-3.200000 1.995037 -0.699437 120 105 81
-3.200000 2.010426 -0.680417 120 105 81
-3.200000 1.925301 -0.641716 120 105 81
-3.200000 2.010426 -0.680417 120 105 81
-3.200000 1.939420 -0.624266 120 105 81
-3.200000 1.979228 -0.718108 118 103 80
-3.200000 2.116091 -0.836631 118 103 80
-3.200000 2.152437 -0.792719 118 103 80
-3.200000 1.979228 -0.718108 118 103 80
-3.200000 2.152437 -0.792719 118 103 80
-3.200000 2.010426 -0.680417 118 103 80
-3.200000 1.939420 -0.624266 121 106 83
-3.200000 2.010426 -0.680417 121 106 83
-3.200000 2.025386 -0.661059 121 106 83
-3.200000 1.939420 -0.624266 121 106 83
-3.200000 2.025386 -0.661059 121 106 83
-3.200000 1.953145 -0.606506 121 106 83
-3.200000 1.953145 -0.606506 121 106 82
-3.200000 1.989266 -0.633782 121 106 82
-3.200000 1.996281 -0.624384 121 106 82
-3.200000 1.953145 -0.606506 121 106 82
-3.200000 1.996281 -0.624384 121 106 82
-3.200000 1.959859 -0.597512 121 106 82
-3.200000 1.989266 -0.633782 119 105 81
-3.200000 2.025386 -0.661059 119 105 81
-3.200000 2.032703 -0.651256 119 105 81
-3.200000 1.989266 -0.633782 119 105 81
-3.200000 2.032703 -0.651256 119 105 81
-3.200000 1.996281 -0.624384 119 105 81
-3.200000 1.996281 -0.624384 119 104 81
-3.200000 2.032703 -0.651256 119 104 81
-3.200000 2.039911 -0.641372 119 104 81
-3.200000 1.996281 -0.624384 119 104 81
-3.200000 2.039911 -0.641372 119 104 81
-3.200000 2.003191 -0.614908 119 104 81
-3.200000 2.010426 -0.680417 120 105 81
-3.200000 2.152437 -0.792719 120 105 81
-3.200000 2.186789 -0.747230 120 105 81
-3.200000 2.010426 -0.680417 120 105 81
-3.200000 2.186789 -0.747230 120 105 81
-3.200000 2.039911 -0.641372 120 105 81
-3.200000 2.003191 -0.614908 119 104 81
-3.200000 2.039911 -0.641372 119 104 81
-3.200000 2.047008 -0.631408 119 104 81
-3.200000 2.003191 -0.614908 119 104 81
-3.200000 2.047008 -0.631408 119 104 81
-3.200000 2.009995 -0.605355 119 104 81
-3.200000 2.009995 -0.605355 120 105 82
-3.200000 2.047008 -0.631408 120 105 82
-3.200000 2.053993 -0.621366 120 105 82
-3.200000 2.009995 -0.605355 120 105 82
-3.200000 2.053993 -0.621366 120 105 82
-3.200000 2.016692 -0.595727 120 105 82
-3.200000 2.039911 -0.641372 118 104 80
-3.200000 2.186789 -0.747230 118 104 80
-3.200000 2.219078 -0.700254 118 104 80
-3.200000 2.039911 -0.641372 118 104 80
-3.200000 2.219078 -0.700254 118 104 80
-3.200000 2.067626 -0.601051 118 104 80
-3.200000 2.067626 -0.601051 119 104 81
-3.200000 2.105489 -0.625852 119 104 81
-3.200000 2.112408 -0.615158 119 104 81
-3.200000 2.067626 -0.601051 119 104 81
-3.200000 2.112408 -0.615158 119 104 81
-3.200000 2.074271 -0.590781 119 104 81
-3.200000 2.105489 -0.625852 120 105 81
-3.200000 2.143352 -0.650653 120 105 81
-3.200000 2.150546 -0.639535 120 105 81
-3.200000 2.105489 -0.625852 120 105 81
-3.200000 2.150546 -0.639535 120 105 81
-3.200000 2.112408 -0.615158 120 105 81
-3.200000 2.112408 -0.615158 120 106 82
-3.200000 2.150546 -0.639535 120 106 82
-3.200000 2.157615 -0.628338 120 106 82
-3.200000 2.112408 -0.615158 120 106 82
-3.200000 2.157615 -0.628338 120 106 82
-3.200000 2.119209 -0.604388 120 106 82
-3.200000 2.143352 -0.650653 120 105 81
-3.200000 2.219078 -0.700254 120 105 81
-3.200000 2.234429 -0.676238 120 105 81
-3.200000 2.143352 -0.650653 120 105 81
-3.200000 2.234429 -0.676238 120 105 81
-3.200000 2.157615 -0.628338 120 105 81
-3.200000 2.119209 -0.604388 120 106 82
-3.200000 2.157615 -0.628338 120 106 82
-3.200000 2.164560 -0.617062 120 106 82
-3.200000 2.119209 -0.604388 120 106 82
-3.200000 2.164560 -0.617062 120 106 82
-3.200000 2.125888 -0.593542 120 106 82
-3.200000 2.125888 -0.593542 119 104 81
-3.200000 2.164560 -0.617062 119 104 81
-3.200000 2.171378 -0.605710 119 104 81
-3.200000 2.125888 -0.593542 119 104 81
-3.200000 2.171378 -0.605710 119 104 81
-3.200000 2.132446 -0.582622 119 104 81
-3.200000 2.157615 -0.628338 118 103 80
-3.200000 2.234429 -0.676238 118 103 80
-3.200000 2.249240 -0.651885 118 103 80
-3.200000 2.157615 -0.628338 118 103 80
-3.200000 2.249240 -0.651885 118 103 80
-3.200000 2.171378 -0.605710 118 103 80
-3.200000 2.116091 -0.836631 121 106 83
-3.200000 2.760153 -1.394385 121 106 83
-3.200000 2.982068 -1.086475 121 106 83
-3.200000 2.116091 -0.836631 121 106 83
-3.200000 2.982068 -1.086475 121 106 83
-3.200000 2.249240 -0.651885 121 106 83
-3.200000 2.132446 -0.582622 118 104 80
-3.200000 2.171378 -0.605710 118 104 80
-3.200000 2.178069 -0.594283 118 104 80
-3.200000 2.132446 -0.582622 118 104 80
-3.200000 2.178069 -0.594283 118 104 80
-3.200000 2.138882 -0.571630 118 104 80
-3.200000 2.138882 -0.571630 118 103 80
-3.200000 2.178069 -0.594283 118 103 80
-3.200000 2.184632 -0.582781 118 103 80
-3.200000 2.138882 -0.571630 118 103 80
-3.200000 2.184632 -0.582781 118 103 80
-3.200000 2.145195 -0.560567 118 103 80
-3.200000 2.171378 -0.605710 120 106 82
-3.200000 2.249240 -0.651885 120 106 82
-3.200000 2.263505 -0.627208 120 106 82
-3.200000 2.171378 -0.605710 120 106 82
-3.200000 2.263505 -0.627208 120 106 82
-3.200000 2.184632 -0.582781 120 106 82
-3.200000 2.145195 -0.560567 120 106 82
-3.200000 2.184632 -0.582781 120 106 82
-3.200000 2.191066 -0.571207 120 106 82
-3.200000 2.145195 -0.560567 120 106 82
-3.200000 2.191066 -0.571207 120 106 82
-3.200000 2.151385 -0.549435 120 106 82
-3.200000 2.151385 -0.549435 118 104 80
-3.200000 2.191066 -0.571207 118 104 80
-3.200000 2.197371 -0.559562 118 104 80
-3.200000 2.151385 -0.549435 118 104 80
-3.200000 2.197371 -0.559562 118 104 80
-3.200000 2.157449 -0.538234 118 104 80
-3.200000 2.184632 -0.582781 119 104 81
-3.200000 2.263505 -0.627208 119 104 81
-3.200000 2.277216 -0.602220 119 104 81
-3.200000 2.184632 -0.582781 119 104 81
-3.200000 2.277216 -0.602220 119 104 81
-3.200000 2.197371 -0.559562 119 104 81
-3.200000 2.157449 -0.538234 120 105 81
-3.200000 2.197371 -0.559562 120 105 81
-3.200000 2.203546 -0.547848 120 105 81
-3.200000 2.157449 -0.538234 120 105 81
-3.200000 2.203546 -0.547848 120 105 81
-3.200000 2.163389 -0.526966 120 105 81
-3.200000 2.123231 -0.506084 120 105 81
-3.200000 2.163389 -0.526966 120 105 81
-3.200000 2.169202 -0.515632 120 105 81
-3.200000 2.123231 -0.506084 120 105 81
-3.200000 2.169202 -0.515632 120 105 81
-3.200000 2.128814 -0.495199 120 105 81
-3.200000 2.163389 -0.526966 121 106 82
-3.200000 2.203546 -0.547848 121 106 82
-3.200000 2.209590 -0.536065 121 106 82
-3.200000 2.163389 -0.526966 121 106 82
-3.200000 2.209590 -0.536065 121 106 82
-3.200000 2.169202 -0.515632 121 106 82
-3.200000 2.197371 -0.559562 120 105 82
-3.200000 2.277216 -0.602220 120 105 82
-3.200000 2.290366 -0.576931 120 105 82
-3.200000 2.197371 -0.559562 120 105 82
-3.200000 2.290366 -0.576931 120 105 82
-3.200000 2.209590 -0.536065 120 105 82
-3.200000 2.128814 -0.495199 121 106 82
-3.200000 2.209590 -0.536065 121 106 82
-3.200000 2.221282 -0.512301 121 106 82
-3.200000 2.128814 -0.495199 121 106 82
-3.200000 2.221282 -0.512301 121 106 82
-3.200000 2.139614 -0.473247 121 106 82
-3.200000 2.209590 -0.536065 120 105 81
-3.200000 2.290366 -0.576931 120 105 81
-3.200000 2.302949 -0.551356 120 105 81
-3.200000 2.209590 -0.536065 120 105 81
-3.200000 2.302949 -0.551356 120 105 81
-3.200000 2.221282 -0.512301 120 105 81
-3.200000 2.139614 -0.473247 119 105 81
-3.200000 2.302949 -0.551356 119 105 81
-3.200000 2.326388 -0.499395 119 105 81
-3.200000 2.139614 -0.473247 119 105 81
-3.200000 2.326388 -0.499395 119 105 81
-3.200000 2.159733 -0.428647 119 105 81
-3.200000 2.122592 -0.400140 120 105 81
-3.200000 2.164450 -0.417361 120 105 81
-3.200000 2.169041 -0.406022 120 105 81
-3.200000 2.122592 -0.400140 120 105 81
-3.200000 2.169041 -0.406022 120 105 81
-3.200000 2.126993 -0.389269 120 105 81
-3.200000 2.126993 -0.389269 119 104 81
-3.200000 2.169041 -0.406022 119 104 81
-3.200000 2.173506 -0.394633 119 104 81
-3.200000 2.126993 -0.389269 119 104 81
-3.200000 2.173506 -0.394633 119 104 81
-3.200000 2.131274 -0.378350 119 104 81
-3.200000 2.131274 -0.378350 121 106 82
-3.200000 2.173506 -0.394633 121 106 82
-3.200000 2.177843 -0.383195 121 106 82
-3.200000 2.131274 -0.378350 121 106 82
-3.200000 2.177843 -0.383195 121 106 82
-3.200000 2.135432 -0.367384 121 106 82
-3.200000 2.159733 -0.428647 121 106 82
-3.200000 2.326388 -0.499395 121 106 82
-3.200000 2.347487 -0.446441 121 106 82
-3.200000 2.159733 -0.428647 121 106 82
-3.200000 2.347487 -0.446441 121 106 82
-3.200000 2.177843 -0.383195 121 106 82
-3.200000 2.249240 -0.651885 120 105 82
-3.200000 2.982068 -1.086475 120 105 82
-3.200000 3.145811 -0.744068 120 105 82
-3.200000 2.249240 -0.651885 120 105 82
-3.200000 3.145811 -0.744068 120 105 82
-3.200000 2.347487 -0.446441 120 105 82
-3.200000 2.135432 -0.367384 121 106 82
-3.200000 2.177843 -0.383195 121 106 82
-3.200000 2.182052 -0.371709 121 106 82
-3.200000 2.135432 -0.367384 121 106 82
-3.200000 2.182052 -0.371709 121 106 82
-3.200000 2.139467 -0.356372 121 106 82
-3.200000 2.139467 -0.356372 119 104 81
-3.200000 2.182052 -0.371709 119 104 81
-3.200000 2.186133 -0.360177 119 104 81
-3.200000 2.139467 -0.356372 119 104 81
-3.200000 2.186133 -0.360177 119 104 81
-3.200000 2.143380 -0.345316 119 104 81
-3.200000 2.143380 -0.345316 120 105 81
-3.200000 2.186133 -0.360177 120 105 81
-3.200000 2.190085 -0.348601 120 105 81
-3.200000 2.143380 -0.345316 120 105 81
-3.200000 2.190085 -0.348601 120 105 81
-3.200000 2.147169 -0.334217 120 105 81
-3.200000 2.147169 -0.334217 121 107 83
-3.200000 2.190085 -0.348601 121 107 83
-3.200000 2.193908 -0.336981 121 107 83
-3.200000 2.147169 -0.334217 121 107 83
-3.200000 2.193908 -0.336981 121 107 83
-3.200000 2.150834 -0.323076 121 107 83
-3.200000 2.177843 -0.383195 120 105 81
-3.200000 2.347487 -0.446441 120 105 81
-3.200000 2.366203 -0.392599 120 105 81
-3.200000 2.177843 -0.383195 120 105 81
-3.200000 2.366203 -0.392599 120 105 81
-3.200000 2.193908 -0.336981 120 105 81
-3.200000 2.150834 -0.323076 119 105 81
-3.200000 2.193908 -0.336981 119 105 81
-3.200000 2.197601 -0.325318 119 105 81
-3.200000 2.150834 -0.323076 119 105 81
-3.200000 2.197601 -0.325318 119 105 81
-3.200000 2.154374 -0.311895 119 105 81
-3.200000 2.154374 -0.311895 121 107 83
-3.200000 2.197601 -0.325318 121 107 83
-3.200000 2.201163 -0.313616 121 107 83
-3.200000 2.154374 -0.311895 121 107 83
-3.200000 2.201163 -0.313616 121 107 83
-3.200000 2.157790 -0.300676 121 107 83
-3.200000 2.157790 -0.300676 120 105 81
-3.200000 2.201163 -0.313616 120 105 81
-3.200000 2.204595 -0.301875 120 105 81
-3.200000 2.157790 -0.300676 120 105 81
-3.200000 2.204595 -0.301875 120 105 81
-3.200000 2.161080 -0.289419 120 105 81
-3.200000 2.161080 -0.289419 121 106 83
-3.200000 2.204595 -0.301875 121 106 83
-3.200000 2.207896 -0.290095 121 106 83
-3.200000 2.161080 -0.289419 121 106 83
-3.200000 2.207896 -0.290095 121 106 83
-3.200000 2.164245 -0.278126 121 106 83
-3.200000 2.193908 -0.336981 120 106 82
-3.200000 2.366203 -0.392599 120 106 82
-3.200000 2.382500 -0.337975 120 106 82
-3.200000 2.193908 -0.336981 120 106 82
-3.200000 2.382500 -0.337975 120 106 82
-3.200000 2.207896 -0.290095 120 106 82
-3.200000 2.120594 -0.266156 121 106 82
-3.200000 2.207896 -0.290095 121 106 82
-3.200000 2.214103 -0.266431 121 106 82
-3.200000 2.120594 -0.266156 121 106 82
-3.200000 2.214103 -0.266431 121 106 82
-3.200000 2.126288 -0.244444 121 106 82
-3.200000 2.126288 -0.244444 120 105 81
-3.200000 2.214103 -0.266431 120 105 81
-3.200000 2.219779 -0.242633 120 105 81
-3.200000 2.126288 -0.244444 120 105 81
-3.200000 2.219779 -0.242633 120 105 81
-3.200000 2.131497 -0.222610 120 105 81
-3.200000 2.207896 -0.290095 120 106 82
-3.200000 2.382500 -0.337975 120 106 82
-3.200000 2.396345 -0.282680 120 106 82
-3.200000 2.207896 -0.290095 120 106 82
-3.200000 2.396345 -0.282680 120 106 82
-3.200000 2.219779 -0.242633 120 106 82
-3.200000 2.131497 -0.222610 122 107 83
-3.200000 2.219779 -0.242633 122 107 83
-3.200000 2.224925 -0.218715 122 107 83
-3.200000 2.131497 -0.222610 122 107 83
-3.200000 2.224925 -0.218715 122 107 83
-3.200000 2.136217 -0.200666 122 107 83
-3.200000 2.136217 -0.200666 121 107 83
-3.200000 2.224925 -0.218715 121 107 83
-3.200000 2.229535 -0.194688 121 107 83
-3.200000 2.136217 -0.200666 121 107 83
-3.200000 2.229535 -0.194688 121 107 83
-3.200000 2.140447 -0.178622 121 107 83
-3.200000 2.219779 -0.242633 120 105 81
-3.200000 2.396345 -0.282680 120 105 81
-3.200000 2.407711 -0.226821 120 105 81
-3.200000 2.219779 -0.242633 120 105 81
-3.200000 2.407711 -0.226821 120 105 81
-3.200000 2.229535 -0.194688 120 105 81
-3.200000 2.347487 -0.446441 121 107 83
-3.200000 3.145811 -0.744068 121 107 83
-3.200000 3.246184 -0.378036 121 107 83
-3.200000 2.347487 -0.446441 121 107 83
-3.200000 3.246184 -0.378036 121 107 83
-3.200000 2.407711 -0.226821 121 107 83
-3.200000 2.140447 -0.178622 121 107 83
-3.200000 2.229535 -0.194688 121 107 83
-3.200000 2.233608 -0.170565 121 107 83
-3.200000 2.140447 -0.178622 121 107 83
-3.200000 2.233608 -0.170565 121 107 83
-3.200000 2.144184 -0.156489 121 107 83
-3.200000 2.144184 -0.156489 120 105 82
-3.200000 2.233608 -0.170565 120 105 82
-3.200000 2.237143 -0.146356 120 105 82
-3.200000 2.144184 -0.156489 120 105 82
-3.200000 2.237143 -0.146356 120 105 82
-3.200000 2.147427 -0.134278 120 105 82
-3.200000 2.229535 -0.194688 119 105 81
-3.200000 2.407711 -0.226821 119 105 81
-3.200000 2.416574 -0.170512 119 105 81
-3.200000 2.229535 -0.194688 119 105 81
-3.200000 2.416574 -0.170512 119 105 81
-3.200000 2.237143 -0.146356 119 105 81
-3.200000 2.147427 -0.134278 122 107 83
-3.200000 2.237143 -0.146356 122 107 83
-3.200000 2.240136 -0.122075 122 107 83
-3.200000 2.147427 -0.134278 122 107 83
-3.200000 2.240136 -0.122075 122 107 83
-3.200000 2.150173 -0.112001 122 107 83
-3.200000 2.150173 -0.112001 121 107 83
-3.200000 2.240136 -0.122075 121 107 83
-3.200000 2.242588 -0.097733 121 107 83
-3.200000 2.150173 -0.112001 121 107 83
-3.200000 2.242588 -0.097733 121 107 83
-3.200000 2.152423 -0.089668 121 107 83
-3.200000 2.237143 -0.146356 119 105 81
-3.200000 2.416574 -0.170512 119 105 81
-3.200000 2.422918 -0.113864 119 105 81
-3.200000 2.237143 -0.146356 119 105 81
-3.200000 2.422918 -0.113864 119 105 81
-3.200000 2.242588 -0.097733 119 105 81
-3.200000 2.152423 -0.089668 119 105 81
-3.200000 2.242588 -0.097733 119 105 81
-3.200000 2.244495 -0.073342 119 105 81
-3.200000 2.152423 -0.089668 119 105 81
-3.200000 2.244495 -0.073342 119 105 81
-3.200000 2.154173 -0.067290 119 105 81
-3.200000 2.154173 -0.067290 121 106 82
-3.200000 2.244495 -0.073342 121 106 82
-3.200000 2.245859 -0.048915 121 106 82
-3.200000 2.154173 -0.067290 121 106 82
-3.200000 2.245859 -0.048915 121 106 82
-3.200000 2.155424 -0.044878 121 106 82
-3.200000 2.242588 -0.097733 122 107 83
-3.200000 2.422918 -0.113864 122 107 83
-3.200000 2.426729 -0.056988 122 107 83
-3.200000 2.242588 -0.097733 122 107 83
-3.200000 2.426729 -0.056988 122 107 83
-3.200000 2.245859 -0.048915 122 107 83
-3.200000 2.155424 -0.044878 119 105 81
-3.200000 2.245859 -0.048915 119 105 81
-3.200000 2.246677 -0.024464 119 105 81
-3.200000 2.155424 -0.044878 119 105 81
-3.200000 2.246677 -0.024464 119 105 81
-3.200000 2.156175 -0.022445 119 105 81
-3.200000 2.156175 -0.022445 119 104 81
-3.200000 2.246677 -0.024464 119 104 81
-3.200000 2.246950 -0.000000 119 104 81
-3.200000 2.156175 -0.022445 119 104 81
-3.200000 2.246950 -0.000000 119 104 81
-3.200000 2.156425 -0.000000 119 104 81
-3.200000 2.245859 -0.048915 122 107 83
-3.200000 2.426729 -0.056988 122 107 83
-3.200000 2.428000 -0.000000 122 107 83
-3.200000 2.245859 -0.048915 122 107 83
-3.200000 2.428000 -0.000000 122 107 83
-3.200000 2.246950 -0.000000 122 107 83
-3.200000 2.407711 -0.226821 119 104 81
-3.200000 3.246184 -0.378036 119 104 81
-3.200000 3.280000 -0.000000 119 104 81
-3.200000 2.407711 -0.226821 119 104 81
-3.200000 3.280000 -0.000000 119 104 81
-3.200000 2.428000 -0.000000 119 104 81
-3.200000 2.156425 0.000000 121 106 82
-3.200000 2.246950 0.000000 121 106 82
-3.200000 2.246677 0.024464 121 106 82
-3.200000 2.156425 0.000000 121 106 82
-3.200000 2.246677 0.024464 121 106 82
-3.200000 2.156175 0.022445 121 106 82
-3.200000 2.156175 0.022445 120 105 81
-3.200000 2.246677 0.024464 120 105 81
-3.200000 2.245859 0.048915 120 105 81
-3.200000 2.156175 0.022445 120 105 81
-3.200000 2.245859 0.048915 120 105 81
-3.200000 2.155424 0.044878 120 105 81
-3.200000 2.246950 0.000000 119 105 81
-3.200000 2.428000 0.000000 119 105 81
-3.200000 2.426729 0.056988 119 105 81
-3.200000 2.246950 0.000000 119 105 81
-3.200000 2.426729 0.056988 119 105 81
-3.200000 2.245859 0.048915 119 105 81
-3.200000 2.155424 0.044878 122 107 83
-3.200000 2.245859 0.048915 122 107 83
-3.200000 2.244495 0.073342 122 107 83
-3.200000 2.155424 0.044878 122 107 83
-3.200000 2.244495 0.073342 122 107 83
-3.200000 2.154173 0.067290 122 107 83
-3.200000 2.154173 0.067290 121 107 83
-3.200000 2.244495 0.073342 121 107 83
-3.200000 2.242588 0.097733 121 107 83
-3.200000 2.154173 0.067290 121 107 83
-3.200000 2.242588 0.097733 121 107 83
-3.200000 2.152423 0.089668 121 107 83
-3.200000 2.245859 0.048915 122 107 83
-3.200000 2.426729 0.056988 122 107 83
-3.200000 2.422918 0.113864 122 107 83
-3.200000 2.245859 0.048915 122 107 83
-3.200000 2.422918 0.113864 122 107 83
-3.200000 2.242588 0.097733 122 107 83
-3.200000 2.152423 0.089668 119 105 81
-3.200000 2.242588 0.097733 119 105 81
-3.200000 2.240136 0.122075 119 105 81
-3.200000 2.152423 0.089668 119 105 81
-3.200000 2.240136 0.122075 119 105 81
-3.200000 2.150173 0.112001 119 105 81
-3.200000 2.150173 0.112001 119 105 81
-3.200000 2.240136 0.122075 119 105 81
-3.200000 2.237143 0.146356 119 105 81
-3.200000 2.150173 0.112001 119 105 81
-3.200000 2.237143 0.146356 119 105 81
-3.200000 2.147427 0.134278 119 105 81
-3.200000 2.242588 0.097733 121 106 82
-3.200000 2.422918 0.113864 121 106 82
-3.200000 2.416574 0.170512 121 106 82
-3.200000 2.242588 0.097733 121 106 82
-3.200000 2.416574 0.170512 121 106 82
-3.200000 2.237143 0.146356 121 106 82
-3.200000 2.147427 0.134278 119 104 81
-3.200000 2.237143 0.146356 119 104 81
-3.200000 2.233608 0.170565 119 104 81
-3.200000 2.147427 0.134278 119 104 81
-3.200000 2.233608 0.170565 119 104 81
-3.200000 2.144184 0.156489 119 104 81
-3.200000 2.144184 0.156489 120 105 81
-3.200000 2.233608 0.170565 120 105 81
-3.200000 2.229535 0.194688 120 105 81
-3.200000 2.144184 0.156489 120 105 81
-3.200000 2.229535 0.194688 120 105 81
-3.200000 2.140447 0.178622 120 105 81
-3.200000 2.237143 0.146356 121 106 82
-3.200000 2.416574 0.170512 121 106 82
-3.200000 2.407711 0.226821 121 106 82
-3.200000 2.237143 0.146356 121 106 82
-3.200000 2.407711 0.226821 121 106 82
-3.200000 2.229535 0.194688 121 106 82
-3.200000 2.428000 0.000000 121 106 82
-3.200000 3.280000 0.000000 121 106 82
-3.200000 3.246184 0.378036 121 106 82
-3.200000 2.428000 0.000000 121 106 82
-3.200000 3.246184 0.378036 121 106 82
-3.200000 2.407711 0.226821 121 106 82
-3.200000 2.140447 0.178622 121 106 82
-3.200000 2.229535 0.194688 121 106 82
-3.200000 2.224925 0.218715 121 106 82
-3.200000 2.140447 0.178622 121 106 82
-3.200000 2.224925 0.218715 121 106 82
-3.200000 2.136217 0.200666 121 106 82
-3.200000 2.136217 0.200666 120 106 82
-3.200000 2.224925 0.218715 120 106 82
-3.200000 2.219779 0.242633 120 106 82
-3.200000 2.136217 0.200666 120 106 82
-3.200000 2.219779 0.242633 120 106 82
-3.200000 2.131497 0.222610 120 106 82
-3.200000 2.229535 0.194688 119 104 81
-3.200000 2.407711 0.226821 119 104 81
-3.200000 2.396345 0.282680 119 104 81
-3.200000 2.229535 0.194688 119 104 81
-3.200000 2.396345 0.282680 119 104 81
-3.200000 2.219779 0.242633 119 104 81
-3.200000 2.131497 0.222610 121 106 82
-3.200000 2.219779 0.242633 121 106 82
-3.200000 2.214103 0.266431 121 106 82
-3.200000 2.131497 0.222610 121 106 82
-3.200000 2.214103 0.266431 121 106 82
-3.200000 2.126288 0.244444 121 106 82
-3.200000 2.126288 0.244444 121 107 83
-3.200000 2.214103 0.266431 121 107 83
-3.200000 2.207896 0.290095 121 107 83
-3.200000 2.126288 0.244444 121 107 83
-3.200000 2.207896 0.290095 121 107 83
-3.200000 2.120594 0.266156 121 107 83
-3.200000 2.219779 0.242633 121 107 83
-3.200000 2.396345 0.282680 121 107 83
-3.200000 2.382500 0.337975 121 107 83
-3.200000 2.219779 0.242633 121 107 83
-3.200000 2.382500 0.337975 121 107 83
-3.200000 2.207896 0.290095 121 107 83
-3.200000 2.164245 0.278126 119 105 81
-3.200000 2.207896 0.290095 119 105 81
-3.200000 2.204595 0.301875 119 105 81
-3.200000 2.164245 0.278126 119 105 81
-3.200000 2.204595 0.301875 119 105 81
-3.200000 2.161080 0.289419 119 105 81
-3.200000 2.161080 0.289419 120 105 82
-3.200000 2.204595 0.301875 120 105 82
-3.200000 2.201163 0.313616 120 105 82
-3.200000 2.161080 0.289419 120 105 82
-3.200000 2.201163 0.313616 120 105 82
-3.200000 2.157790 0.300676 120 105 82
-3.200000 2.157790 0.300676 119 104 81
-3.200000 2.201163 0.313616 119 104 81
-3.200000 2.197601 0.325318 119 104 81
-3.200000 2.157790 0.300676 119 104 81
-3.200000 2.197601 0.325318 119 104 81
-3.200000 2.154374 0.311895 119 104 81
-3.200000 2.154374 0.311895 119 105 81
-3.200000 2.197601 0.325318 119 105 81
-3.200000 2.193908 0.336981 119 105 81
-3.200000 2.154374 0.311895 119 105 81
-3.200000 2.193908 0.336981 119 105 81
-3.200000 2.150834 0.323076 119 105 81
-3.200000 2.207896 0.290095 119 104 81
-3.200000 2.382500 0.337975 119 104 81
-3.200000 2.366203 0.392599 119 104 81
-3.200000 2.207896 0.290095 119 104 81
-3.200000 2.366203 0.392599 119 104 81
-3.200000 2.193908 0.336981 119 104 81
-3.200000 2.150834 0.323076 120 105 81
-3.200000 2.193908 0.336981 120 105 81
-3.200000 2.190085 0.348601 120 105 81
-3.200000 2.150834 0.323076 120 105 81
-3.200000 2.190085 0.348601 120 105 81
-3.200000 2.147169 0.334217 120 105 81
-3.200000 2.147169 0.334217 120 106 82
-3.200000 2.190085 0.348601 120 106 82
-3.200000 2.186133 0.360177 120 106 82
-3.200000 2.147169 0.334217 120 106 82
-3.200000 2.186133 0.360177 120 106 82
-3.200000 2.143380 0.345316 120 106 82
-3.200000 2.143380 0.345316 121 107 83
-3.200000 2.186133 0.360177 121 107 83
-3.200000 2.182052 0.371709 121 107 83
-3.200000 2.143380 0.345316 121 107 83
-3.200000 2.182052 0.371709 121 107 83
-3.200000 2.139467 0.356372 121 107 83
-3.200000 2.139467 0.356372 122 107 83
-3.200000 2.182052 0.371709 122 107 83
-3.200000 2.177843 0.383195 122 107 83
-3.200000 2.139467 0.356372 122 107 83
-3.200000 2.177843 0.383195 122 107 83
-3.200000 2.135432 0.367384 122 107 83
-3.200000 2.193908 0.336981 121 106 83
-3.200000 2.366203 0.392599 121 106 83
-3.200000 2.347487 0.446441 121 106 83
-3.200000 2.193908 0.336981 121 106 83
-3.200000 2.347487 0.446441 121 106 83
-3.200000 2.177843 0.383195 121 106 83
-3.200000 2.407711 0.226821 120 105 82
-3.200000 3.246184 0.378036 120 105 82
-3.200000 3.145811 0.744068 120 105 82
-3.200000 2.407711 0.226821 120 105 82
-3.200000 3.145811 0.744068 120 105 82
-3.200000 2.347487 0.446441 120 105 82
-3.200000 2.135432 0.367384 121 106 82
-3.200000 2.177843 0.383195 121 106 82
-3.200000 2.173506 0.394633 121 106 82
-3.200000 2.135432 0.367384 121 106 82
-3.200000 2.173506 0.394633 121 106 82
-3.200000 2.131274 0.378350 121 106 82
-3.200000 2.131274 0.378350 120 106 82
-3.200000 2.173506 0.394633 120 106 82
-3.200000 2.169041 0.406022 120 106 82
-3.200000 2.131274 0.378350 120 106 82
-3.200000 2.169041 0.406022 120 106 82
-3.200000 2.126993 0.389269 120 106 82
-3.200000 2.126993 0.389269 120 105 81
-3.200000 2.169041 0.406022 120 105 81
-3.200000 2.164450 0.417361 120 105 81
-3.200000 2.126993 0.389269 120 105 81
-3.200000 2.164450 0.417361 120 105 81
-3.200000 2.122592 0.400140 120 105 81
-3.200000 2.177843 0.383195 119 104 81
-3.200000 2.347487 0.446441 119 104 81
-3.200000 2.326388 0.499395 119 104 81
-3.200000 2.177843 0.383195 119 104 81
-3.200000 2.326388 0.499395 119 104 81
-3.200000 2.159733 0.428647 119 104 81
-3.200000 2.159733 0.428647 121 107 83
-3.200000 2.326388 0.499395 121 107 83
-3.200000 2.302949 0.551356 121 107 83
-3.200000 2.159733 0.428647 121 107 83
-3.200000 2.302949 0.551356 121 107 83
-3.200000 2.139614 0.473247 121 107 83
-3.200000 2.139614 0.473247 120 106 82
-3.200000 2.221282 0.512301 120 106 82
-3.200000 2.209590 0.536065 120 106 82
-3.200000 2.139614 0.473247 120 106 82
-3.200000 2.209590 0.536065 120 106 82
-3.200000 2.128814 0.495199 120 106 82
-3.200000 2.221282 0.512301 121 107 83
-3.200000 2.302949 0.551356 121 107 83
-3.200000 2.290366 0.576931 121 107 83
-3.200000 2.221282 0.512301 121 107 83
-3.200000 2.290366 0.576931 121 107 83
-3.200000 2.209590 0.536065 121 107 83
-3.200000 2.128814 0.495199 121 107 83
-3.200000 2.169202 0.515632 121 107 83
-3.200000 2.163389 0.526966 121 107 83
-3.200000 2.128814 0.495199 121 107 83
-3.200000 2.163389 0.526966 121 107 83
-3.200000 2.123231 0.506084 121 107 83
-3.200000 2.169202 0.515632 121 106 82
-3.200000 2.209590 0.536065 121 106 82
-3.200000 2.203546 0.547848 121 106 82
-3.200000 2.169202 0.515632 121 106 82
-3.200000 2.203546 0.547848 121 106 82
-3.200000 2.163389 0.526966 121 106 82
-3.200000 2.163389 0.526966 121 106 82
-3.200000 2.203546 0.547848 121 106 82
-3.200000 2.197371 0.559562 121 106 82
-3.200000 2.163389 0.526966 121 106 82
-3.200000 2.197371 0.559562 121 106 82
-3.200000 2.157449 0.538234 121 106 82
-3.200000 2.209590 0.536065 121 106 82
-3.200000 2.290366 0.576931 121 106 82
-3.200000 2.277216 0.602220 121 106 82
-3.200000 2.209590 0.536065 121 106 82
-3.200000 2.277216 0.602220 121 106 82
-3.200000 2.197371 0.559562 121 106 82
-3.200000 2.157449 0.538234 120 105 81
-3.200000 2.197371 0.559562 120 105 81
-3.200000 2.191066 0.571207 120 105 81
-3.200000 2.157449 0.538234 120 105 81
-3.200000 2.191066 0.571207 120 105 81
-3.200000 2.151385 0.549435 120 105 81
-3.200000 2.151385 0.549435 122 107 83
-3.200000 2.191066 0.571207 122 107 83
-3.200000 2.184632 0.582781 122 107 83
-3.200000 2.151385 0.549435 122 107 83
-3.200000 2.184632 0.582781 122 107 83
-3.200000 2.145195 0.560567 122 107 83
-3.200000 2.197371 0.559562 120 105 81
-3.200000 2.277216 0.602220 120 105 81
-3.200000 2.263505 0.627208 120 105 81
-3.200000 2.197371 0.559562 120 105 81
-3.200000 2.263505 0.627208 120 105 81
-3.200000 2.184632 0.582781 120 105 81
-3.200000 2.145195 0.560567 120 105 82
-3.200000 2.184632 0.582781 120 105 82
-3.200000 2.178069 0.594283 120 105 82
-3.200000 2.145195 0.560567 120 105 82
-3.200000 2.178069 0.594283 120 105 82
-3.200000 2.138882 0.571630 120 105 82
-3.200000 2.138882 0.571630 121 106 82
-3.200000 2.178069 0.594283 121 106 82
-3.200000 2.171378 0.605710 121 106 82
-3.200000 2.138882 0.571630 121 106 82
-3.200000 2.171378 0.605710 121 106 82
-3.200000 2.132446 0.582622 121 106 82
-3.200000 2.184632 0.582781 121 107 83
-3.200000 2.263505 0.627208 121 107 83
-3.200000 2.249240 0.651885 121 107 83
-3.200000 2.184632 0.582781 121 107 83
-3.200000 2.249240 0.651885 121 107 83
-3.200000 2.171378 0.605710 121 107 83
-3.200000 2.347487 0.446441 120 105 81
-3.200000 3.145811 0.744068 120 105 81
-3.200000 2.982068 1.086475 120 105 81
-3.200000 2.347487 0.446441 120 105 81
-3.200000 2.982068 1.086475 120 105 81
-3.200000 2.249240 0.651885 120 105 81
-3.200000 2.132446 0.582622 120 105 82
-3.200000 2.171378 0.605710 120 105 82
-3.200000 2.164560 0.617062 120 105 82
-3.200000 2.132446 0.582622 120 105 82
-3.200000 2.164560 0.617062 120 105 82
-3.200000 2.125888 0.593542 120 105 82
-3.200000 2.125888 0.593542 120 106 82
-3.200000 2.164560 0.617062 120 106 82
-3.200000 2.157615 0.628338 120 106 82
-3.200000 2.125888 0.593542 120 106 82
-3.200000 2.157615 0.628338 120 106 82
-3.200000 2.119209 0.604388 120 106 82
-3.200000 2.171378 0.605710 120 106 82
-3.200000 2.249240 0.651885 120 106 82
-3.200000 2.234429 0.676238 120 106 82
-3.200000 2.171378 0.605710 120 106 82
-3.200000 2.234429 0.676238 120 106 82
-3.200000 2.157615 0.628338 120 106 82
-3.200000 2.119209 0.604388 122 107 83
-3.200000 2.157615 0.628338 122 107 83
-3.200000 2.150546 0.639535 122 107 83
-3.200000 2.119209 0.604388 122 107 83
-3.200000 2.150546 0.639535 122 107 83
-3.200000 2.112408 0.615158 122 107 83
-3.200000 2.074271 0.590781 120 105 81
-3.200000 2.112408 0.615158 120 105 81
-3.200000 2.105489 0.625852 120 105 81
-3.200000 2.074271 0.590781 120 105 81
-3.200000 2.105489 0.625852 120 105 81
-3.200000 2.067626 0.601051 120 105 81
-3.200000 2.112408 0.615158 122 107 83
-3.200000 2.150546 0.639535 122 107 83
-3.200000 2.143352 0.650653 122 107 83
-3.200000 2.112408 0.615158 122 107 83
-3.200000 2.143352 0.650653 122 107 83
-3.200000 2.105489 0.625852 122 107 83
-3.200000 2.157615 0.628338 121 107 83
-3.200000 2.234429 0.676238 121 107 83
-3.200000 2.219078 0.700254 121 107 83
-3.200000 2.157615 0.628338 121 107 83
-3.200000 2.219078 0.700254 121 107 83
-3.200000 2.143352 0.650653 121 107 83
-3.200000 2.016692 0.595727 121 107 83
-3.200000 2.053993 0.621366 121 107 83
-3.200000 2.047008 0.631408 121 107 83
-3.200000 2.016692 0.595727 121 107 83
-3.200000 2.047008 0.631408 121 107 83
-3.200000 2.009995 0.605355 121 107 83
-3.200000 2.009995 0.605355 119 105 81
-3.200000 2.047008 0.631408 119 105 81
-3.200000 2.039911 0.641372 119 105 81
-3.200000 2.009995 0.605355 119 105 81
-3.200000 2.039911 0.641372 119 105 81
-3.200000 2.003191 0.614908 119 105 81
-3.200000 2.067626 0.601051 119 105 81
-3.200000 2.219078 0.700254 119 105 81
-3.200000 2.186789 0.747230 119 105 81
-3.200000 2.067626 0.601051 119 105 81
-3.200000 2.186789 0.747230 119 105 81
-3.200000 2.039911 0.641372 119 105 81
-3.200000 2.003191 0.614908 122 107 83
-3.200000 2.039911 0.641372 122 107 83
-3.200000 2.032703 0.651256 122 107 83
-3.200000 2.003191 0.614908 122 107 83
-3.200000 2.032703 0.651256 122 107 83
-3.200000 1.996281 0.624384 122 107 83
-3.200000 1.959859 0.597512 120 105 82
-3.200000 1.996281 0.624384 120 105 82
-3.200000 1.989266 0.633782 120 105 82
-3.200000 1.959859 0.597512 120 105 82
-3.200000 1.989266 0.633782 120 105 82
-3.200000 1.953145 0.606506 120 105 82
-3.200000 1.996281 0.624384 119 105 81
-3.200000 2.032703 0.651256 119 105 81
-3.200000 2.025386 0.661059 119 105 81
-3.200000 1.996281 0.624384 119 105 81
-3.200000 2.025386 0.661059 119 105 81
-3.200000 1.989266 0.633782 119 105 81
-3.200000 1.953145 0.606506 122 107 83
-3.200000 2.025386 0.661059 122 107 83
-3.200000 2.010426 0.680417 122 107 83
-3.200000 1.953145 0.606506 122 107 83
-3.200000 2.010426 0.680417 122 107 83
-3.200000 1.939420 0.624266 122 107 83
-3.200000 2.039911 0.641372 120 105 81
-3.200000 2.186789 0.747230 120 105 81
-3.200000 2.152437 0.792719 120 105 81
-3.200000 2.039911 0.641372 120 105 81
-3.200000 2.152437 0.792719 120 105 81
-3.200000 2.010426 0.680417 120 105 81
-3.200000 1.903916 0.596191 122 107 83
-3.200000 1.939420 0.624266 122 107 83
-3.200000 1.932409 0.633030 122 107 83
-3.200000 1.903916 0.596191 122 107 83
-3.200000 1.932409 0.633030 122 107 83
-3.200000 1.897221 0.604561 122 107 83
-3.200000 1.897221 0.604561 119 105 81
-3.200000 1.932409 0.633030 119 105 81
-3.200000 1.925301 0.641716 119 105 81
-3.200000 1.897221 0.604561 119 105 81
-3.200000 1.925301 0.641716 119 105 81
-3.200000 1.890433 0.612856 119 105 81
-3.200000 1.939420 0.624266 120 105 81
-3.200000 2.010426 0.680417 120 105 81
-3.200000 1.995037 0.699437 120 105 81
-3.200000 1.939420 0.624266 120 105 81
-3.200000 1.995037 0.699437 120 105 81
-3.200000 1.925301 0.641716 120 105 81
-3.200000 1.890433 0.612856 120 105 81
-3.200000 1.925301 0.641716 120 105 81
-3.200000 1.918097 0.650322 120 105 81
-3.200000 1.890433 0.612856 120 105 81
-3.200000 1.918097 0.650322 120 105 81
-3.200000 1.883553 0.621075 120 105 81
-3.200000 1.849009 0.591827 122 107 83
-3.200000 1.883553 0.621075 122 107 83
-3.200000 1.876581 0.629216 122 107 83
-3.200000 1.849009 0.591827 122 107 83
-3.200000 1.876581 0.629216 122 107 83
-3.200000 1.842366 0.599585 122 107 83
-3.200000 1.883553 0.621075 120 106 82
-3.200000 1.918097 0.650322 120 106 82
-3.200000 1.910797 0.658847 120 106 82
-3.200000 1.883553 0.621075 120 106 82
-3.200000 1.910797 0.658847 120 106 82
-3.200000 1.876581 0.629216 120 106 82
-3.200000 1.925301 0.641716 121 106 82
-3.200000 1.995037 0.699437 121 106 82
-3.200000 1.979228 0.718108 121 106 82
-3.200000 1.925301 0.641716 121 106 82
-3.200000 1.979228 0.718108 121 106 82
-3.200000 1.910797 0.658847 121 106 82
-3.200000 2.010426 0.680417 121 107 83
-3.200000 2.152437 0.792719 121 107 83
-3.200000 2.116091 0.836631 121 107 83
-3.200000 2.010426 0.680417 121 107 83
-3.200000 2.116091 0.836631 121 107 83
-3.200000 1.979228 0.718108 121 107 83
-3.200000 2.249240 0.651885 120 106 82
-3.200000 2.982068 1.086475 120 106 82
-3.200000 2.760153 1.394385 120 106 82
-3.200000 2.249240 0.651885 120 106 82
-3.200000 2.760153 1.394385 120 106 82
-3.200000 2.116091 0.836631 120 106 82
-3.200000 1.788717 0.591650 122 107 83
-3.200000 1.821923 0.622409 122 107 83
-3.200000 1.814940 0.629863 122 107 83
-3.200000 1.788717 0.591650 122 107 83
-3.200000 1.814940 0.629863 122 107 83
-3.200000 1.782080 0.598736 122 107 83
-3.200000 1.782080 0.598736 122 107 83
-3.200000 1.814940 0.629863 122 107 83
-3.200000 1.807875 0.637239 122 107 83
-3.200000 1.782080 0.598736 122 107 83
-3.200000 1.807875 0.637239 122 107 83
-3.200000 1.775364 0.605747 122 107 83
-3.200000 1.775364 0.605747 120 105 81
-3.200000 1.807875 0.637239 120 105 81
-3.200000 1.800728 0.644535 120 105 81
-3.200000 1.775364 0.605747 120 105 81
-3.200000 1.800728 0.644535 120 105 81
-3.200000 1.768570 0.612683 120 105 81
-3.200000 1.768570 0.612683 121 106 82
-3.200000 1.800728 0.644535 121 106 82
-3.200000 1.793500 0.651752 121 106 82
-3.200000 1.768570 0.612683 121 106 82
-3.200000 1.793500 0.651752 121 106 82
-3.200000 1.761699 0.619543 121 106 82
-3.200000 1.761699 0.619543 120 106 82
-3.200000 1.793500 0.651752 120 106 82
-3.200000 1.786192 0.658887 120 106 82
-3.200000 1.761699 0.619543 120 106 82
-3.200000 1.786192 0.658887 120 106 82
-3.200000 1.754752 0.626326 120 106 82
-3.200000 1.842366 0.599585 121 107 83
-3.200000 2.116091 0.836631 121 107 83
-3.200000 2.037710 0.919378 121 107 83
-3.200000 1.842366 0.599585 121 107 83
-3.200000 2.037710 0.919378 121 107 83
-3.200000 1.786192 0.658887 121 107 83
-3.200000 1.723312 0.593765 121 107 83
-3.200000 1.786192 0.658887 121 107 83
-3.200000 1.771340 0.672912 121 107 83
-3.200000 1.723312 0.593765 121 107 83
-3.200000 1.771340 0.672912 121 107 83
-3.200000 1.709928 0.606403 121 107 83
-3.200000 1.709928 0.606403 119 105 81
-3.200000 1.771340 0.672912 119 105 81
-3.200000 1.756178 0.686601 119 105 81
-3.200000 1.709928 0.606403 119 105 81
-3.200000 1.756178 0.686601 119 105 81
-3.200000 1.696265 0.618739 119 105 81
-3.200000 1.659755 0.590530 119 105 81
-3.200000 1.689331 0.624792 119 105 81
-3.200000 1.682330 0.630768 119 105 81
-3.200000 1.659755 0.590530 119 105 81
-3.200000 1.682330 0.630768 119 105 81
-3.200000 1.653138 0.596177 119 105 81
-3.200000 1.696265 0.618739 119 105 81
-3.200000 1.756178 0.686601 119 105 81
-3.200000 1.740715 0.699949 119 105 81
-3.200000 1.696265 0.618739 119 105 81
-3.200000 1.740715 0.699949 119 105 81
-3.200000 1.682330 0.630768 119 105 81
-3.200000 1.653138 0.596177 121 107 83
-3.200000 1.682330 0.630768 121 107 83
-3.200000 1.675263 0.636665 121 107 83
-3.200000 1.653138 0.596177 121 107 83
-3.200000 1.675263 0.636665 121 107 83
-3.200000 1.646459 0.601751 121 107 83
-3.200000 1.646459 0.601751 119 105 81
-3.200000 1.675263 0.636665 119 105 81
-3.200000 1.668131 0.642483 119 105 81
-3.200000 1.646459 0.601751 119 105 81
-3.200000 1.668131 0.642483 119 105 81
-3.200000 1.639717 0.607250 119 105 81
-3.200000 1.682330 0.630768 122 107 83
-3.200000 1.740715 0.699949 122 107 83
-3.200000 1.724958 0.712949 122 107 83
-3.200000 1.682330 0.630768 122 107 83
-3.200000 1.724958 0.712949 122 107 83
-3.200000 1.668131 0.642483 122 107 83
-3.200000 1.786192 0.658887 121 106 82
-3.200000 2.037710 0.919378 121 106 82
-3.200000 1.952267 0.994812 121 106 82
-3.200000 1.786192 0.658887 121 106 82
-3.200000 1.952267 0.994812 121 106 82
-3.200000 1.724958 0.712949 121 106 82
-3.200000 2.116091 0.836631 118 104 80
-3.200000 2.760153 1.394385 118 104 80
-3.200000 2.487112 1.658020 118 104 80
-3.200000 2.116091 0.836631 118 104 80
-3.200000 2.487112 1.658020 118 104 80
-3.200000 1.952267 0.994812 118 104 80
-3.200000 1.639717 0.607250 120 105 82
-3.200000 1.668131 0.642483 120 105 82
-3.200000 1.660934 0.648221 120 105 82
-3.200000 1.639717 0.607250 120 105 82
-3.200000 1.660934 0.648221 120 105 82
-3.200000 1.632915 0.612673 120 105 82
-3.200000 1.632915 0.612673 122 107 83
-3.200000 1.660934 0.648221 122 107 83
-3.200000 1.653674 0.653878 122 107 83
-3.200000 1.632915 0.612673 122 107 83
-3.200000 1.653674 0.653878 122 107 83
-3.200000 1.626053 0.618020 122 107 83
-3.200000 1.668131 0.642483 120 105 81
-3.200000 1.724958 0.712949 120 105 81
-3.200000 1.708915 0.725594 120 105 81
-3.200000 1.668131 0.642483 120 105 81
-3.200000 1.708915 0.725594 120 105 81
-3.200000 1.653674 0.653878 120 105 81
-3.200000 1.626053 0.618020 121 107 83
-3.200000 1.653674 0.653878 121 107 83
-3.200000 1.646351 0.659454 121 107 83
-3.200000 1.626053 0.618020 121 107 83
-3.200000 1.646351 0.659454 121 107 83
-3.200000 1.619132 0.623291 121 107 83
-3.200000 1.619132 0.623291 120 106 82
-3.200000 1.646351 0.659454 120 106 82
-3.200000 1.638966 0.664948 120 106 82
-3.200000 1.619132 0.623291 120 106 82
-3.200000 1.638966 0.664948 120 106 82
-3.200000 1.612152 0.628483 120 106 82
-3.200000 1.653674 0.653878 122 107 83
-3.200000 1.708915 0.725594 122 107 83
-3.200000 1.692595 0.737878 122 107 83
-3.200000 1.653674 0.653878 122 107 83
-3.200000 1.692595 0.737878 122 107 83
-3.200000 1.638966 0.664948 122 107 83
-3.200000 1.585338 0.592018 121 106 82
-3.200000 1.692595 0.737878 121 106 82
-3.200000 1.659151 0.761339 121 106 82
-3.200000 1.585338 0.592018 121 106 82
-3.200000 1.659151 0.761339 121 106 82
-3.200000 1.558505 0.610842 121 106 82
-3.200000 1.724958 0.712949 121 106 82
-3.200000 1.952267 0.994812 121 106 82
-3.200000 1.860444 1.062334 121 106 82
-3.200000 1.724958 0.712949 121 106 82
-3.200000 1.860444 1.062334 121 106 82
-3.200000 1.659151 0.761339 121 106 82
-3.200000 1.558505 0.610842 121 106 83
-3.200000 1.659151 0.761339 121 106 83
-3.200000 1.624695 0.783286 121 106 83
-3.200000 1.558505 0.610842 121 106 83
-3.200000 1.624695 0.783286 121 106 83
-3.200000 1.530860 0.628450 121 106 83
-3.200000 1.500803 0.593690 119 105 81
-3.200000 1.523829 0.632658 119 105 81
-3.200000 1.516750 0.636788 119 105 81
-3.200000 1.500803 0.593690 119 105 81
-3.200000 1.516750 0.636788 119 105 81
-3.200000 1.494161 0.597565 119 105 81
-3.200000 1.494161 0.597565 120 105 81
-3.200000 1.516750 0.636788 120 105 81
-3.200000 1.509626 0.640838 120 105 81
-3.200000 1.494161 0.597565 120 105 81
-3.200000 1.509626 0.640838 120 105 81
-3.200000 1.487475 0.601366 120 105 81
-3.200000 1.487475 0.601366 120 105 81
-3.200000 1.509626 0.640838 120 105 81
-3.200000 1.502458 0.644809 120 105 81
-3.200000 1.487475 0.601366 120 105 81
-3.200000 1.502458 0.644809 120 105 81
-3.200000 1.480748 0.605092 120 105 81
-3.200000 1.530860 0.628450 120 106 82
-3.200000 1.624695 0.783286 120 106 82
-3.200000 1.589295 0.803674 120 106 82
-3.200000 1.530860 0.628450 120 106 82
-3.200000 1.589295 0.803674 120 106 82
-3.200000 1.502458 0.644809 120 106 82
-3.200000 1.659151 0.761339 119 105 81
-3.200000 1.860444 1.062334 119 105 81
-3.200000 1.762970 1.121406 119 105 81
-3.200000 1.659151 0.761339 119 105 81
-3.200000 1.762970 1.121406 119 105 81
-3.200000 1.589295 0.803674 119 105 81
-3.200000 1.952267 0.994812 120 106 82
-3.200000 2.487112 1.658020 120 106 82
-3.200000 2.171616 1.869010 120 106 82
-3.200000 1.952267 0.994812 120 106 82
-3.200000 2.171616 1.869010 120 106 82
-3.200000 1.762970 1.121406 120 106 82
-3.200000 1.480748 0.605092 121 106 83
-3.200000 1.502458 0.644809 121 106 83
-3.200000 1.495245 0.648699 121 106 83
-3.200000 1.480748 0.605092 121 106 83
-3.200000 1.495245 0.648699 121 106 83
-3.200000 1.473980 0.608743 121 106 83
-3.200000 1.473980 0.608743 121 106 83
-3.200000 1.495245 0.648699 121 106 83
-3.200000 1.487990 0.652509 121 106 83
-3.200000 1.473980 0.608743 121 106 83
-3.200000 1.487990 0.652509 121 106 83
-3.200000 1.467172 0.612318 121 106 83
-3.200000 1.467172 0.612318 121 106 82
-3.200000 1.487990 0.652509 121 106 82
-3.200000 1.480692 0.656237 121 106 82
-3.200000 1.467172 0.612318 121 106 82
-3.200000 1.480692 0.656237 121 106 82
-3.200000 1.460324 0.615817 121 106 82
-3.200000 1.460324 0.615817 119 105 81
-3.200000 1.480692 0.656237 119 105 81
-3.200000 1.473354 0.659884 119 105 81
-3.200000 1.460324 0.615817 119 105 81
-3.200000 1.473354 0.659884 119 105 81
-3.200000 1.453437 0.619239 119 105 81
-3.200000 1.502458 0.644809 121 106 82
-3.200000 1.589295 0.803674 121 106 82
-3.200000 1.553021 0.822464 121 106 82
-3.200000 1.502458 0.644809 121 106 82
-3.200000 1.553021 0.822464 121 106 82
-3.200000 1.473354 0.659884 121 106 82
-3.200000 1.453437 0.619239 121 106 82
-3.200000 1.473354 0.659884 121 106 82
-3.200000 1.465975 0.663449 121 106 82
-3.200000 1.453437 0.619239 121 106 82
-3.200000 1.465975 0.663449 121 106 82
-3.200000 1.446513 0.622584 121 106 82
-3.200000 1.446513 0.622584 120 106 82
-3.200000 1.465975 0.663449 120 106 82
-3.200000 1.458557 0.666931 120 106 82
-3.200000 1.446513 0.622584 120 106 82
-3.200000 1.458557 0.666931 120 106 82
-3.200000 1.439552 0.625852 120 106 82
-3.200000 1.439552 0.625852 121 107 83
-3.200000 1.458557 0.666931 121 107 83
-3.200000 1.451101 0.670331 121 107 83
-3.200000 1.439552 0.625852 121 107 83
-3.200000 1.451101 0.670331 121 107 83
-3.200000 1.432554 0.629042 121 107 83
-3.200000 1.432554 0.629042 121 106 83
-3.200000 1.451101 0.670331 121 106 83
-3.200000 1.443607 0.673647 121 106 83
-3.200000 1.432554 0.629042 121 106 83
-3.200000 1.443607 0.673647 121 106 83
-3.200000 1.425522 0.632154 121 106 83
-3.200000 1.473354 0.659884 121 106 82
-3.200000 1.553021 0.822464 121 106 82
-3.200000 1.515945 0.839617 121 106 82
-3.200000 1.473354 0.659884 121 106 82
-3.200000 1.515945 0.839617 121 106 82
-3.200000 1.443607 0.673647 121 106 82
-3.200000 1.589295 0.803674 120 106 82
-3.200000 1.762970 1.121406 120 106 82
-3.200000 1.660620 1.171559 120 106 82
-3.200000 1.589295 0.803674 120 106 82
-3.200000 1.660620 1.171559 120 106 82
-3.200000 1.515945 0.839617 120 106 82
-3.200000 1.407438 0.590661 120 105 81
-3.200000 1.443607 0.673647 120 105 81
-3.200000 1.428510 0.680027 120 105 81
-3.200000 1.407438 0.590661 120 105 81
-3.200000 1.428510 0.680027 120 105 81
-3.200000 1.394201 0.596255 120 105 81
-3.200000 1.394201 0.596255 119 104 81
-3.200000 1.428510 0.680027 119 104 81
-3.200000 1.413275 0.686069 119 104 81
-3.200000 1.394201 0.596255 119 104 81
-3.200000 1.413275 0.686069 119 104 81
-3.200000 1.380843 0.601553 119 104 81
-3.200000 1.443607 0.673647 121 106 83
-3.200000 1.515945 0.839617 121 106 83
-3.200000 1.478140 0.855100 121 106 83
-3.200000 1.443607 0.673647 121 106 83
-3.200000 1.478140 0.855100 121 106 83
-3.200000 1.413275 0.686069 121 106 83
-3.200000 1.380843 0.601553 121 106 82
-3.200000 1.413275 0.686069 121 106 82
-3.200000 1.397910 0.691770 121 106 82
-3.200000 1.380843 0.601553 121 106 82
-3.200000 1.397910 0.691770 121 106 82
-3.200000 1.367370 0.606552 121 106 82
-3.200000 1.367370 0.606552 120 106 82
-3.200000 1.397910 0.691770 120 106 82
-3.200000 1.382420 0.697126 120 106 82
-3.200000 1.367370 0.606552 120 106 82
-3.200000 1.382420 0.697126 120 106 82
-3.200000 1.353789 0.611249 120 106 82
-3.200000 1.413275 0.686069 120 105 81
-3.200000 1.478140 0.855100 120 105 81
-3.200000 1.439683 0.868882 120 105 81
-3.200000 1.413275 0.686069 120 105 81
-3.200000 1.439683 0.868882 120 105 81
-3.200000 1.382420 0.697126 120 105 81
-3.200000 1.515945 0.839617 118 104 80
-3.200000 1.660620 1.171559 118 104 80
-3.200000 1.554209 1.212394 118 104 80
-3.200000 1.515945 0.839617 118 104 80
-3.200000 1.554209 1.212394 118 104 80
-3.200000 1.439683 0.868882 118 104 80
-3.200000 1.762970 1.121406 120 106 82
-3.200000 2.171616 1.869010 120 106 82
-3.200000 1.823682 2.020656 120 106 82
-3.200000 1.762970 1.121406 120 106 82
-3.200000 1.823682 2.020656 120 106 82
-3.200000 1.554209 1.212394 120 106 82
-3.200000 1.353789 0.611249 119 105 81
-3.200000 1.382420 0.697126 119 105 81
-3.200000 1.366816 0.702136 119 105 81
-3.200000 1.353789 0.611249 119 105 81
-3.200000 1.366816 0.702136 119 105 81
-3.200000 1.340106 0.615641 119 105 81
-3.200000 1.340106 0.615641 119 105 81
-3.200000 1.366816 0.702136 119 105 81
-3.200000 1.351103 0.706797 119 105 81
-3.200000 1.340106 0.615641 119 105 81
-3.200000 1.351103 0.706797 119 105 81
-3.200000 1.326329 0.619728 119 105 81
-3.200000 1.382420 0.697126 120 105 81
-3.200000 1.439683 0.868882 120 105 81
-3.200000 1.400650 0.880935 120 105 81
-3.200000 1.382420 0.697126 120 105 81
-3.200000 1.400650 0.880935 120 105 81
-3.200000 1.351103 0.706797 120 105 81
-3.200000 1.326329 0.619728 120 105 81
-3.200000 1.351103 0.706797 120 105 81
-3.200000 1.335290 0.711106 120 105 81
-3.200000 1.326329 0.619728 120 105 81
-3.200000 1.335290 0.711106 120 105 81
-3.200000 1.312465 0.623506 120 105 81
-3.200000 1.312465 0.623506 119 104 81
-3.200000 1.335290 0.711106 119 104 81
-3.200000 1.319386 0.715062 119 104 81
-3.200000 1.312465 0.623506 119 104 81
-3.200000 1.319386 0.715062 119 104 81
-3.200000 1.298519 0.626974 119 104 81
-3.200000 1.351103 0.706797 119 105 81
-3.200000 1.400650 0.880935 119 105 81
-3.200000 1.361118 0.891236 119 105 81
-3.200000 1.351103 0.706797 119 105 81
-3.200000 1.361118 0.891236 119 105 81
-3.200000 1.319386 0.715062 119 105 81
-3.200000 1.439683 0.868882 120 105 81
-3.200000 1.554209 1.212394 120 105 81
-3.200000 1.444584 1.243585 120 105 81
-3.200000 1.439683 0.868882 120 105 81
-3.200000 1.444584 1.243585 120 105 81
-3.200000 1.361118 0.891236 120 105 81
-3.200000 1.298519 0.626974 119 104 81
-3.200000 1.319386 0.715062 119 104 81
-3.200000 1.303396 0.718661 119 104 81
-3.200000 1.298519 0.626974 119 104 81
-3.200000 1.303396 0.718661 119 104 81
-3.200000 1.284500 0.630131 119 104 81
-3.200000 1.284500 0.630131 120 105 82
-3.200000 1.303396 0.718661 120 105 82
-3.200000 1.287331 0.721904 120 105 82
-3.200000 1.284500 0.630131 120 105 82
-3.200000 1.287331 0.721904 120 105 82
-3.200000 1.270414 0.632973 120 105 82
-3.200000 1.319386 0.715062 120 106 82
-3.200000 1.361118 0.891236 120 106 82
-3.200000 1.321166 0.899764 120 106 82
-3.200000 1.319386 0.715062 120 106 82
-3.200000 1.321166 0.899764 120 106 82
-3.200000 1.287331 0.721904 120 106 82
-3.200000 1.270414 0.632973 119 105 81
-3.200000 1.287331 0.721904 119 105 81
-3.200000 1.271197 0.724787 119 105 81
-3.200000 1.270414 0.632973 119 105 81
-3.200000 1.271197 0.724787 119 105 81
-3.200000 1.256267 0.635501 119 105 81
-3.200000 1.248802 0.590859 119 105 81
-3.200000 1.256267 0.635501 119 105 81
-3.200000 1.249174 0.636647 119 105 81
-3.200000 1.248802 0.590859 119 105 81
-3.200000 1.249174 0.636647 119 105 81
-3.200000 1.242207 0.591924 119 105 81
-3.200000 1.242207 0.591924 119 104 81
-3.200000 1.249174 0.636647 119 104 81
-3.200000 1.242068 0.637713 119 104 81
-3.200000 1.242207 0.591924 119 104 81
-3.200000 1.242068 0.637713 119 104 81
-3.200000 1.235601 0.592915 119 104 81
-3.200000 1.256267 0.635501 120 106 82
-3.200000 1.271197 0.724787 120 106 82
-3.200000 1.255003 0.727309 120 106 82
-3.200000 1.256267 0.635501 120 106 82
-3.200000 1.255003 0.727309 120 106 82
-3.200000 1.242068 0.637713 120 106 82
-3.200000 1.287331 0.721904 121 106 82
-3.200000 1.321166 0.899764 121 106 82
-3.200000 1.280874 0.906501 121 106 82
-3.200000 1.287331 0.721904 121 106 82
-3.200000 1.280874 0.906501 121 106 82
-3.200000 1.255003 0.727309 121 106 82
-3.200000 1.361118 0.891236 118 103 80
-3.200000 1.444584 1.243585 118 103 80
-3.200000 1.332615 1.264886 118 103 80
-3.200000 1.361118 0.891236 118 103 80
-3.200000 1.332615 1.264886 118 103 80
-3.200000 1.280874 0.906501 118 103 80
-3.200000 1.554209 1.212394 119 105 81
-3.200000 1.823682 2.020656 119 105 81
-3.200000 1.454358 2.108143 119 105 81
-3.200000 1.554209 1.212394 119 105 81
-3.200000 1.454358 2.108143 119 105 81
-3.200000 1.332615 1.264886 119 105 81
-3.200000 1.235601 0.592915 118 104 80
-3.200000 1.242068 0.637713 118 104 80
-3.200000 1.234951 0.638700 118 104 80
-3.200000 1.235601 0.592915 118 104 80
-3.200000 1.234951 0.638700 118 104 80
-3.200000 1.228983 0.593833 118 104 80
-3.200000 1.228983 0.593833 118 104 80
-3.200000 1.234951 0.638700 118 104 80
-3.200000 1.227823 0.639608 118 104 80
-3.200000 1.228983 0.593833 118 104 80
-3.200000 1.227823 0.639608 118 104 80
-3.200000 1.222356 0.594677 118 104 80
-3.200000 1.242068 0.637713 120 105 81
-3.200000 1.255003 0.727309 120 105 81
-3.200000 1.238757 0.729470 120 105 81
-3.200000 1.242068 0.637713 120 105 81
-3.200000 1.238757 0.729470 120 105 81
-3.200000 1.227823 0.639608 120 105 81
-3.200000 1.222356 0.594677 118 104 80
-3.200000 1.227823 0.639608 118 104 80
-3.200000 1.220686 0.640436 118 104 80
-3.200000 1.222356 0.594677 118 104 80
-3.200000 1.220686 0.640436 118 104 80
-3.200000 1.215720 0.595447 118 104 80
-3.200000 1.215720 0.595447 120 105 82
-3.200000 1.220686 0.640436 120 105 82
-3.200000 1.213540 0.641184 120 105 82
-3.200000 1.215720 0.595447 120 105 82
-3.200000 1.213540 0.641184 120 105 82
-3.200000 1.209076 0.596142 120 105 82
-3.200000 1.227823 0.639608 119 104 80
-3.200000 1.238757 0.729470 119 104 80
-3.200000 1.222467 0.731268 119 104 80
-3.200000 1.227823 0.639608 119 104 80
-3.200000 1.222467 0.731268 119 104 80
-3.200000 1.213540 0.641184 119 104 80
-3.200000 1.255003 0.727309 119 104 81
-3.200000 1.280874 0.906501 119 104 81
-3.200000 1.240321 0.911436 119 104 81
-3.200000 1.255003 0.727309 119 104 81
-3.200000 1.240321 0.911436 119 104 81
-3.200000 1.222467 0.731268 119 104 81
-3.200000 1.209076 0.596142 119 105 81
-3.200000 1.213540 0.641184 119 105 81
-3.200000 1.206386 0.641853 119 105 81
-3.200000 1.209076 0.596142 119 105 81
-3.200000 1.206386 0.641853 119 105 81
-3.200000 1.202425 0.596764 119 105 81
-3.200000 1.202425 0.596764 118 104 80
-3.200000 1.206386 0.641853 118 104 80
-3.200000 1.199225 0.642442 118 104 80
-3.200000 1.202425 0.596764 118 104 80
-3.200000 1.199225 0.642442 118 104 80
-3.200000 1.195767 0.597312 118 104 80
-3.200000 1.213540 0.641184 120 106 82
-3.200000 1.222467 0.731268 120 106 82
-3.200000 1.206141 0.732702 120 106 82
-3.200000 1.213540 0.641184 120 106 82
-3.200000 1.206141 0.732702 120 106 82
-3.200000 1.199225 0.642442 120 106 82
-3.200000 1.195767 0.597312 119 105 81
-3.200000 1.199225 0.642442 119 105 81
-3.200000 1.192057 0.642951 119 105 81
-3.200000 1.195767 0.597312 119 105 81
-3.200000 1.192057 0.642951 119 105 81
-3.200000 1.189103 0.597785 119 105 81
-3.200000 1.189103 0.597785 119 105 81
-3.200000 1.192057 0.642951 119 105 81
-3.200000 1.184885 0.643380 119 105 81
-3.200000 1.189103 0.597785 119 105 81
-3.200000 1.184885 0.643380 119 105 81
-3.200000 1.182434 0.598184 119 105 81
-3.200000 1.199225 0.642442 120 105 81
-3.200000 1.206141 0.732702 120 105 81
-3.200000 1.189786 0.733772 120 105 81
-3.200000 1.199225 0.642442 120 105 81
-3.200000 1.189786 0.733772 120 105 81
-3.200000 1.184885 0.643380 120 105 81
-3.200000 1.222467 0.731268 119 104 81
-3.200000 1.240321 0.911436 119 104 81
-3.200000 1.199589 0.914557 119 104 81
-3.200000 1.222467 0.731268 119 104 81
-3.200000 1.199589 0.914557 119 104 81
-3.200000 1.189786 0.733772 119 104 81
-3.200000 1.280874 0.906501 121 106 82
-3.200000 1.332615 1.264886 121 106 82
-3.200000 1.219193 1.276126 121 106 82
-3.200000 1.280874 0.906501 121 106 82
-3.200000 1.219193 1.276126 121 106 82
-3.200000 1.199589 0.914557 121 106 82
-3.200000 1.182434 0.598184 121 106 82
-3.200000 1.184885 0.643380 121 106 82
-3.200000 1.177708 0.643729 121 106 82
-3.200000 1.182434 0.598184 121 106 82
-3.200000 1.177708 0.643729 121 106 82
-3.200000 1.175762 0.598508 121 106 82
-3.200000 1.175762 0.598508 119 105 81
-3.200000 1.177708 0.643729 119 105 81
-3.200000 1.170528 0.643998 119 105 81
-3.200000 1.175762 0.598508 119 105 81
-3.200000 1.170528 0.643998 119 105 81
-3.200000 1.169086 0.598758 119 105 81
-3.200000 1.184885 0.643380 118 104 80
-3.200000 1.189786 0.733772 118 104 80
-3.200000 1.173412 0.734477 118 104 80
-3.200000 1.184885 0.643380 118 104 80
-3.200000 1.173412 0.734477 118 104 80
-3.200000 1.170528 0.643998 118 104 80
-3.200000 1.169086 0.598758 120 105 81
-3.200000 1.170528 0.643998 120 105 81
-3.200000 1.163345 0.644187 120 105 81
-3.200000 1.169086 0.598758 120 105 81
-3.200000 1.163345 0.644187 120 105 81
-3.200000 1.162408 0.598934 120 105 81
-3.200000 1.162408 0.598934 120 106 82
-3.200000 1.163345 0.644187 120 106 82
-3.200000 1.156161 0.644296 120 106 82
-3.200000 1.162408 0.598934 120 106 82
-3.200000 1.156161 0.644296 120 106 82
-3.200000 1.155728 0.599035 120 106 82
-3.200000 1.170528 0.643998 121 106 82
-3.200000 1.173412 0.734477 121 106 82
-3.200000 1.157026 0.734816 121 106 82
-3.200000 1.170528 0.643998 121 106 82
-3.200000 1.157026 0.734816 121 106 82
-3.200000 1.156161 0.644296 121 106 82
-3.200000 1.189786 0.733772 119 105 81
-3.200000 1.199589 0.914557 119 105 81
-3.200000 1.158757 0.915858 119 105 81
-3.200000 1.189786 0.733772 119 105 81
-3.200000 1.158757 0.915858 119 105 81
-3.200000 1.157026 0.734816 119 105 81
-3.200000 1.155728 0.599035 120 105 82
-3.200000 1.156161 0.644296 120 105 82
-3.200000 1.148975 0.644324 120 105 82
-3.200000 1.155728 0.599035 120 105 82
-3.200000 1.148975 0.644324 120 105 82
-3.200000 1.149047 0.599062 120 105 82
-3.200000 1.149047 0.599062 118 104 80
-3.200000 1.148975 0.644324 118 104 80
-3.200000 1.141790 0.644273 118 104 80
-3.200000 1.149047 0.599062 118 104 80
-3.200000 1.141790 0.644273 118 104 80
-3.200000 1.142367 0.599014 118 104 80
-3.200000 1.156161 0.644296 119 104 81
-3.200000 1.157026 0.734816 119 104 81
-3.200000 1.140637 0.734790 119 104 81
-3.200000 1.156161 0.644296 119 104 81
-3.200000 1.140637 0.734790 119 104 81
-3.200000 1.141790 0.644273 119 104 81
-3.200000 1.142367 0.599014 120 105 81
-3.200000 1.141790 0.644273 120 105 81
-3.200000 1.134606 0.644141 120 105 81
-3.200000 1.142367 0.599014 120 105 81
-3.200000 1.134606 0.644141 120 105 81
-3.200000 1.135688 0.598891 120 105 81
-3.200000 1.135688 0.598891 120 106 82
-3.200000 1.134606 0.644141 120 106 82
-3.200000 1.127424 0.643929 120 106 82
-3.200000 1.135688 0.598891 120 106 82
-3.200000 1.127424 0.643929 120 106 82
-3.200000 1.129010 0.598695 120 106 82
-3.200000 1.141790 0.644273 120 106 82
-3.200000 1.140637 0.734790 120 106 82
-3.200000 1.124252 0.734399 120 106 82
-3.200000 1.141790 0.644273 120 106 82
-3.200000 1.124252 0.734399 120 106 82
-3.200000 1.127424 0.643929 120 106 82
-3.200000 1.157026 0.734816 120 106 82
-3.200000 1.158757 0.915858 120 106 82
-3.200000 1.117909 0.915338 120 106 82
-3.200000 1.157026 0.734816 120 106 82
-3.200000 1.117909 0.915338 120 106 82
-3.200000 1.124252 0.734399 120 106 82
-3.200000 1.199589 0.914557 119 105 81
-3.200000 1.219193 1.276126 119 105 81
-3.200000 1.105222 1.277215 119 105 81
-3.200000 1.199589 0.914557 119 105 81
-3.200000 1.105222 1.277215 119 105 81
-3.200000 1.117909 0.915338 119 105 81
-3.200000 1.332615 1.264886 119 105 81
-3.200000 1.454358 2.108143 119 105 81
-3.200000 1.075369 2.128692 119 105 81
-3.200000 1.332615 1.264886 119 105 81
-3.200000 1.075369 2.128692 119 105 81
-3.200000 1.105222 1.277215 119 105 81
-3.200000 1.129010 0.598695 119 104 81
-3.200000 1.127424 0.643929 119 104 81
-3.200000 1.120245 0.643638 119 104 81
-3.200000 1.129010 0.598695 119 104 81
-3.200000 1.120245 0.643638 119 104 81
-3.200000 1.122335 0.598423 119 104 81
-3.200000 1.122335 0.598423 118 104 80
-3.200000 1.120245 0.643638 118 104 80
-3.200000 1.113069 0.643266 118 104 80
-3.200000 1.122335 0.598423 118 104 80
-3.200000 1.113069 0.643266 118 104 80
-3.200000 1.115664 0.598078 118 104 80
-3.200000 1.127424 0.643929 121 106 83
-3.200000 1.124252 0.734399 121 106 83
-3.200000 1.107881 0.733642 121 106 83
-3.200000 1.127424 0.643929 121 106 83
-3.200000 1.107881 0.733642 121 106 83
-3.200000 1.113069 0.643266 121 106 83
-3.200000 1.115664 0.598078 121 106 83
-3.200000 1.113069 0.643266 121 106 83
-3.200000 1.105898 0.642814 121 106 83
-3.200000 1.115664 0.598078 121 106 83
-3.200000 1.105898 0.642814 121 106 83
-3.200000 1.108996 0.597658 121 106 83
-3.200000 1.108996 0.597658 119 104 81
-3.200000 1.105898 0.642814 119 104 81
-3.200000 1.098733 0.642282 119 104 81
-3.200000 1.108996 0.597658 119 104 81
-3.200000 1.098733 0.642282 119 104 81
-3.200000 1.102334 0.597163 119 104 81
-3.200000 1.113069 0.643266 121 106 82
-3.200000 1.107881 0.733642 121 106 82
-3.200000 1.091530 0.732520 121 106 82
-3.200000 1.113069 0.643266 121 106 82
-3.200000 1.091530 0.732520 121 106 82
-3.200000 1.098733 0.642282 121 106 82
-3.200000 1.124252 0.734399 121 106 82
-3.200000 1.117909 0.915338 121 106 82
-3.200000 1.077124 0.912996 121 106 82
-3.200000 1.124252 0.734399 121 106 82
-3.200000 1.077124 0.912996 121 106 82
-3.200000 1.091530 0.732520 121 106 82
-3.200000 1.102334 0.597163 120 106 82
-3.200000 1.098733 0.642282 120 106 82
-3.200000 1.091573 0.641671 120 106 82
-3.200000 1.102334 0.597163 120 106 82
-3.200000 1.091573 0.641671 120 106 82
-3.200000 1.095678 0.596594 120 106 82
-3.200000 1.095678 0.596594 119 104 80
-3.200000 1.091573 0.641671 119 104 80
-3.200000 1.084422 0.640979 119 104 80
-3.200000 1.095678 0.596594 119 104 80
-3.200000 1.084422 0.640979 119 104 80
-3.200000 1.089028 0.595952 119 104 80
-3.200000 1.098733 0.642282 121 107 83
-3.200000 1.091530 0.732520 121 107 83
-3.200000 1.075208 0.731034 121 107 83
-3.200000 1.098733 0.642282 121 107 83
-3.200000 1.075208 0.731034 121 107 83
-3.200000 1.084422 0.640979 121 107 83
-3.200000 1.089028 0.595952 118 104 80
-3.200000 1.084422 0.640979 118 104 80
-3.200000 1.077278 0.640208 118 104 80
-3.200000 1.089028 0.595952 118 104 80
-3.200000 1.077278 0.640208 118 104 80
-3.200000 1.082386 0.595235 118 104 80
-3.200000 1.082386 0.595235 119 104 80
-3.200000 1.077278 0.640208 119 104 80
-3.200000 1.070143 0.639357 119 104 80
-3.200000 1.082386 0.595235 119 104 80
-3.200000 1.070143 0.639357 119 104 80
-3.200000 1.075753 0.594444 119 104 80
-3.200000 1.084422 0.640979 118 104 80
-3.200000 1.075208 0.731034 118 104 80
-3.200000 1.058923 0.729184 118 104 80
-3.200000 1.084422 0.640979 118 104 80
-3.200000 1.058923 0.729184 118 104 80
-3.200000 1.070143 0.639357 118 104 80
-3.200000 1.091530 0.732520 119 104 81
-3.200000 1.077124 0.912996 119 104 81
-3.200000 1.036484 0.908838 119 104 81
-3.200000 1.091530 0.732520 119 104 81
-3.200000 1.036484 0.908838 119 104 81
-3.200000 1.058923 0.729184 119 104 81
-3.200000 1.117909 0.915338 119 104 81
-3.200000 1.105222 1.277215 119 104 81
-3.200000 0.991606 1.268146 119 104 81
-3.200000 1.117909 0.915338 119 104 81
-3.200000 0.991606 1.268146 119 104 81
-3.200000 1.036484 0.908838 119 104 81
-3.200000 1.075753 0.594444 121 106 82
-3.200000 1.070143 0.639357 121 106 82
-3.200000 1.063018 0.638427 121 106 82
-3.200000 1.075753 0.594444 121 106 82
-3.200000 1.063018 0.638427 121 106 82
-3.200000 1.069129 0.593579 121 106 82
-3.200000 1.069129 0.593579 118 104 80
-3.200000 1.063018 0.638427 118 104 80
-3.200000 1.055904 0.637417 118 104 80
-3.200000 1.069129 0.593579 118 104 80
-3.200000 1.055904 0.637417 118 104 80
-3.200000 1.062514 0.592640 118 104 80
-3.200000 1.070143 0.639357 120 106 82
-3.200000 1.058923 0.729184 120 106 82
-3.200000 1.042684 0.726972 120 106 82
-3.200000 1.070143 0.639357 120 106 82
-3.200000 1.042684 0.726972 120 106 82
-3.200000 1.055904 0.637417 120 106 82
-3.200000 1.062514 0.592640 121 106 82
-3.200000 1.055904 0.637417 121 106 82
-3.200000 1.048802 0.636328 121 106 82
-3.200000 1.062514 0.592640 121 106 82
-3.200000 1.048802 0.636328 121 106 82
-3.200000 1.055911 0.591628 121 106 82
-3.200000 1.055911 0.591628 120 105 82
-3.200000 1.048802 0.636328 120 105 82
-3.200000 1.041712 0.635160 120 105 82
-3.200000 1.055911 0.591628 120 105 82
-3.200000 1.041712 0.635160 120 105 82
-3.200000 1.049319 0.590541 120 105 82
-3.200000 1.055904 0.637417 120 106 82
-3.200000 1.042684 0.726972 120 106 82
-3.200000 1.026498 0.724398 120 106 82
-3.200000 1.055904 0.637417 120 106 82
-3.200000 1.026498 0.724398 120 106 82
-3.200000 1.041712 0.635160 120 106 82
-3.200000 1.058923 0.729184 119 104 81
-3.200000 1.036484 0.908838 119 104 81
-3.200000 0.996070 0.902872 119 104 81
-3.200000 1.058923 0.729184 119 104 81
-3.200000 0.996070 0.902872 119 104 81
-3.200000 1.026498 0.724398 119 104 81
-3.200000 1.041712 0.635160 119 104 81
-3.200000 1.026498 0.724398 119 104 81
-3.200000 1.010374 0.721463 119 104 81
-3.200000 1.041712 0.635160 119 104 81
-3.200000 1.010374 0.721463 119 104 81
-3.200000 1.027574 0.632587 119 104 81
-3.200000 1.027574 0.632587 119 104 81
-3.200000 1.010374 0.721463 119 104 81
-3.200000 0.994319 0.718170 119 104 81
-3.200000 1.027574 0.632587 119 104 81
-3.200000 0.994319 0.718170 119 104 81
-3.200000 1.013497 0.629700 119 104 81
-3.200000 1.026498 0.724398 121 107 83
-3.200000 0.996070 0.902872 121 107 83
-3.200000 0.955963 0.895110 121 107 83
-3.200000 1.026498 0.724398 121 107 83
-3.200000 0.955963 0.895110 121 107 83
-3.200000 0.994319 0.718170 121 107 83
-3.200000 1.036484 0.908838 119 105 81
-3.200000 0.991606 1.268146 119 105 81
-3.200000 0.879250 1.248991 119 105 81
-3.200000 1.036484 0.908838 119 105 81
-3.200000 0.879250 1.248991 119 105 81
-3.200000 0.955963 0.895110 119 105 81
-3.200000 1.105222 1.277215 120 106 82
-3.200000 1.075369 2.128692 120 106 82
-3.200000 0.698750 2.081652 120 106 82
-3.200000 1.105222 1.277215 120 106 82
-3.200000 0.698750 2.081652 120 106 82
-3.200000 0.879250 1.248991 120 106 82
-3.200000 1.013497 0.629700 119 104 81
-3.200000 0.994319 0.718170 119 104 81
-3.200000 0.978341 0.714519 119 104 81
-3.200000 1.013497 0.629700 119 104 81
-3.200000 0.978341 0.714519 119 104 81
-3.200000 0.999488 0.626499 119 104 81
-3.200000 0.999488 0.626499 119 105 81
-3.200000 0.978341 0.714519 119 105 81
-3.200000 0.962449 0.710513 119 105 81
-3.200000 0.999488 0.626499 119 105 81
-3.200000 0.962449 0.710513 119 105 81
-3.200000 0.985553 0.622986 119 105 81
-3.200000 0.994319 0.718170 120 105 81
-3.200000 0.955963 0.895110 120 105 81
-3.200000 0.916241 0.885567 120 105 81
-3.200000 0.994319 0.718170 120 105 81
-3.200000 0.916241 0.885567 120 105 81
-3.200000 0.962449 0.710513 120 105 81
-3.200000 0.985553 0.622986 121 106 82
-3.200000 0.962449 0.710513 121 106 82
-3.200000 0.946650 0.706154 121 106 82
-3.200000 0.985553 0.622986 121 106 82
-3.200000 0.946650 0.706154 121 106 82
-3.200000 0.971701 0.619164 121 106 82
-3.200000 0.971701 0.619164 120 105 82
-3.200000 0.946650 0.706154 120 105 82
-3.200000 0.930953 0.701443 120 105 82
-3.200000 0.971701 0.619164 120 105 82
-3.200000 0.930953 0.701443 120 105 82
-3.200000 0.957937 0.615034 120 105 82
-3.200000 0.962449 0.710513 120 105 81
-3.200000 0.916241 0.885567 120 105 81
-3.200000 0.876984 0.874263 120 105 81
-3.200000 0.962449 0.710513 120 105 81
-3.200000 0.876984 0.874263 120 105 81
-3.200000 0.930953 0.701443 120 105 81
-3.200000 0.955963 0.895110 121 106 83
-3.200000 0.879250 1.248991 121 106 83
-3.200000 0.769048 1.219901 121 106 83
-3.200000 0.955963 0.895110 121 106 83
-3.200000 0.769048 1.219901 121 106 83
-3.200000 0.876984 0.874263 121 106 83
-3.200000 0.957937 0.615034 119 105 81
-3.200000 0.930953 0.701443 119 105 81
-3.200000 0.915364 0.696384 119 105 81
-3.200000 0.957937 0.615034 119 105 81
-3.200000 0.915364 0.696384 119 105 81
-3.200000 0.944268 0.610597 119 105 81
-3.200000 0.944268 0.610597 120 106 82
-3.200000 0.915364 0.696384 120 106 82
-3.200000 0.899892 0.690978 120 106 82
-3.200000 0.944268 0.610597 120 106 82
-3.200000 0.899892 0.690978 120 106 82
-3.200000 0.930702 0.605857 120 106 82
-3.200000 0.930953 0.701443 118 104 80
-3.200000 0.876984 0.874263 118 104 80
-3.200000 0.838271 0.861219 118 104 80
-3.200000 0.930953 0.701443 118 104 80
-3.200000 0.838271 0.861219 118 104 80
-3.200000 0.899892 0.690978 118 104 80
-3.200000 0.930702 0.605857 118 104 80
-3.200000 0.899892 0.690978 118 104 80
-3.200000 0.884544 0.685228 118 104 80
-3.200000 0.930702 0.605857 118 104 80
-3.200000 0.884544 0.685228 118 104 80
-3.200000 0.917245 0.600816 118 104 80
-3.200000 0.917245 0.600816 120 105 82
-3.200000 0.884544 0.685228 120 105 82
-3.200000 0.869329 0.679138 120 105 82
-3.200000 0.917245 0.600816 120 105 82
-3.200000 0.869329 0.679138 120 105 82
-3.200000 0.903904 0.595476 120 105 82
-3.200000 0.899892 0.690978 118 104 80
-3.200000 0.838271 0.861219 118 104 80
-3.200000 0.800178 0.846462 118 104 80
-3.200000 0.899892 0.690978 118 104 80
-3.200000 0.800178 0.846462 118 104 80
-3.200000 0.869329 0.679138 118 104 80
-3.200000 0.876984 0.874263 119 104 81
-3.200000 0.769048 1.219901 119 104 81
-3.200000 0.661876 1.181109 119 104 81
-3.200000 0.876984 0.874263 119 104 81
-3.200000 0.661876 1.181109 119 104 81
-3.200000 0.800178 0.846462 119 104 81
-3.200000 0.879250 1.248991 120 105 81
-3.200000 0.698750 2.081652 120 105 81
-3.200000 0.336460 1.968515 120 105 81
-3.200000 0.879250 1.248991 120 105 81
-3.200000 0.336460 1.968515 120 105 81
-3.200000 0.661876 1.181109 120 105 81
-3.200000 0.903904 0.595476 118 104 80
-3.200000 0.886616 0.637307 118 104 80
-3.200000 0.879526 0.634330 118 104 80
-3.200000 0.903904 0.595476 118 104 80
-3.200000 0.879526 0.634330 118 104 80
-3.200000 0.897279 0.592694 118 104 80
-3.200000 0.886616 0.637307 120 105 81
-3.200000 0.869329 0.679138 120 105 81
-3.200000 0.861773 0.675966 120 105 81
-3.200000 0.886616 0.637307 120 105 81
-3.200000 0.861773 0.675966 120 105 81
-3.200000 0.879526 0.634330 120 105 81
-3.200000 0.879526 0.634330 120 106 82
-3.200000 0.861773 0.675966 120 106 82
-3.200000 0.854253 0.672709 120 106 82
-3.200000 0.879526 0.634330 120 106 82
-3.200000 0.854253 0.672709 120 106 82
-3.200000 0.872469 0.631274 120 106 82
-3.200000 0.872469 0.631274 120 105 81
-3.200000 0.854253 0.672709 120 105 81
-3.200000 0.846769 0.669370 120 105 81
-3.200000 0.872469 0.631274 120 105 81
-3.200000 0.846769 0.669370 120 105 81
-3.200000 0.865447 0.628140 120 105 81
-3.200000 0.865447 0.628140 119 105 81
-3.200000 0.846769 0.669370 119 105 81
-3.200000 0.839324 0.665946 119 105 81
-3.200000 0.865447 0.628140 119 105 81
-3.200000 0.839324 0.665946 119 105 81
-3.200000 0.858460 0.624928 119 105 81
-3.200000 0.869329 0.679138 119 105 81
-3.200000 0.800178 0.846462 119 105 81
-3.200000 0.762780 0.830020 119 105 81
-3.200000 0.869329 0.679138 119 105 81
-3.200000 0.762780 0.830020 119 105 81
-3.200000 0.839324 0.665946 119 105 81
-3.200000 0.858460 0.624928 120 105 82
-3.200000 0.839324 0.665946 120 105 82
-3.200000 0.831917 0.662441 120 105 82
-3.200000 0.858460 0.624928 120 105 82
-3.200000 0.831917 0.662441 120 105 82
-3.200000 0.851509 0.621638 120 105 82
-3.200000 0.851509 0.621638 119 105 81
-3.200000 0.831917 0.662441 119 105 81
-3.200000 0.824549 0.658852 119 105 81
-3.200000 0.851509 0.621638 119 105 81
-3.200000 0.824549 0.658852 119 105 81
-3.200000 0.844595 0.618271 119 105 81
-3.200000 0.844595 0.618271 118 103 80
-3.200000 0.824549 0.658852 118 103 80
-3.200000 0.817222 0.655182 118 103 80
-3.200000 0.844595 0.618271 118 103 80
-3.200000 0.817222 0.655182 118 103 80
-3.200000 0.837720 0.614827 118 103 80
-3.200000 0.837720 0.614827 119 104 81
-3.200000 0.817222 0.655182 119 104 81
-3.200000 0.809937 0.651430 119 104 81
-3.200000 0.837720 0.614827 119 104 81
-3.200000 0.809937 0.651430 119 104 81
-3.200000 0.830883 0.611306 119 104 81
-3.200000 0.839324 0.665946 120 105 82
-3.200000 0.762780 0.830020 120 105 82
-3.200000 0.726153 0.811928 120 105 82
-3.200000 0.839324 0.665946 120 105 82
-3.200000 0.726153 0.811928 120 105 82
-3.200000 0.809937 0.651430 120 105 82
-3.200000 0.800178 0.846462 120 106 82
-3.200000 0.661876 1.181109 120 106 82
-3.200000 0.558586 1.132923 120 106 82
-3.200000 0.800178 0.846462 120 106 82
-3.200000 0.558586 1.132923 120 106 82
-3.200000 0.726153 0.811928 120 106 82
-3.200000 0.830883 0.611306 119 104 81
-3.200000 0.809937 0.651430 119 104 81
-3.200000 0.802694 0.647598 119 104 81
-3.200000 0.830883 0.611306 119 104 81
-3.200000 0.802694 0.647598 119 104 81
-3.200000 0.824086 0.607709 119 104 81
-3.200000 0.824086 0.607709 120 105 81
-3.200000 0.802694 0.647598 120 105 81
-3.200000 0.795494 0.643685 120 105 81
-3.200000 0.824086 0.607709 120 105 81
-3.200000 0.795494 0.643685 120 105 81
-3.200000 0.817329 0.604037 120 105 81
-3.200000 0.817329 0.604037 120 106 82
-3.200000 0.795494 0.643685 120 106 82
-3.200000 0.788338 0.639691 120 106 82
-3.200000 0.817329 0.604037 120 106 82
-3.200000 0.788338 0.639691 120 106 82
-3.200000 0.810614 0.600290 120 106 82
-3.200000 0.810614 0.600290 119 105 81
-3.200000 0.788338 0.639691 119 105 81
-3.200000 0.781227 0.635618 119 105 81
-3.200000 0.810614 0.600290 119 105 81
-3.200000 0.781227 0.635618 119 105 81
-3.200000 0.803941 0.596468 119 105 81
-3.200000 0.809937 0.651430 118 104 80
-3.200000 0.726153 0.811928 118 104 80
-3.200000 0.690369 0.792220 118 104 80
-3.200000 0.809937 0.651430 118 104 80
-3.200000 0.690369 0.792220 118 104 80
-3.200000 0.781227 0.635618 118 104 80
-3.200000 0.803941 0.596468 119 105 81
-3.200000 0.781227 0.635618 119 105 81
-3.200000 0.774161 0.631467 119 105 81
-3.200000 0.803941 0.596468 119 105 81
-3.200000 0.774161 0.631467 119 105 81
-3.200000 0.797311 0.592572 119 105 81
-3.200000 0.781227 0.635618 119 105 81
-3.200000 0.690369 0.792220 119 105 81
-3.200000 0.655500 0.770936 119 105 81
-3.200000 0.781227 0.635618 119 105 81
-3.200000 0.655500 0.770936 119 105 81
-3.200000 0.753250 0.618542 119 105 81
-3.200000 0.726153 0.811928 121 106 82
-3.200000 0.558586 1.132923 121 106 82
-3.200000 0.460000 1.075725 121 106 82
-3.200000 0.726153 0.811928 121 106 82
-3.200000 0.460000 1.075725 121 106 82
-3.200000 0.655500 0.770936 121 106 82
-3.200000 0.661876 1.181109 121 106 82
-3.200000 0.336460 1.968515 121 106 82
-3.200000 0.000000 1.792875 121 106 82
-3.200000 0.661876 1.181109 121 106 82
-3.200000 0.000000 1.792875 121 106 82
-3.200000 0.460000 1.075725 121 106 82
-3.200000 0.753250 0.618542 119 104 80
-3.200000 0.655500 0.770936 119 104 80
-3.200000 0.621614 0.748119 119 104 80
-3.200000 0.753250 0.618542 119 104 80
-3.200000 0.621614 0.748119 119 104 80
-3.200000 0.726063 0.600235 119 104 80
-3.200000 0.726063 0.600235 120 105 82
-3.200000 0.673839 0.674177 120 105 82
-3.200000 0.658922 0.663390 120 105 82
-3.200000 0.726063 0.600235 120 105 82
-3.200000 0.658922 0.663390 120 105 82
-3.200000 0.712782 0.590631 120 105 82
-3.200000 0.673839 0.674177 118 103 80
-3.200000 0.621614 0.748119 118 103 80
-3.200000 0.605062 0.736149 118 103 80
-3.200000 0.673839 0.674177 118 103 80
-3.200000 0.605062 0.736149 118 103 80
-3.200000 0.658922 0.663390 118 103 80
-3.200000 0.685852 0.627010 119 105 81
-3.200000 0.658922 0.663390 119 105 81
-3.200000 0.651555 0.657872 119 105 81
-3.200000 0.685852 0.627010 119 105 81
-3.200000 0.651555 0.657872 119 105 81
-3.200000 0.678889 0.621795 119 105 81
-3.200000 0.678889 0.621795 119 104 81
-3.200000 0.651555 0.657872 119 104 81
-3.200000 0.644249 0.652273 119 104 81
-3.200000 0.678889 0.621795 119 104 81
-3.200000 0.644249 0.652273 119 104 81
-3.200000 0.671984 0.616503 119 104 81
-3.200000 0.658922 0.663390 120 105 81
-3.200000 0.605062 0.736149 120 105 81
-3.200000 0.588780 0.723813 120 105 81
-3.200000 0.658922 0.663390 120 105 81
-3.200000 0.588780 0.723813 120 105 81
-3.200000 0.644249 0.652273 120 105 81
-3.200000 0.655500 0.770936 121 106 82
-3.200000 0.460000 1.075725 121 106 82
-3.200000 0.366902 1.009971 121 106 82
-3.200000 0.655500 0.770936 121 106 82
-3.200000 0.366902 1.009971 121 106 82
-3.200000 0.588780 0.723813 121 106 82
-3.200000 0.671984 0.616503 118 104 80
-3.200000 0.644249 0.652273 118 104 80
-3.200000 0.637007 0.646593 118 104 80
-3.200000 0.671984 0.616503 118 104 80
-3.200000 0.637007 0.646593 118 104 80
-3.200000 0.665139 0.611134 118 104 80
-3.200000 0.665139 0.611134 118 104 80
-3.200000 0.637007 0.646593 118 104 80
-3.200000 0.629828 0.640832 118 104 80
-3.200000 0.665139 0.611134 118 104 80
-3.200000 0.629828 0.640832 118 104 80
-3.200000 0.658354 0.605689 118 104 80
-3.200000 0.644249 0.652273 118 104 80
-3.200000 0.588780 0.723813 118 104 80
-3.200000 0.572777 0.711117 118 104 80
-3.200000 0.644249 0.652273 118 104 80
-3.200000 0.572777 0.711117 118 104 80
-3.200000 0.629828 0.640832 118 104 80
-3.200000 0.658354 0.605689 118 104 80
-3.200000 0.629828 0.640832 118 104 80
-3.200000 0.622715 0.634991 118 104 80
-3.200000 0.658354 0.605689 118 104 80
-3.200000 0.622715 0.634991 118 104 80
-3.200000 0.651630 0.600169 118 104 80
-3.200000 0.651630 0.600169 118 103 80
-3.200000 0.622715 0.634991 118 103 80
-3.200000 0.615666 0.629072 118 103 80
-3.200000 0.651630 0.600169 118 103 80
-3.200000 0.615666 0.629072 118 103 80
-3.200000 0.644969 0.594574 118 103 80
-3.200000 0.629828 0.640832 120 105 81
-3.200000 0.572777 0.711117 120 105 81
-3.200000 0.557062 0.698067 120 105 81
-3.200000 0.629828 0.640832 120 105 81
-3.200000 0.557062 0.698067 120 105 81
-3.200000 0.615666 0.629072 120 105 81
-3.200000 0.615666 0.629072 120 105 82
-3.200000 0.557062 0.698067 120 105 82
-3.200000 0.541642 0.684670 120 105 82
-3.200000 0.615666 0.629072 120 105 82
-3.200000 0.541642 0.684670 120 105 82
-3.200000 0.601770 0.616999 120 105 82
-3.200000 0.601770 0.616999 120 105 81
-3.200000 0.541642 0.684670 120 105 81
-3.200000 0.526524 0.670932 120 105 81
-3.200000 0.601770 0.616999 120 105 81
-3.200000 0.526524 0.670932 120 105 81
-3.200000 0.588146 0.604619 120 105 81
-3.200000 0.588780 0.723813 121 106 82
-3.200000 0.366902 1.009971 121 106 82
-3.200000 0.280033 0.936184 121 106 82
-3.200000 0.588780 0.723813 121 106 82
-3.200000 0.280033 0.936184 121 106 82
-3.200000 0.526524 0.670932 121 106 82
-3.200000 0.460000 1.075725 119 104 81
-3.200000 -0.000000 1.792875 119 104 81
-3.200000 -0.299945 1.560308 119 104 81
-3.200000 0.460000 1.075725 119 104 81
-3.200000 -0.299945 1.560308 119 104 81
-3.200000 0.280033 0.936184 119 104 81
-3.200000 0.588146 0.604619 118 104 80
-3.200000 0.526524 0.670932 118 104 80
-3.200000 0.511716 0.656861 118 104 80
-3.200000 0.588146 0.604619 118 104 80
-3.200000 0.511716 0.656861 118 104 80
-3.200000 0.574802 0.591939 118 104 80
-3.200000 0.543259 0.624400 119 104 80
-3.200000 0.511716 0.656861 119 104 80
-3.200000 0.504431 0.649702 119 104 80
-3.200000 0.543259 0.624400 119 104 80
-3.200000 0.504431 0.649702 119 104 80
-3.200000 0.536334 0.617595 119 104 80
-3.200000 0.536334 0.617595 118 103 80
-3.200000 0.504431 0.649702 118 103 80
-3.200000 0.497226 0.642463 118 103 80
-3.200000 0.536334 0.617595 118 103 80
-3.200000 0.497226 0.642463 118 103 80
-3.200000 0.529485 0.610713 118 103 80
-3.200000 0.529485 0.610713 120 105 81
-3.200000 0.497226 0.642463 120 105 81
-3.200000 0.490102 0.635144 120 105 81
-3.200000 0.529485 0.610713 120 105 81
-3.200000 0.490102 0.635144 120 105 81
-3.200000 0.522713 0.603756 120 105 81
-3.200000 0.522713 0.603756 120 105 81
-3.200000 0.490102 0.635144 120 105 81
-3.200000 0.483060 0.627745 120 105 81
-3.200000 0.522713 0.603756 120 105 81
-3.200000 0.483060 0.627745 120 105 81
-3.200000 0.516019 0.596723 120 105 81
-3.200000 0.526524 0.670932 121 106 83
-3.200000 0.280033 0.936184 121 106 83
-3.200000 0.200083 0.854952 121 106 83
-3.200000 0.526524 0.670932 121 106 83
-3.200000 0.200083 0.854952 121 106 83
-3.200000 0.469226 0.612715 121 106 83
-3.200000 0.469226 0.612715 119 104 80
-3.200000 0.401941 0.673274 119 104 80
-3.200000 0.387112 0.656424 119 104 80
-3.200000 0.469226 0.612715 119 104 80
-3.200000 0.387112 0.656424 119 104 80
-3.200000 0.455731 0.597381 119 104 80
-3.200000 0.401941 0.673274 121 106 83
-3.200000 0.334655 0.733833 121 106 83
-3.200000 0.318492 0.715468 121 106 83
-3.200000 0.401941 0.673274 121 106 83
-3.200000 0.318492 0.715468 121 106 83
-3.200000 0.387112 0.656424 121 106 83
-3.200000 0.421421 0.626902 120 105 81
-3.200000 0.387112 0.656424 120 105 81
-3.200000 0.379839 0.647876 120 105 81
-3.200000 0.421421 0.626902 120 105 81
-3.200000 0.379839 0.647876 120 105 81
-3.200000 0.414476 0.618739 120 105 81
-3.200000 0.414476 0.618739 120 105 82
-3.200000 0.379839 0.647876 120 105 82
-3.200000 0.372662 0.639247 120 105 82
-3.200000 0.414476 0.618739 120 105 82
-3.200000 0.372662 0.639247 120 105 82
-3.200000 0.407622 0.610498 120 105 82
-3.200000 0.387112 0.656424 120 105 82
-3.200000 0.318492 0.715468 120 105 82
-3.200000 0.302743 0.696746 120 105 82
-3.200000 0.387112 0.656424 120 105 82
-3.200000 0.302743 0.696746 120 105 82
-3.200000 0.372662 0.639247 120 105 82
-3.200000 0.334655 0.733833 120 105 81
-3.200000 0.200083 0.854952 120 105 81
-3.200000 0.162904 0.811743 120 105 81
-3.200000 0.334655 0.733833 120 105 81
-3.200000 0.162904 0.811743 120 105 81
-3.200000 0.302743 0.696746 120 105 81
-3.200000 0.407622 0.610498 120 106 82
-3.200000 0.372662 0.639247 120 106 82
-3.200000 0.365582 0.630539 120 106 82
-3.200000 0.407622 0.610498 120 106 82
-3.200000 0.365582 0.630539 120 106 82
-3.200000 0.400860 0.602181 120 106 82
-3.200000 0.400860 0.602181 120 105 81
-3.200000 0.365582 0.630539 120 105 81
-3.200000 0.358599 0.621752 120 105 81
-3.200000 0.400860 0.602181 120 105 81
-3.200000 0.358599 0.621752 120 105 81
-3.200000 0.394191 0.593790 120 105 81
-3.200000 0.372662 0.639247 119 104 81
-3.200000 0.302743 0.696746 119 104 81
-3.200000 0.287415 0.677677 119 104 81
-3.200000 0.372662 0.639247 119 104 81
-3.200000 0.287415 0.677677 119 104 81
-3.200000 0.358599 0.621752 119 104 81
-3.200000 0.358599 0.621752 119 105 81
-3.200000 0.287415 0.677677 119 105 81
-3.200000 0.272516 0.658272 119 105 81
-3.200000 0.358599 0.621752 119 105 81
-3.200000 0.272516 0.658272 119 105 81
-3.200000 0.344930 0.603948 119 105 81
-3.200000 0.302743 0.696746 121 107 83
-3.200000 0.162904 0.811743 121 107 83
-3.200000 0.127689 0.766919 121 107 83
-3.200000 0.302743 0.696746 121 107 83
-3.200000 0.127689 0.766919 121 107 83
-3.200000 0.272516 0.658272 121 107 83
-3.200000 0.280033 0.936184 121 106 83
-3.200000 -0.299945 1.560308 121 106 83
-3.200000 -0.553852 1.278198 121 106 83
-3.200000 0.280033 0.936184 121 106 83
-3.200000 -0.553852 1.278198 121 106 83
-3.200000 0.127689 0.766919 121 106 83
-3.200000 0.344930 0.603948 120 105 81
-3.200000 0.308723 0.631110 120 105 81
-3.200000 0.301738 0.621689 120 105 81
-3.200000 0.344930 0.603948 120 105 81
-3.200000 0.301738 0.621689 120 105 81
-3.200000 0.338245 0.594933 120 105 81
-3.200000 0.308723 0.631110 121 107 83
-3.200000 0.272516 0.658272 121 107 83
-3.200000 0.265230 0.648446 121 107 83
-3.200000 0.308723 0.631110 121 107 83
-3.200000 0.265230 0.648446 121 107 83
-3.200000 0.301738 0.621689 121 107 83
-3.200000 0.301738 0.621689 119 105 81
-3.200000 0.265230 0.648446 119 105 81
-3.200000 0.258054 0.638539 119 105 81
-3.200000 0.301738 0.621689 119 105 81
-3.200000 0.258054 0.638539 119 105 81
-3.200000 0.294858 0.612191 119 105 81
-3.200000 0.294858 0.612191 121 107 83
-3.200000 0.258054 0.638539 121 107 83
-3.200000 0.250989 0.628553 121 107 83
-3.200000 0.294858 0.612191 121 107 83
-3.200000 0.250989 0.628553 121 107 83
-3.200000 0.288084 0.602617 121 107 83
-3.200000 0.288084 0.602617 121 106 83
-3.200000 0.250989 0.628553 121 106 83
-3.200000 0.244036 0.618488 121 106 83
-3.200000 0.288084 0.602617 121 106 83
-3.200000 0.244036 0.618488 121 106 83
-3.200000 0.281418 0.592968 121 106 83
-3.200000 0.272516 0.658272 119 105 81
-3.200000 0.127689 0.766919 119 105 81
-3.200000 0.094508 0.720569 119 105 81
-3.200000 0.272516 0.658272 119 105 81
-3.200000 0.094508 0.720569 119 105 81
-3.200000 0.244036 0.618488 119 105 81
-3.200000 0.244036 0.618488 122 107 83
-3.200000 0.169272 0.669529 122 107 83
-3.200000 0.154584 0.647490 122 107 83
-3.200000 0.244036 0.618488 122 107 83
-3.200000 0.154584 0.647490 122 107 83
-3.200000 0.230468 0.598130 122 107 83
-3.200000 0.169272 0.669529 119 105 81
-3.200000 0.094508 0.720569 119 105 81
-3.200000 0.078700 0.696851 119 105 81
-3.200000 0.169272 0.669529 119 105 81
-3.200000 0.078700 0.696851 119 105 81
-3.200000 0.154584 0.647490 119 105 81
-3.200000 0.192526 0.622810 121 107 83
-3.200000 0.154584 0.647490 121 107 83
-3.200000 0.147425 0.636350 121 107 83
-3.200000 0.192526 0.622810 121 107 83
-3.200000 0.147425 0.636350 121 107 83
-3.200000 0.185640 0.612094 121 107 83
-3.200000 0.185640 0.612094 122 107 83
-3.200000 0.147425 0.636350 122 107 83
-3.200000 0.140392 0.625130 122 107 83
-3.200000 0.185640 0.612094 122 107 83
-3.200000 0.140392 0.625130 122 107 83
-3.200000 0.178874 0.601302 122 107 83
-3.200000 0.154584 0.647490 121 106 82
-3.200000 0.078700 0.696851 121 106 82
-3.200000 0.063426 0.672786 121 106 82
-3.200000 0.154584 0.647490 121 106 82
-3.200000 0.063426 0.672786 121 106 82
-3.200000 0.140392 0.625130 121 106 82
-3.200000 0.178874 0.601302 122 107 83
-3.200000 0.140392 0.625130 122 107 83
-3.200000 0.133483 0.613833 122 107 83
-3.200000 0.178874 0.601302 122 107 83
-3.200000 0.133483 0.613833 122 107 83
-3.200000 0.172229 0.590435 122 107 83
-3.200000 0.140392 0.625130 121 106 82
-3.200000 0.063426 0.672786 121 106 82
-3.200000 0.048692 0.648386 121 106 82
-3.200000 0.140392 0.625130 121 106 82
-3.200000 0.048692 0.648386 121 106 82
-3.200000 0.126701 0.602459 121 106 82
-3.200000 0.126701 0.602459 120 105 81
-3.200000 0.087697 0.625423 120 105 81
-3.200000 0.080788 0.613537 120 105 81
-3.200000 0.126701 0.602459 120 105 81
-3.200000 0.080788 0.613537 120 105 81
-3.200000 0.120047 0.591010 120 105 81
-3.200000 0.087697 0.625423 121 106 83
-3.200000 0.048692 0.648386 121 106 83
-3.200000 0.041530 0.636065 121 106 83
-3.200000 0.087697 0.625423 121 106 83
-3.200000 0.041530 0.636065 121 106 83
-3.200000 0.080788 0.613537 121 106 83
-3.200000 0.080788 0.613537 121 107 83
-3.200000 0.041530 0.636065 121 107 83
-3.200000 0.034506 0.623664 121 107 83
-3.200000 0.080788 0.613537 121 107 83
-3.200000 0.034506 0.623664 121 107 83
-3.200000 0.074013 0.601576 121 107 83
-3.200000 0.127689 0.766919 120 106 82
-3.200000 -0.213081 1.022558 120 106 82
-3.200000 -0.298766 0.897048 120 106 82
-3.200000 0.127689 0.766919 120 106 82
-3.200000 -0.298766 0.897048 120 106 82
-3.200000 0.063426 0.672786 120 106 82
-3.200000 -0.213081 1.022558 119 105 81
-3.200000 -0.553852 1.278198 119 105 81
-3.200000 -0.660957 1.121310 119 105 81
-3.200000 -0.213081 1.022558 119 105 81
-3.200000 -0.660957 1.121310 119 105 81
-3.200000 -0.298766 0.897048 119 105 81
-3.200000 0.063426 0.672786 119 105 81
-3.200000 -0.117670 0.784917 119 105 81
-3.200000 -0.151410 0.727608 119 105 81
-3.200000 0.063426 0.672786 119 105 81
-3.200000 -0.151410 0.727608 119 105 81
-3.200000 0.034506 0.623664 119 105 81
-3.200000 -0.117670 0.784917 122 107 83
-3.200000 -0.298766 0.897048 122 107 83
-3.200000 -0.337325 0.831552 122 107 83
-3.200000 -0.117670 0.784917 122 107 83
-3.200000 -0.337325 0.831552 122 107 83
-3.200000 -0.151410 0.727608 122 107 83
-3.200000 0.034506 0.623664 120 106 82
-3.200000 -0.058452 0.675636 120 106 82
-3.200000 -0.073219 0.648518 120 106 82
-3.200000 0.034506 0.623664 120 106 82
-3.200000 -0.073219 0.648518 120 106 82
-3.200000 0.020875 0.598632 120 106 82
-3.200000 -0.058452 0.675636 121 107 83
-3.200000 -0.151410 0.727608 121 107 83
-3.200000 -0.167313 0.698404 121 107 83
-3.200000 -0.058452 0.675636 121 107 83
-3.200000 -0.167313 0.698404 121 107 83
-3.200000 -0.073219 0.648518 121 107 83
-3.200000 -0.026172 0.623575 120 106 82
-3.200000 -0.073219 0.648518 120 106 82
-3.200000 -0.080375 0.634837 120 106 82
-3.200000 -0.026172 0.623575 120 106 82
-3.200000 -0.080375 0.634837 120 106 82
-3.200000 -0.033053 0.610420 120 106 82
-3.200000 -0.033053 0.610420 120 106 82
-3.200000 -0.080375 0.634837 120 106 82
-3.200000 -0.087378 0.621077 120 106 82
-3.200000 -0.033053 0.610420 120 106 82
-3.200000 -0.087378 0.621077 120 106 82
-3.200000 -0.039786 0.597189 120 106 82
-3.200000 -0.073219 0.648518 122 107 83
-3.200000 -0.167313 0.698404 122 107 83
-3.200000 -0.182561 0.668852 122 107 83
-3.200000 -0.073219 0.648518 122 107 83
-3.200000 -0.182561 0.668852 122 107 83
-3.200000 -0.087378 0.621077 122 107 83
-3.200000 -0.151410 0.727608 119 105 81
-3.200000 -0.337325 0.831552 119 105 81
-3.200000 -0.372927 0.764402 119 105 81
-3.200000 -0.151410 0.727608 119 105 81
-3.200000 -0.372927 0.764402 119 105 81
-3.200000 -0.182561 0.668852 119 105 81
-3.200000 -0.298766 0.897048 119 105 81
-3.200000 -0.660957 1.121310 119 105 81
-3.200000 -0.753658 0.955503 119 105 81
-3.200000 -0.298766 0.897048 119 105 81
-3.200000 -0.753658 0.955503 119 105 81
-3.200000 -0.372927 0.764402 119 105 81
-3.200000 -0.020073 0.388034 119 105 81
-3.200000 -0.063035 0.402281 119 105 81
-3.200000 -0.067446 0.388729 119 105 81
-3.200000 -0.020073 0.388034 119 105 81
-3.200000 -0.067446 0.388729 119 105 81
-3.200000 -0.024328 0.374962 119 105 81
-3.200000 -0.024328 0.374962 119 105 81
-3.200000 -0.067446 0.388729 119 105 81
-3.200000 -0.071705 0.375129 119 105 81
-3.200000 -0.024328 0.374962 119 105 81
-3.200000 -0.071705 0.375129 119 105 81
-3.200000 -0.028436 0.361843 119 105 81
-3.200000 -0.028436 0.361843 119 104 81
-3.200000 -0.071705 0.375129 119 104 81
-3.200000 -0.075812 0.361481 119 104 81
-3.200000 -0.028436 0.361843 119 104 81
-3.200000 -0.075812 0.361481 119 104 81
-3.200000 -0.032398 0.348679 119 104 81
-3.200000 -0.039786 0.597189 120 105 82
-3.200000 -0.087378 0.621077 120 105 82
-3.200000 -0.094227 0.607240 120 105 82
-3.200000 -0.039786 0.597189 120 105 82
-3.200000 -0.094227 0.607240 120 105 82
-3.200000 -0.046372 0.583884 120 105 82
-3.200000 -0.046372 0.583884 119 105 81
-3.200000 -0.094227 0.607240 119 105 81
-3.200000 -0.100921 0.593327 119 105 81
-3.200000 -0.046372 0.583884 119 105 81
-3.200000 -0.100921 0.593327 119 105 81
-3.200000 -0.052809 0.570507 119 105 81
-3.200000 -0.087378 0.621077 121 107 83
-3.200000 -0.182561 0.668852 121 107 83
-3.200000 -0.197146 0.638968 121 107 83
-3.200000 -0.087378 0.621077 121 107 83
-3.200000 -0.197146 0.638968 121 107 83
-3.200000 -0.100921 0.593327 121 107 83
-3.200000 -0.052809 0.570507 120 105 82
-3.200000 -0.100921 0.593327 120 105 82
-3.200000 -0.107460 0.579341 120 105 82
-3.200000 -0.052809 0.570507 120 105 82
-3.200000 -0.107460 0.579341 120 105 82
-3.200000 -0.059096 0.557058 120 105 82
-3.200000 -0.059096 0.557058 121 106 82
-3.200000 -0.107460 0.579341 121 106 82
-3.200000 -0.113842 0.565282 121 106 82
-3.200000 -0.059096 0.557058 121 106 82
-3.200000 -0.113842 0.565282 121 106 82
-3.200000 -0.065233 0.543540 121 106 82
-3.200000 -0.100921 0.593327 121 107 83
-3.200000 -0.197146 0.638968 121 107 83
-3.200000 -0.211061 0.608765 121 107 83
-3.200000 -0.100921 0.593327 121 107 83
-3.200000 -0.211061 0.608765 121 107 83
-3.200000 -0.113842 0.565282 121 107 83
-3.200000 -0.182561 0.668852 122 107 83
-3.200000 -0.372927 0.764402 122 107 83
-3.200000 -0.405498 0.695732 122 107 83
-3.200000 -0.182561 0.668852 122 107 83
-3.200000 -0.405498 0.695732 122 107 83
-3.200000 -0.211061 0.608765 122 107 83
-3.200000 -0.065233 0.543540 122 107 83
-3.200000 -0.113842 0.565282 122 107 83
-3.200000 -0.120067 0.551153 122 107 83
-3.200000 -0.065233 0.543540 122 107 83
-3.200000 -0.120067 0.551153 122 107 83
-3.200000 -0.071218 0.529955 122 107 83
-3.200000 -0.022370 0.508757 119 105 81
-3.200000 -0.071218 0.529955 119 105 81
-3.200000 -0.077052 0.516304 119 105 81
-3.200000 -0.022370 0.508757 119 105 81
-3.200000 -0.077052 0.516304 119 105 81
-3.200000 -0.027970 0.495652 119 105 81
-3.200000 -0.071218 0.529955 121 106 83
-3.200000 -0.120067 0.551153 121 106 83
-3.200000 -0.126134 0.536956 121 106 83
-3.200000 -0.071218 0.529955 121 106 83
-3.200000 -0.126134 0.536956 121 106 83
-3.200000 -0.077052 0.516304 121 106 83
-3.200000 -0.113842 0.565282 120 106 82
-3.200000 -0.211061 0.608765 120 106 82
-3.200000 -0.224298 0.578260 120 106 82
-3.200000 -0.113842 0.565282 120 106 82
-3.200000 -0.224298 0.578260 120 106 82
-3.200000 -0.126134 0.536956 120 106 82
-3.200000 -0.027970 0.495652 119 104 81
-3.200000 -0.126134 0.536956 119 104 81
-3.200000 -0.137792 0.508363 119 104 81
-3.200000 -0.027970 0.495652 119 104 81
-3.200000 -0.137792 0.508363 119 104 81
-3.200000 -0.038731 0.469258 119 104 81
-3.200000 -0.126134 0.536956 122 107 83
-3.200000 -0.224298 0.578260 122 107 83
-3.200000 -0.236853 0.547467 122 107 83
-3.200000 -0.126134 0.536956 122 107 83
-3.200000 -0.236853 0.547467 122 107 83
-3.200000 -0.137792 0.508363 122 107 83
-3.200000 -0.211061 0.608765 119 105 81
-3.200000 -0.405498 0.695732 119 105 81
-3.200000 -0.434975 0.625677 119 105 81
-3.200000 -0.211061 0.608765 119 105 81
-3.200000 -0.434975 0.625677 119 105 81
-3.200000 -0.236853 0.547467 119 105 81
-3.200000 -0.372927 0.764402 118 104 80
-3.200000 -0.753658 0.955503 118 104 80
-3.200000 -0.831218 0.782096 118 104 80
-3.200000 -0.372927 0.764402 118 104 80
-3.200000 -0.831218 0.782096 118 104 80
-3.200000 -0.434975 0.625677 118 104 80
-3.200000 -0.038731 0.469258 120 106 82
-3.200000 -0.434975 0.625677 120 106 82
-3.200000 -0.484416 0.481975 120 106 82
-3.200000 -0.038731 0.469258 120 106 82
-3.200000 -0.484416 0.481975 120 106 82
-3.200000 -0.075812 0.361481 120 106 82
-3.200000 -0.434975 0.625677 120 105 81
-3.200000 -0.831218 0.782096 120 105 81
-3.200000 -0.893020 0.602469 120 105 81
-3.200000 -0.434975 0.625677 120 105 81
-3.200000 -0.893020 0.602469 120 105 81
-3.200000 -0.484416 0.481975 120 105 81
-3.200000 -0.032398 0.348679 121 106 82
-3.200000 -0.075812 0.361481 121 106 82
-3.200000 -0.079767 0.347789 121 106 82
-3.200000 -0.032398 0.348679 121 106 82
-3.200000 -0.079767 0.347789 121 106 82
-3.200000 -0.036213 0.335472 121 106 82
-3.200000 -0.036213 0.335472 120 106 82
-3.200000 -0.079767 0.347789 120 106 82
-3.200000 -0.083569 0.334054 120 106 82
-3.200000 -0.036213 0.335472 120 106 82
-3.200000 -0.083569 0.334054 120 106 82
-3.200000 -0.039880 0.322223 120 106 82
-3.200000 -0.039880 0.322223 119 105 81
-3.200000 -0.083569 0.334054 119 105 81
-3.200000 -0.087217 0.320277 119 105 81
-3.200000 -0.039880 0.322223 119 105 81
-3.200000 -0.087217 0.320277 119 105 81
-3.200000 -0.043399 0.308934 119 105 81
-3.200000 -0.043399 0.308934 120 106 82
-3.200000 -0.087217 0.320277 120 106 82
-3.200000 -0.090712 0.306461 120 106 82
-3.200000 -0.043399 0.308934 120 106 82
-3.200000 -0.090712 0.306461 120 106 82
-3.200000 -0.046770 0.295607 120 106 82
-3.200000 -0.046770 0.295607 119 104 81
-3.200000 -0.090712 0.306461 119 104 81
-3.200000 -0.094052 0.292606 119 104 81
-3.200000 -0.046770 0.295607 119 104 81
-3.200000 -0.094052 0.292606 119 104 81
-3.200000 -0.049992 0.282243 119 104 81
-3.200000 -0.049992 0.282243 118 104 80
-3.200000 -0.094052 0.292606 118 104 80
-3.200000 -0.097238 0.278715 118 104 80
-3.200000 -0.049992 0.282243 118 104 80
-3.200000 -0.097238 0.278715 118 104 80
-3.200000 -0.053065 0.268844 118 104 80
-3.200000 -0.053065 0.268844 120 105 81
-3.200000 -0.097238 0.278715 120 105 81
-3.200000 -0.100268 0.264789 120 105 81
-3.200000 -0.053065 0.268844 120 105 81
-3.200000 -0.100268 0.264789 120 105 81
-3.200000 -0.055988 0.255411 120 105 81
-3.200000 -0.055988 0.255411 120 105 81
-3.200000 -0.100268 0.264789 120 105 81
-3.200000 -0.103143 0.250830 120 105 81
-3.200000 -0.055988 0.255411 120 105 81
-3.200000 -0.103143 0.250830 120 105 81
-3.200000 -0.058761 0.241946 120 105 81
-3.200000 -0.058761 0.241946 119 105 81
-3.200000 -0.103143 0.250830 119 105 81
-3.200000 -0.105863 0.236840 119 105 81
-3.200000 -0.058761 0.241946 119 105 81
-3.200000 -0.105863 0.236840 119 105 81
-3.200000 -0.061384 0.228452 119 105 81
-3.200000 -0.061384 0.228452 118 104 80
-3.200000 -0.105863 0.236840 118 104 80
-3.200000 -0.108426 0.222821 118 104 80
-3.200000 -0.061384 0.228452 118 104 80
-3.200000 -0.108426 0.222821 118 104 80
-3.200000 -0.063856 0.214929 118 104 80
-3.200000 -0.063856 0.214929 120 105 82
-3.200000 -0.108426 0.222821 120 105 82
-3.200000 -0.110832 0.208774 120 105 82
-3.200000 -0.063856 0.214929 120 105 82
-3.200000 -0.110832 0.208774 120 105 82
-3.200000 -0.066178 0.201379 120 105 82
-3.200000 -0.021523 0.193985 120 105 82
-3.200000 -0.066178 0.201379 120 105 82
-3.200000 -0.068348 0.187805 120 105 82
-3.200000 -0.021523 0.193985 120 105 82
-3.200000 -0.068348 0.187805 120 105 82
-3.200000 -0.023614 0.180909 120 105 82
-3.200000 -0.066178 0.201379 118 103 80
-3.200000 -0.110832 0.208774 118 103 80
-3.200000 -0.113082 0.194700 118 103 80
-3.200000 -0.066178 0.201379 118 103 80
-3.200000 -0.113082 0.194700 118 103 80
-3.200000 -0.068348 0.187805 118 103 80
-3.200000 -0.023614 0.180909 119 104 81
-3.200000 -0.113082 0.194700 119 104 81
-3.200000 -0.117110 0.166483 119 104 81
-3.200000 -0.023614 0.180909 119 104 81
-3.200000 -0.117110 0.166483 119 104 81
-3.200000 -0.027356 0.154691 119 104 81
-3.200000 -0.027356 0.154691 119 104 81
-3.200000 -0.117110 0.166483 119 104 81
-3.200000 -0.120507 0.138184 119 104 81
-3.200000 -0.027356 0.154691 119 104 81
-3.200000 -0.120507 0.138184 119 104 81
-3.200000 -0.030513 0.128396 119 104 81
-3.200000 -0.075812 0.361481 118 104 80
-3.200000 -0.893020 0.602469 118 104 80
-3.200000 -0.967512 0.230306 118 104 80
-3.200000 -0.075812 0.361481 118 104 80
-3.200000 -0.967512 0.230306 118 104 80
-3.200000 -0.120507 0.138184 118 104 80
-3.200000 -0.030513 0.128396 118 104 80
-3.200000 -0.120507 0.138184 118 104 80
-3.200000 -0.123273 0.109815 118 104 80
-3.200000 -0.030513 0.128396 118 104 80
-3.200000 -0.123273 0.109815 118 104 80
-3.200000 -0.033083 0.102036 118 104 80
-3.200000 -0.033083 0.102036 121 106 82
-3.200000 -0.123273 0.109815 121 106 82
-3.200000 -0.125406 0.081392 121 106 82
-3.200000 -0.033083 0.102036 121 106 82
-3.200000 -0.125406 0.081392 121 106 82
-3.200000 -0.035064 0.075627 121 106 82
-3.200000 -0.035064 0.075627 120 106 82
-3.200000 -0.125406 0.081392 120 106 82
-3.200000 -0.126904 0.052928 120 106 82
-3.200000 -0.035064 0.075627 120 106 82
-3.200000 -0.126904 0.052928 120 106 82
-3.200000 -0.036456 0.049179 120 106 82
-3.200000 -0.036456 0.049179 120 105 81
-3.200000 -0.126904 0.052928 120 105 81
-3.200000 -0.127766 0.024438 120 105 81
-3.200000 -0.036456 0.049179 120 105 81
-3.200000 -0.127766 0.024438 120 105 81
-3.200000 -0.037258 0.022707 120 105 81
-3.200000 -0.037258 0.022707 120 106 82
-3.200000 -0.127766 0.024438 120 106 82
-3.200000 -0.127994 -0.004064 120 106 82
-3.200000 -0.037258 0.022707 120 106 82
-3.200000 -0.127994 -0.004064 120 106 82
-3.200000 -0.037469 -0.003776 120 106 82
-3.200000 -0.037469 -0.003776 120 105 81
-3.200000 -0.127994 -0.004064 120 105 81
-3.200000 -0.127585 -0.032564 120 105 81
-3.200000 -0.037469 -0.003776 120 105 81
-3.200000 -0.127585 -0.032564 120 105 81
-3.200000 -0.037089 -0.030258 120 105 81
-3.200000 -0.037089 -0.030258 120 106 82
-3.200000 -0.127585 -0.032564 120 106 82
-3.200000 -0.126541 -0.061048 120 106 82
-3.200000 -0.037089 -0.030258 120 106 82
-3.200000 -0.126541 -0.061048 120 106 82
-3.200000 -0.036119 -0.056724 120 106 82
-3.200000 -0.036119 -0.056724 121 106 82
-3.200000 -0.126541 -0.061048 121 106 82
-3.200000 -0.124862 -0.089502 121 106 82
-3.200000 -0.036119 -0.056724 121 106 82
-3.200000 -0.124862 -0.089502 121 106 82
-3.200000 -0.034559 -0.083162 121 106 82
-3.200000 -0.120507 0.138184 122 107 83
-3.200000 -0.967512 0.230306 122 107 83
-3.200000 -0.974770 -0.149170 122 107 83
-3.200000 -0.120507 0.138184 122 107 83
-3.200000 -0.974770 -0.149170 122 107 83
-3.200000 -0.124862 -0.089502 122 107 83
-3.200000 -0.034559 -0.083162 119 105 81
-3.200000 -0.124862 -0.089502 119 105 81
-3.200000 -0.122549 -0.117911 119 105 81
-3.200000 -0.034559 -0.083162 119 105 81
-3.200000 -0.122549 -0.117911 119 105 81
-3.200000 -0.032410 -0.109559 119 105 81
-3.200000 -0.032410 -0.109559 120 106 82
-3.200000 -0.122549 -0.117911 120 106 82
-3.200000 -0.119603 -0.146261 120 106 82
-3.200000 -0.032410 -0.109559 120 106 82
-3.200000 -0.119603 -0.146261 120 106 82
-3.200000 -0.029673 -0.135901 120 106 82
-3.200000 -0.029673 -0.135901 119 104 80
-3.200000 -0.119603 -0.146261 119 104 80
-3.200000 -0.116025 -0.174539 119 104 80
-3.200000 -0.029673 -0.135901 119 104 80
-3.200000 -0.116025 -0.174539 119 104 80
-3.200000 -0.026349 -0.162176 119 104 80
-3.200000 -0.026349 -0.162176 118 103 80
-3.200000 -0.116025 -0.174539 118 103 80
-3.200000 -0.111818 -0.202730 118 103 80
-3.200000 -0.026349 -0.162176 118 103 80
-3.200000 -0.111818 -0.202730 118 103 80
-3.200000 -0.022439 -0.188370 118 103 80
-3.200000 -0.022439 -0.188370 119 104 81
-3.200000 -0.067129 -0.195550 119 104 81
-3.200000 -0.064872 -0.209111 119 104 81
-3.200000 -0.022439 -0.188370 119 104 81
-3.200000 -0.064872 -0.209111 119 104 81
-3.200000 -0.020266 -0.201433 119 104 81
-3.200000 -0.067129 -0.195550 119 105 81
-3.200000 -0.111818 -0.202730 119 105 81
-3.200000 -0.109479 -0.216788 119 105 81
-3.200000 -0.067129 -0.195550 119 105 81
-3.200000 -0.109479 -0.216788 119 105 81
-3.200000 -0.064872 -0.209111 119 105 81
-3.200000 -0.064872 -0.209111 120 105 81
-3.200000 -0.109479 -0.216788 120 105 81
-3.200000 -0.106983 -0.230820 120 105 81
-3.200000 -0.064872 -0.209111 120 105 81
-3.200000 -0.106983 -0.230820 120 105 81
-3.200000 -0.062465 -0.222645 120 105 81
-3.200000 -0.062465 -0.222645 118 103 80
-3.200000 -0.106983 -0.230820 118 103 80
-3.200000 -0.104331 -0.244823 118 103 80
-3.200000 -0.062465 -0.222645 118 103 80
-3.200000 -0.104331 -0.244823 118 103 80
-3.200000 -0.059907 -0.236152 118 103 80
-3.200000 -0.059907 -0.236152 119 104 81
-3.200000 -0.104331 -0.244823 119 104 81
-3.200000 -0.101523 -0.258795 119 104 81
-3.200000 -0.059907 -0.236152 119 104 81
-3.200000 -0.101523 -0.258795 119 104 81
-3.200000 -0.057198 -0.249630 119 104 81
-3.200000 -0.057198 -0.249630 118 103 80
-3.200000 -0.101523 -0.258795 118 103 80
-3.200000 -0.098559 -0.272735 118 103 80
-3.200000 -0.057198 -0.249630 118 103 80
-3.200000 -0.098559 -0.272735 118 103 80
-3.200000 -0.054339 -0.263076 118 103 80
-3.200000 -0.054339 -0.263076 119 105 81
-3.200000 -0.098559 -0.272735 119 105 81
-3.200000 -0.095440 -0.286642 119 105 81
-3.200000 -0.054339 -0.263076 119 105 81
-3.200000 -0.095440 -0.286642 119 105 81
-3.200000 -0.051331 -0.276490 119 105 81
-3.200000 -0.051331 -0.276490 120 106 82
-3.200000 -0.095440 -0.286642 120 106 82
-3.200000 -0.092166 -0.300512 120 106 82
-3.200000 -0.051331 -0.276490 120 106 82
-3.200000 -0.092166 -0.300512 120 106 82
-3.200000 -0.048173 -0.289869 120 106 82
-3.200000 -0.048173 -0.289869 120 106 82
-3.200000 -0.092166 -0.300512 120 106 82
-3.200000 -0.088738 -0.314346 120 106 82
-3.200000 -0.048173 -0.289869 120 106 82
-3.200000 -0.088738 -0.314346 120 106 82
-3.200000 -0.044866 -0.303212 120 106 82
-3.200000 -0.124862 -0.089502 121 106 82
-3.200000 -0.974770 -0.149170 121 106 82
-3.200000 -0.914563 -0.523909 121 106 82
-3.200000 -0.124862 -0.089502 121 106 82
-3.200000 -0.914563 -0.523909 121 106 82
-3.200000 -0.088738 -0.314346 121 106 82
-3.200000 -0.044866 -0.303212 118 104 80
-3.200000 -0.088738 -0.314346 118 104 80
-3.200000 -0.085155 -0.328140 118 104 80
-3.200000 -0.044866 -0.303212 118 104 80
-3.200000 -0.085155 -0.328140 118 104 80
-3.200000 -0.041410 -0.316518 118 104 80
-3.200000 -0.041410 -0.316518 119 104 81
-3.200000 -0.085155 -0.328140 119 104 81
-3.200000 -0.081419 -0.341893 119 104 81
-3.200000 -0.041410 -0.316518 119 104 81
-3.200000 -0.081419 -0.341893 119 104 81
-3.200000 -0.037806 -0.329784 119 104 81
-3.200000 -0.037806 -0.329784 118 103 80
-3.200000 -0.081419 -0.341893 118 103 80
-3.200000 -0.077530 -0.355604 118 103 80
-3.200000 -0.037806 -0.329784 118 103 80
-3.200000 -0.077530 -0.355604 118 103 80
-3.200000 -0.034055 -0.343010 118 103 80
-3.200000 -0.034055 -0.343010 120 105 81
-3.200000 -0.077530 -0.355604 120 105 81
-3.200000 -0.073488 -0.369271 120 105 81
-3.200000 -0.034055 -0.343010 120 105 81
-3.200000 -0.073488 -0.369271 120 105 81
-3.200000 -0.030156 -0.356192 120 105 81
-3.200000 -0.030156 -0.356192 118 103 80
-3.200000 -0.073488 -0.369271 118 103 80
-3.200000 -0.069294 -0.382891 118 103 80
-3.200000 -0.030156 -0.356192 118 103 80
-3.200000 -0.069294 -0.382891 118 103 80
-3.200000 -0.026111 -0.369331 118 103 80
-3.200000 -0.026111 -0.369331 117 103 79
-3.200000 -0.069294 -0.382891 117 103 79
-3.200000 -0.064949 -0.396464 117 103 79
-3.200000 -0.026111 -0.369331 117 103 79
-3.200000 -0.064949 -0.396464 117 103 79
-3.200000 -0.021919 -0.382423 117 103 79
-3.200000 -0.088738 -0.314346 119 105 81
-3.200000 -0.501650 -0.419127 119 105 81
-3.200000 -0.457740 -0.564615 119 105 81
-3.200000 -0.088738 -0.314346 119 105 81
-3.200000 -0.457740 -0.564615 119 105 81
-3.200000 -0.055805 -0.423461 119 105 81
-3.200000 -0.501650 -0.419127 121 106 82
-3.200000 -0.914563 -0.523909 121 106 82
-3.200000 -0.859674 -0.705768 121 106 82
-3.200000 -0.501650 -0.419127 121 106 82
-3.200000 -0.859674 -0.705768 121 106 82
-3.200000 -0.457740 -0.564615 121 106 82
-3.200000 -0.055805 -0.423461 118 103 80
-3.200000 -0.256772 -0.494038 118 103 80
-3.200000 -0.233343 -0.556277 118 103 80
-3.200000 -0.055805 -0.423461 118 103 80
-3.200000 -0.233343 -0.556277 118 103 80
-3.200000 -0.035722 -0.476809 118 103 80
-3.200000 -0.256772 -0.494038 117 103 79
-3.200000 -0.457740 -0.564615 117 103 79
-3.200000 -0.430963 -0.635745 117 103 79
-3.200000 -0.256772 -0.494038 117 103 79
-3.200000 -0.430963 -0.635745 117 103 79
-3.200000 -0.233343 -0.556277 117 103 79
-3.200000 -0.035722 -0.476809 117 103 79
-3.200000 -0.134532 -0.516543 117 103 79
-3.200000 -0.122693 -0.545061 117 103 79
-3.200000 -0.035722 -0.476809 117 103 79
-3.200000 -0.122693 -0.545061 117 103 79
-3.200000 -0.024794 -0.503134 117 103 79
-3.200000 -0.134532 -0.516543 120 105 81
-3.200000 -0.233343 -0.556277 120 105 81
-3.200000 -0.220593 -0.586989 120 105 81
-3.200000 -0.134532 -0.516543 120 105 81
-3.200000 -0.220593 -0.586989 120 105 81
-3.200000 -0.122693 -0.545061 120 105 81
-3.200000 -0.073744 -0.524098 118 104 80
-3.200000 -0.122693 -0.545061 118 104 80
-3.200000 -0.116536 -0.559220 118 104 80
-3.200000 -0.073744 -0.524098 118 104 80
-3.200000 -0.116536 -0.559220 118 104 80
-3.200000 -0.067823 -0.537711 118 104 80
-3.200000 -0.067823 -0.537711 117 103 79
-3.200000 -0.116536 -0.559220 117 103 79
-3.200000 -0.110221 -0.573309 117 103 79
-3.200000 -0.067823 -0.537711 117 103 79
-3.200000 -0.110221 -0.573309 117 103 79
-3.200000 -0.061751 -0.551259 117 103 79
-3.200000 -0.122693 -0.545061 119 105 81
-3.200000 -0.220593 -0.586989 119 105 81
-3.200000 -0.207161 -0.617410 119 105 81
-3.200000 -0.122693 -0.545061 119 105 81
-3.200000 -0.207161 -0.617410 119 105 81
-3.200000 -0.110221 -0.573309 119 105 81
-3.200000 -0.233343 -0.556277 118 104 80
-3.200000 -0.430963 -0.635745 118 104 80
-3.200000 -0.401041 -0.705611 118 104 80
-3.200000 -0.233343 -0.556277 118 104 80
-3.200000 -0.401041 -0.705611 118 104 80
-3.200000 -0.207161 -0.617410 118 104 80
-3.200000 -0.457740 -0.564615 120 105 82
-3.200000 -0.859674 -0.705768 120 105 82
-3.200000 -0.788802 -0.882014 120 105 82
-3.200000 -0.457740 -0.564615 120 105 82
-3.200000 -0.788802 -0.882014 120 105 82
-3.200000 -0.401041 -0.705611 120 105 82
-3.200000 0.071143 -0.596414 117 103 79
-3.200000 0.031530 -0.618312 117 103 79
-3.200000 0.038495 -0.630746 117 103 79
-3.200000 0.071143 -0.596414 117 103 79
-3.200000 0.038495 -0.630746 117 103 79
-3.200000 0.077861 -0.608407 117 103 79
-3.200000 0.077861 -0.608407 117 103 79
-3.200000 0.038495 -0.630746 117 103 79
-3.200000 0.045598 -0.643102 117 103 79
-3.200000 0.077861 -0.608407 117 103 79
-3.200000 0.045598 -0.643102 117 103 79
-3.200000 0.084712 -0.620325 117 103 79
-3.200000 0.123826 -0.597549 120 105 81
-3.200000 0.084712 -0.620325 120 105 81
-3.200000 0.091696 -0.632166 120 105 81
-3.200000 0.123826 -0.597549 120 105 81
-3.200000 0.091696 -0.632166 120 105 81
-3.200000 0.130554 -0.608955 120 105 81
-3.200000 0.084712 -0.620325 120 105 81
-3.200000 0.045598 -0.643102 120 105 81
-3.200000 0.052838 -0.655378 120 105 81
-3.200000 0.084712 -0.620325 120 105 81
-3.200000 0.052838 -0.655378 120 105 81
-3.200000 0.091696 -0.632166 120 105 81
-3.200000 0.176004 -0.596642 118 103 80
-3.200000 0.137408 -0.620285 118 103 80
-3.200000 0.144388 -0.631539 118 103 80
-3.200000 0.176004 -0.596642 118 103 80
-3.200000 0.144388 -0.631539 118 103 80
-3.200000 0.182718 -0.607467 118 103 80
-3.200000 0.130554 -0.608955 117 103 79
-3.200000 0.052838 -0.655378 117 103 79
-3.200000 0.067727 -0.679683 117 103 79
-3.200000 0.130554 -0.608955 117 103 79
-3.200000 0.067727 -0.679683 117 103 79
-3.200000 0.144388 -0.631539 117 103 79
-3.200000 0.182718 -0.607467 117 103 79
-3.200000 0.144388 -0.631539 117 103 79
-3.200000 0.151493 -0.642713 117 103 79
-3.200000 0.182718 -0.607467 117 103 79
-3.200000 0.151493 -0.642713 117 103 79
-3.200000 0.189553 -0.618215 117 103 79
-3.200000 0.227612 -0.593717 119 104 81
-3.200000 0.189553 -0.618215 119 104 81
-3.200000 0.196506 -0.628887 119 104 81
-3.200000 0.227612 -0.593717 119 104 81
-3.200000 0.196506 -0.628887 119 104 81
-3.200000 0.234291 -0.603966 119 104 81
-3.200000 0.189553 -0.618215 118 103 80
-3.200000 0.151493 -0.642713 118 103 80
-3.200000 0.158722 -0.653808 118 103 80
-3.200000 0.189553 -0.618215 118 103 80
-3.200000 0.158722 -0.653808 118 103 80
-3.200000 0.196506 -0.628887 118 103 80
-3.200000 0.144388 -0.631539 118 104 80
-3.200000 0.067727 -0.679683 118 104 80
-3.200000 0.083154 -0.703650 118 104 80
-3.200000 0.144388 -0.631539 118 104 80
-3.200000 0.083154 -0.703650 118 104 80
-3.200000 0.158722 -0.653808 118 104 80
-3.200000 0.234291 -0.603966 117 103 79
-3.200000 0.158722 -0.653808 117 103 79
-3.200000 0.173550 -0.675753 117 103 79
-3.200000 0.234291 -0.603966 117 103 79
-3.200000 0.173550 -0.675753 117 103 79
-3.200000 0.247988 -0.624238 117 103 79
-3.200000 0.158722 -0.653808 117 103 79
-3.200000 0.083154 -0.703650 117 103 79
-3.200000 0.099112 -0.727268 117 103 79
-3.200000 0.158722 -0.653808 117 103 79
-3.200000 0.099112 -0.727268 117 103 79
-3.200000 0.173550 -0.675753 117 103 79
-3.200000 -0.061751 -0.551259 117 103 79
-3.200000 -0.110221 -0.573309 117 103 79
-3.200000 -0.103750 -0.587326 117 103 79
-3.200000 -0.061751 -0.551259 117 103 79
-3.200000 -0.103750 -0.587326 117 103 79
-3.200000 -0.055528 -0.564737 117 103 79
-3.200000 -0.055528 -0.564737 119 104 81
-3.200000 -0.103750 -0.587326 119 104 81
-3.200000 -0.097122 -0.601271 119 104 81
-3.200000 -0.055528 -0.564737 119 104 81
-3.200000 -0.097122 -0.601271 119 104 81
-3.200000 -0.049156 -0.578145 119 104 81
-3.200000 -0.110221 -0.573309 119 105 81
-3.200000 -0.207161 -0.617410 119 105 81
-3.200000 -0.193054 -0.647523 119 105 81
-3.200000 -0.110221 -0.573309 119 105 81
-3.200000 -0.193054 -0.647523 119 105 81
-3.200000 -0.097122 -0.601271 119 105 81
-3.200000 -0.049156 -0.578145 118 104 80
-3.200000 -0.097122 -0.601271 118 104 80
-3.200000 -0.090339 -0.615141 118 104 80
-3.200000 -0.049156 -0.578145 118 104 80
-3.200000 -0.090339 -0.615141 118 104 80
-3.200000 -0.042634 -0.591482 118 104 80
-3.200000 -0.042634 -0.591482 120 105 81
-3.200000 -0.090339 -0.615141 120 105 81
-3.200000 -0.083403 -0.628934 120 105 81
-3.200000 -0.042634 -0.591482 120 105 81
-3.200000 -0.083403 -0.628934 120 105 81
-3.200000 -0.035964 -0.604744 120 105 81
-3.200000 -0.097122 -0.601271 119 104 80
-3.200000 -0.193054 -0.647523 119 104 80
-3.200000 -0.178280 -0.677314 119 104 80
-3.200000 -0.097122 -0.601271 119 104 80
-3.200000 -0.178280 -0.677314 119 104 80
-3.200000 -0.083403 -0.628934 119 104 80
-3.200000 -0.207161 -0.617410 120 105 81
-3.200000 -0.401041 -0.705611 120 105 81
-3.200000 -0.368034 -0.774073 120 105 81
-3.200000 -0.207161 -0.617410 120 105 81
-3.200000 -0.368034 -0.774073 120 105 81
-3.200000 -0.178280 -0.677314 120 105 81
-3.200000 -0.035964 -0.604744 119 104 81
-3.200000 -0.083403 -0.628934 119 104 81
-3.200000 -0.076312 -0.642649 119 104 81
-3.200000 -0.035964 -0.604744 119 104 81
-3.200000 -0.076312 -0.642649 119 104 81
-3.200000 -0.029147 -0.617932 119 104 81
-3.200000 0.018019 -0.593215 118 104 80
-3.200000 -0.029147 -0.617932 118 104 80
-3.200000 -0.022182 -0.631043 118 104 80
-3.200000 0.018019 -0.593215 118 104 80
-3.200000 -0.022182 -0.631043 118 104 80
-3.200000 0.024705 -0.605801 118 104 80
-3.200000 -0.029147 -0.617932 119 104 81
-3.200000 -0.076312 -0.642649 119 104 81
-3.200000 -0.069070 -0.656285 119 104 81
-3.200000 -0.029147 -0.617932 119 104 81
-3.200000 -0.069070 -0.656285 119 104 81
-3.200000 -0.022182 -0.631043 119 104 81
-3.200000 -0.083403 -0.628934 118 104 80
-3.200000 -0.178280 -0.677314 118 104 80
-3.200000 -0.162844 -0.706768 118 104 80
-3.200000 -0.083403 -0.628934 118 104 80
-3.200000 -0.162844 -0.706768 118 104 80
-3.200000 -0.069070 -0.656285 118 104 80
-3.200000 0.024705 -0.605801 118 103 80
-3.200000 -0.069070 -0.656285 118 103 80
-3.200000 -0.054130 -0.683308 118 103 80
-3.200000 0.024705 -0.605801 118 103 80
-3.200000 -0.054130 -0.683308 118 103 80
-3.200000 0.038495 -0.630746 118 103 80
-3.200000 -0.069070 -0.656285 118 104 80
-3.200000 -0.162844 -0.706768 118 104 80
-3.200000 -0.146756 -0.735871 118 104 80
-3.200000 -0.069070 -0.656285 118 104 80
-3.200000 -0.146756 -0.735871 118 104 80
-3.200000 -0.054130 -0.683308 118 104 80
-3.200000 -0.178280 -0.677314 117 103 79
-3.200000 -0.368034 -0.774073 117 103 79
-3.200000 -0.332007 -0.840995 117 103 79
-3.200000 -0.178280 -0.677314 117 103 79
-3.200000 -0.332007 -0.840995 117 103 79
-3.200000 -0.146756 -0.735871 117 103 79
-3.200000 -0.401041 -0.705611 119 105 81
-3.200000 -0.788802 -0.882014 119 105 81
-3.200000 -0.702508 -1.051244 119 105 81
-3.200000 -0.401041 -0.705611 119 105 81
-3.200000 -0.702508 -1.051244 119 105 81
-3.200000 -0.332007 -0.840995 119 105 81
-3.200000 0.038495 -0.630746 119 105 81
-3.200000 -0.332007 -0.840995 119 105 81
-3.200000 -0.251184 -0.969690 119 105 81
-3.200000 0.038495 -0.630746 119 105 81
-3.200000 -0.251184 -0.969690 119 105 81
-3.200000 0.099112 -0.727268 119 105 81
-3.200000 -0.332007 -0.840995 117 103 79
-3.200000 -0.702508 -1.051244 117 103 79
-3.200000 -0.601480 -1.212112 117 103 79
-3.200000 -0.332007 -0.840995 117 103 79
-3.200000 -0.601480 -1.212112 117 103 79
-3.200000 -0.251184 -0.969690 117 103 79
-3.200000 0.285207 -0.598481 118 103 80
-3.200000 0.247988 -0.624238 118 103 80
-3.200000 0.255005 -0.634258 118 103 80
-3.200000 0.285207 -0.598481 118 103 80
-3.200000 0.255005 -0.634258 118 103 80
-3.200000 0.291934 -0.608087 118 103 80
-3.200000 0.291934 -0.608087 120 105 82
-3.200000 0.255005 -0.634258 120 105 82
-3.200000 0.262133 -0.644199 120 105 82
-3.200000 0.291934 -0.608087 120 105 82
-3.200000 0.262133 -0.644199 120 105 82
-3.200000 0.298769 -0.617618 120 105 82
-3.200000 0.335404 -0.591037 119 105 81
-3.200000 0.262133 -0.644199 119 105 81
-3.200000 0.276721 -0.663839 119 105 81
-3.200000 0.335404 -0.591037 119 105 81
-3.200000 0.276721 -0.663839 119 105 81
-3.200000 0.348788 -0.609057 119 105 81
-3.200000 0.247988 -0.624238 117 103 79
-3.200000 0.099112 -0.727268 117 103 79
-3.200000 0.132587 -0.773405 117 103 79
-3.200000 0.247988 -0.624238 117 103 79
-3.200000 0.132587 -0.773405 117 103 79
-3.200000 0.276721 -0.663839 117 103 79
-3.200000 0.391355 -0.590162 120 106 82
-3.200000 0.355629 -0.617953 120 106 82
-3.200000 0.362570 -0.626773 120 106 82
-3.200000 0.391355 -0.590162 120 106 82
-3.200000 0.362570 -0.626773 120 106 82
-3.200000 0.397983 -0.598585 120 106 82
-3.200000 0.348788 -0.609057 118 104 80
-3.200000 0.276721 -0.663839 118 104 80
-3.200000 0.291743 -0.683150 118 104 80
-3.200000 0.348788 -0.609057 118 104 80
-3.200000 0.291743 -0.683150 118 104 80
-3.200000 0.362570 -0.626773 118 104 80
-3.200000 0.397983 -0.598585 117 103 79
-3.200000 0.362570 -0.626773 117 103 79
-3.200000 0.369608 -0.635515 117 103 79
-3.200000 0.397983 -0.598585 117 103 79
-3.200000 0.369608 -0.635515 117 103 79
-3.200000 0.404705 -0.606934 117 103 79
-3.200000 0.404705 -0.606934 117 103 79
-3.200000 0.369608 -0.635515 117 103 79
-3.200000 0.376744 -0.644178 117 103 79
-3.200000 0.404705 -0.606934 117 103 79
-3.200000 0.376744 -0.644178 117 103 79
-3.200000 0.411520 -0.615207 117 103 79
-3.200000 0.362570 -0.626773 120 105 81
-3.200000 0.291743 -0.683150 120 105 81
-3.200000 0.307191 -0.702120 120 105 81
-3.200000 0.362570 -0.626773 120 105 81
-3.200000 0.307191 -0.702120 120 105 81
-3.200000 0.376744 -0.644178 120 105 81
-3.200000 0.276721 -0.663839 117 103 79
-3.200000 0.132587 -0.773405 117 103 79
-3.200000 0.168087 -0.818004 117 103 79
-3.200000 0.276721 -0.663839 117 103 79
-3.200000 0.168087 -0.818004 117 103 79
-3.200000 0.307191 -0.702120 117 103 79
-3.200000 0.513168 -0.593678 120 105 81
-3.200000 0.480060 -0.624542 120 105 81
-3.200000 0.487066 -0.631974 120 105 81
-3.200000 0.513168 -0.593678 120 105 81
-3.200000 0.487066 -0.631974 120 105 81
-3.200000 0.519827 -0.600743 120 105 81
-3.200000 0.519827 -0.600743 119 104 80
-3.200000 0.487066 -0.631974 119 104 80
-3.200000 0.494155 -0.639328 119 104 80
-3.200000 0.519827 -0.600743 119 104 80
-3.200000 0.494155 -0.639328 119 104 80
-3.200000 0.526566 -0.607733 119 104 80
-3.200000 0.526566 -0.607733 120 105 81
-3.200000 0.494155 -0.639328 120 105 81
-3.200000 0.501325 -0.646602 120 105 81
-3.200000 0.526566 -0.607733 120 105 81
-3.200000 0.501325 -0.646602 120 105 81
-3.200000 0.533382 -0.614647 120 105 81
-3.200000 0.411520 -0.615207 118 103 80
-3.200000 0.376744 -0.644178 118 103 80
-3.200000 0.383975 -0.652761 118 103 80
-3.200000 0.411520 -0.615207 118 103 80
-3.200000 0.383975 -0.652761 118 103 80
-3.200000 0.418426 -0.623404 118 103 80
-3.200000 0.452877 -0.594047 119 105 81
-3.200000 0.418426 -0.623404 119 105 81
-3.200000 0.425423 -0.631524 119 105 81
-3.200000 0.452877 -0.594047 119 105 81
-3.200000 0.425423 -0.631524 119 105 81
-3.200000 0.459545 -0.601784 119 105 81
-3.200000 0.418426 -0.623404 120 106 82
-3.200000 0.383975 -0.652761 120 106 82
-3.200000 0.391302 -0.661263 120 106 82
-3.200000 0.418426 -0.623404 120 106 82
-3.200000 0.391302 -0.661263 120 106 82
-3.200000 0.425423 -0.631524 120 106 82
-3.200000 0.376744 -0.644178 117 103 79
-3.200000 0.307191 -0.702120 117 103 79
-3.200000 0.323059 -0.720742 117 103 79
-3.200000 0.376744 -0.644178 117 103 79
-3.200000 0.323059 -0.720742 117 103 79
-3.200000 0.391302 -0.661263 117 103 79
-3.200000 0.459545 -0.601784 118 103 80
-3.200000 0.391302 -0.661263 118 103 80
-3.200000 0.406238 -0.678019 118 103 80
-3.200000 0.459545 -0.601784 118 103 80
-3.200000 0.406238 -0.678019 118 103 80
-3.200000 0.473137 -0.617033 118 103 80
-3.200000 0.391302 -0.661263 120 105 82
-3.200000 0.323059 -0.720742 120 105 82
-3.200000 0.339339 -0.739004 120 105 82
-3.200000 0.391302 -0.661263 120 105 82
-3.200000 0.339339 -0.739004 120 105 82
-3.200000 0.406238 -0.678019 120 105 82
-3.200000 0.307191 -0.702120 118 104 80
-3.200000 0.168087 -0.818004 118 104 80
-3.200000 0.205540 -0.860976 118 104 80
-3.200000 0.307191 -0.702120 118 104 80
-3.200000 0.205540 -0.860976 118 104 80
-3.200000 0.339339 -0.739004 118 104 80
-3.200000 0.473137 -0.617033 117 103 79
-3.200000 0.339339 -0.739004 117 103 79
-3.200000 0.373099 -0.774418 117 103 79
-3.200000 0.473137 -0.617033 117 103 79
-3.200000 0.373099 -0.774418 117 103 79
-3.200000 0.501325 -0.646602 117 103 79
-3.200000 0.339339 -0.739004 117 103 79
-3.200000 0.205540 -0.860976 117 103 79
-3.200000 0.244872 -0.902235 117 103 79
-3.200000 0.339339 -0.739004 117 103 79
-3.200000 0.244872 -0.902235 117 103 79
-3.200000 0.373099 -0.774418 117 103 79
-3.200000 0.099112 -0.727268 119 105 81
-3.200000 -0.601480 -1.212112 119 105 81
-3.200000 -0.358546 -1.503725 119 105 81
-3.200000 0.099112 -0.727268 119 105 81
-3.200000 -0.358546 -1.503725 119 105 81
-3.200000 0.244872 -0.902235 119 105 81
-3.200000 0.533382 -0.614647 119 104 80
-3.200000 0.501325 -0.646602 119 104 80
-3.200000 0.508576 -0.653795 119 104 80
-3.200000 0.533382 -0.614647 119 104 80
-3.200000 0.508576 -0.653795 119 104 80
-3.200000 0.540274 -0.621485 119 104 80
-3.200000 0.540274 -0.621485 118 103 80
-3.200000 0.508576 -0.653795 118 103 80
-3.200000 0.515907 -0.660907 118 103 80
-3.200000 0.540274 -0.621485 118 103 80
-3.200000 0.515907 -0.660907 118 103 80
-3.200000 0.547243 -0.628246 118 103 80
-3.200000 0.578579 -0.595585 119 105 81
-3.200000 0.515907 -0.660907 119 105 81
-3.200000 0.530804 -0.674884 119 105 81
-3.200000 0.578579 -0.595585 119 105 81
-3.200000 0.530804 -0.674884 119 105 81
-3.200000 0.592003 -0.608180 119 105 81
-3.200000 0.592003 -0.608180 119 105 81
-3.200000 0.530804 -0.674884 119 105 81
-3.200000 0.546008 -0.688525 119 105 81
-3.200000 0.592003 -0.608180 119 105 81
-3.200000 0.546008 -0.688525 119 105 81
-3.200000 0.605705 -0.620473 119 105 81
-3.200000 0.642125 -0.592148 119 104 81
-3.200000 0.612658 -0.626504 119 104 81
-3.200000 0.619678 -0.632458 119 104 81
-3.200000 0.642125 -0.592148 119 104 81
-3.200000 0.619678 -0.632458 119 104 81
-3.200000 0.648760 -0.597774 119 104 81
-3.200000 0.605705 -0.620473 120 105 81
-3.200000 0.546008 -0.688525 120 105 81
-3.200000 0.561514 -0.701824 120 105 81
-3.200000 0.605705 -0.620473 120 105 81
-3.200000 0.561514 -0.701824 120 105 81
-3.200000 0.619678 -0.632458 120 105 81
-3.200000 0.501325 -0.646602 119 104 80
-3.200000 0.244872 -0.902235 119 104 80
-3.200000 0.328856 -0.979289 119 104 80
-3.200000 0.501325 -0.646602 119 104 80
-3.200000 0.328856 -0.979289 119 104 80
-3.200000 0.561514 -0.701824 119 104 80
-3.200000 0.648760 -0.597774 120 105 82
-3.200000 0.619678 -0.632458 120 105 82
-3.200000 0.626764 -0.638332 120 105 82
-3.200000 0.648760 -0.597774 120 105 82
-3.200000 0.626764 -0.638332 120 105 82
-3.200000 0.655457 -0.603327 120 105 82
-3.200000 0.655457 -0.603327 118 104 80
-3.200000 0.626764 -0.638332 118 104 80
-3.200000 0.633915 -0.644127 118 104 80
-3.200000 0.655457 -0.603327 118 104 80
-3.200000 0.633915 -0.644127 118 104 80
-3.200000 0.662216 -0.608804 118 104 80
-3.200000 0.619678 -0.632458 119 104 80
-3.200000 0.561514 -0.701824 119 104 80
-3.200000 0.577312 -0.714773 119 104 80
-3.200000 0.619678 -0.632458 119 104 80
-3.200000 0.577312 -0.714773 119 104 80
-3.200000 0.633915 -0.644127 119 104 80
-3.200000 0.662216 -0.608804 120 106 82
-3.200000 0.633915 -0.644127 120 106 82
-3.200000 0.641130 -0.649842 120 106 82
-3.200000 0.662216 -0.608804 120 106 82
-3.200000 0.641130 -0.649842 120 106 82
-3.200000 0.669036 -0.614206 120 106 82
-3.200000 0.669036 -0.614206 120 106 82
-3.200000 0.641130 -0.649842 120 106 82
-3.200000 0.648408 -0.655477 120 106 82
-3.200000 0.669036 -0.614206 120 106 82
-3.200000 0.648408 -0.655477 120 106 82
-3.200000 0.675915 -0.619531 120 106 82
-3.200000 0.633915 -0.644127 119 105 81
-3.200000 0.577312 -0.714773 119 105 81
-3.200000 0.593395 -0.727368 119 105 81
-3.200000 0.633915 -0.644127 119 105 81
-3.200000 0.593395 -0.727368 119 105 81
-3.200000 0.648408 -0.655477 119 105 81
-3.200000 0.675915 -0.619531 118 104 80
-3.200000 0.648408 -0.655477 118 104 80
-3.200000 0.655749 -0.661029 118 104 80
-3.200000 0.675915 -0.619531 118 104 80
-3.200000 0.655749 -0.661029 118 104 80
-3.200000 0.682853 -0.624779 118 104 80
-3.200000 0.682853 -0.624779 119 105 81
-3.200000 0.655749 -0.661029 119 105 81
-3.200000 0.663151 -0.666500 119 105 81
-3.200000 0.682853 -0.624779 119 105 81
-3.200000 0.663151 -0.666500 119 105 81
-3.200000 0.689849 -0.629950 119 105 81
-3.200000 0.648408 -0.655477 119 104 80
-3.200000 0.593395 -0.727368 119 104 80
-3.200000 0.609755 -0.739600 119 104 80
-3.200000 0.648408 -0.655477 119 104 80
-3.200000 0.609755 -0.739600 119 104 80
-3.200000 0.663151 -0.666500 119 104 80
-3.200000 0.716547 -0.593400 119 104 81
-3.200000 0.663151 -0.666500 119 104 81
-3.200000 0.678136 -0.677191 119 104 81
-3.200000 0.716547 -0.593400 119 104 81
-3.200000 0.678136 -0.677191 119 104 81
-3.200000 0.729889 -0.602919 119 104 81
-3.200000 0.663151 -0.666500 120 105 82
-3.200000 0.609755 -0.739600 120 105 82
-3.200000 0.626383 -0.751464 120 105 82
-3.200000 0.663151 -0.666500 120 105 82
-3.200000 0.626383 -0.751464 120 105 82
-3.200000 0.678136 -0.677191 120 105 82
-3.200000 0.561514 -0.701824 118 104 80
-3.200000 0.328856 -0.979289 118 104 80
-3.200000 0.419372 -1.048555 118 104 80
-3.200000 0.561514 -0.701824 118 104 80
-3.200000 0.419372 -1.048555 118 104 80
-3.200000 0.626383 -0.751464 118 104 80
-3.200000 0.244872 -0.902235 119 104 80
-3.200000 -0.358546 -1.503725 119 104 80
-3.200000 -0.067713 -1.747591 119 104 80
-3.200000 0.244872 -0.902235 119 104 80
-3.200000 -0.067713 -1.747591 119 104 80
-3.200000 0.419372 -1.048555 119 104 80
-3.200000 0.729889 -0.602919 118 104 80
-3.200000 0.626383 -0.751464 118 104 80
-3.200000 0.633592 -0.756436 118 104 80
-3.200000 0.729889 -0.602919 118 104 80
-3.200000 0.633592 -0.756436 118 104 80
-3.200000 0.735673 -0.606908 118 104 80
-3.200000 0.735673 -0.606908 119 104 81
-3.200000 0.633592 -0.756436 119 104 81
-3.200000 0.640849 -0.761339 119 104 81
-3.200000 0.735673 -0.606908 119 104 81
-3.200000 0.640849 -0.761339 119 104 81
-3.200000 0.741495 -0.610842 119 104 81
-3.200000 0.626383 -0.751464 118 103 80
-3.200000 0.419372 -1.048555 118 103 80
-3.200000 0.439556 -1.062334 118 103 80
-3.200000 0.626383 -0.751464 118 103 80
-3.200000 0.439556 -1.062334 118 103 80
-3.200000 0.640849 -0.761339 118 103 80
-3.200000 0.741495 -0.610842 119 104 81
-3.200000 0.640849 -0.761339 119 104 81
-3.200000 0.648151 -0.766173 119 104 81
-3.200000 0.741495 -0.610842 119 104 81
-3.200000 0.648151 -0.766173 119 104 81
-3.200000 0.747354 -0.614720 119 104 81
-3.200000 0.747354 -0.614720 120 105 82
-3.200000 0.648151 -0.766173 120 105 82
-3.200000 0.655500 -0.770936 120 105 82
-3.200000 0.747354 -0.614720 120 105 82
-3.200000 0.655500 -0.770936 120 105 82
-3.200000 0.753250 -0.618542 120 105 82
-3.200000 0.640849 -0.761339 120 106 82
-3.200000 0.439556 -1.062334 120 106 82
-3.200000 0.460000 -1.075725 120 106 82
-3.200000 0.640849 -0.761339 120 106 82
-3.200000 0.460000 -1.075725 120 106 82
-3.200000 0.655500 -0.770936 120 106 82
-3.200000 0.419372 -1.048555 118 103 80
-3.200000 -0.067713 -1.747591 118 103 80
-3.200000 -0.000000 -1.792875 118 103 80
-3.200000 0.419372 -1.048555 118 103 80
-3.200000 -0.000000 -1.792875 118 103 80
-3.200000 0.460000 -1.075725 118 103 80
-3.206000 -0.000000 -1.792875 120 105 81
-3.206000 -0.000000 1.792875 120 105 81
-3.206000 -0.060000 1.800128 120 105 81
-3.206000 -0.000000 -1.792875 120 105 81
-3.206000 -0.060000 1.800128 120 105 81
-3.206000 -0.060000 -1.800128 120 105 81
3.200000 1.150000 0.000000 118 104 80
3.200000 0.938479 -0.511814 118 104 80
3.200000 0.851000 -0.466147 118 104 80
3.200000 0.851000 -0.466147 120 106 82
3.200000 0.938479 -0.511814 120 106 82
3.200000 0.661876 -1.181109 120 106 82
3.200000 0.851000 -0.466147 120 106 82
3.200000 0.661876 -1.181109 120 106 82
3.200000 0.460000 -1.075725 120 106 82
3.200000 0.460000 -1.075725 119 105 81
3.200000 0.661876 -1.181109 119 105 81
3.200000 0.336460 -1.968515 119 105 81
3.200000 0.460000 -1.075725 119 105 81
3.200000 0.336460 -1.968515 119 105 81
3.200000 -0.000000 -1.792875 119 105 81
3.200000 1.150000 0.000000 121 106 82
3.200000 1.032675 -0.541229 121 106 82
3.200000 0.938479 -0.511814 121 106 82
3.200000 0.938479 -0.511814 118 104 80
3.200000 1.032675 -0.541229 118 104 80
3.200000 0.879250 -1.248991 118 104 80
3.200000 0.938479 -0.511814 118 104 80
3.200000 0.879250 -1.248991 118 104 80
3.200000 0.661876 -1.181109 118 104 80
3.200000 0.661876 -1.181109 121 106 82
3.200000 0.879250 -1.248991 121 106 82
3.200000 0.698750 -2.081652 121 106 82
3.200000 0.661876 -1.181109 121 106 82
3.200000 0.698750 -2.081652 121 106 82
3.200000 0.336460 -1.968515 121 106 82
3.200000 1.150000 0.000000 119 104 81
3.200000 1.130596 -0.553460 119 104 81
3.200000 1.032675 -0.541229 119 104 81
3.200000 1.032675 -0.541229 119 105 81
3.200000 1.130596 -0.553460 119 105 81
3.200000 1.105222 -1.277215 119 105 81
3.200000 1.032675 -0.541229 119 105 81
3.200000 1.105222 -1.277215 119 105 81
3.200000 0.879250 -1.248991 119 105 81
3.200000 0.879250 -1.248991 120 106 82
3.200000 1.105222 -1.277215 120 106 82
3.200000 1.075369 -2.128692 120 106 82
3.200000 0.879250 -1.248991 120 106 82
3.200000 1.075369 -2.128692 120 106 82
3.200000 0.698750 -2.081652 120 106 82
3.200000 1.150000 0.000000 119 105 81
3.200000 1.229133 -0.548117 119 105 81
3.200000 1.130596 -0.553460 119 105 81
3.200000 1.130596 -0.553460 119 105 81
3.200000 1.229133 -0.548117 119 105 81
3.200000 1.332615 -1.264886 119 105 81
3.200000 1.130596 -0.553460 119 105 81
3.200000 1.332615 -1.264886 119 105 81
3.200000 1.105222 -1.277215 119 105 81
3.200000 1.105222 -1.277215 119 105 81
3.200000 1.332615 -1.264886 119 105 81
3.200000 1.454358 -2.108143 119 105 81
3.200000 1.105222 -1.277215 119 105 81
3.200000 1.454358 -2.108143 119 105 81
3.200000 1.075369 -2.128692 119 105 81
3.200000 1.150000 0.000000 118 103 80
3.200000 1.325157 -0.525371 118 103 80
3.200000 1.229133 -0.548117 118 103 80
3.200000 1.229133 -0.548117 119 104 81
3.200000 1.325157 -0.525371 119 104 81
3.200000 1.554209 -1.212394 119 104 81
3.200000 1.229133 -0.548117 119 104 81
3.200000 1.554209 -1.212394 119 104 81
3.200000 1.332615 -1.264886 119 104 81
3.200000 1.332615 -1.264886 120 105 81
3.200000 1.554209 -1.212394 120 105 81
3.200000 1.823682 -2.020656 120 105 81
3.200000 1.332615 -1.264886 120 105 81
3.200000 1.823682 -2.020656 120 105 81
3.200000 1.454358 -2.108143 120 105 81
3.200000 1.150000 0.000000 119 105 81
3.200000 1.415620 -0.485943 119 105 81
3.200000 1.325157 -0.525371 119 105 81
3.200000 1.325157 -0.525371 118 103 80
3.200000 1.415620 -0.485943 118 103 80
3.200000 1.762970 -1.121406 118 103 80
3.200000 1.325157 -0.525371 118 103 80
3.200000 1.762970 -1.121406 118 103 80
3.200000 1.554209 -1.212394 118 103 80
3.200000 1.554209 -1.212394 120 105 81
3.200000 1.762970 -1.121406 120 105 81
3.200000 2.171616 -1.869010 120 105 81
3.200000 1.554209 -1.212394 120 105 81
3.200000 2.171616 -1.869010 120 105 81
3.200000 1.823682 -2.020656 120 105 81
3.200000 1.150000 0.000000 120 106 82
3.200000 1.497649 -0.431085 120 106 82
3.200000 1.415620 -0.485943 120 106 82
3.200000 1.415620 -0.485943 118 103 80
3.200000 1.497649 -0.431085 118 103 80
3.200000 1.952267 -0.994812 118 103 80
3.200000 1.415620 -0.485943 118 103 80
3.200000 1.952267 -0.994812 118 103 80
3.200000 1.762970 -1.121406 118 103 80
3.200000 1.762970 -1.121406 119 104 81
3.200000 1.952267 -0.994812 119 104 81
3.200000 2.487112 -1.658020 119 104 81
3.200000 1.762970 -1.121406 119 104 81
3.200000 2.487112 -1.658020 119 104 81
3.200000 2.171616 -1.869010 119 104 81
3.200000 1.150000 0.000000 120 105 82
3.200000 1.568640 -0.362540 120 105 82
3.200000 1.497649 -0.431085 120 105 82
3.200000 1.497649 -0.431085 118 104 80
3.200000 1.568640 -0.362540 118 104 80
3.200000 2.116091 -0.836631 118 104 80
3.200000 1.497649 -0.431085 118 104 80
3.200000 2.116091 -0.836631 118 104 80
3.200000 1.952267 -0.994812 118 104 80
3.200000 1.952267 -0.994812 120 105 81
3.200000 2.116091 -0.836631 120 105 81
3.200000 2.760153 -1.394385 120 105 81
3.200000 1.952267 -0.994812 120 105 81
3.200000 2.760153 -1.394385 120 105 81
3.200000 2.487112 -1.658020 120 105 81
3.200000 1.150000 0.000000 120 105 81
3.200000 1.626338 -0.282484 120 105 81
3.200000 1.568640 -0.362540 120 105 81
3.200000 1.568640 -0.362540 118 103 80
3.200000 1.626338 -0.282484 118 103 80
3.200000 2.249240 -0.651885 118 103 80
3.200000 1.568640 -0.362540 118 103 80
3.200000 2.249240 -0.651885 118 103 80
3.200000 2.116091 -0.836631 118 103 80
3.200000 2.116091 -0.836631 121 106 82
3.200000 2.249240 -0.651885 121 106 82
3.200000 2.982068 -1.086475 121 106 82
3.200000 2.116091 -0.836631 121 106 82
3.200000 2.982068 -1.086475 121 106 82
3.200000 2.760153 -1.394385 121 106 82
3.200000 1.150000 0.000000 119 104 81
3.200000 1.668911 -0.193458 119 104 81
3.200000 1.626338 -0.282484 119 104 81
3.200000 1.626338 -0.282484 120 105 81
3.200000 1.668911 -0.193458 120 105 81
3.200000 2.347487 -0.446441 120 105 81
3.200000 1.626338 -0.282484 120 105 81
3.200000 2.347487 -0.446441 120 105 81
3.200000 2.249240 -0.651885 120 105 81
3.200000 2.249240 -0.651885 120 105 82
3.200000 2.347487 -0.446441 120 105 82
3.200000 3.145811 -0.744068 120 105 82
3.200000 2.249240 -0.651885 120 105 82
3.200000 3.145811 -0.744068 120 105 82
3.200000 2.982068 -1.086475 120 105 82
3.200000 1.150000 0.000000 119 105 81
3.200000 1.695008 -0.098289 119 105 81
3.200000 1.668911 -0.193458 119 105 81
3.200000 1.668911 -0.193458 120 105 81
3.200000 1.695008 -0.098289 120 105 81
3.200000 2.407711 -0.226821 120 105 81
3.200000 1.668911 -0.193458 120 105 81
3.200000 2.407711 -0.226821 120 105 81
3.200000 2.347487 -0.446441 120 105 81
3.200000 2.347487 -0.446441 121 106 83
3.200000 2.407711 -0.226821 121 106 83
3.200000 3.246184 -0.378036 121 106 83
3.200000 2.347487 -0.446441 121 106 83
3.200000 3.246184 -0.378036 121 106 83
3.200000 3.145811 -0.744068 121 106 83
3.200000 1.150000 0.000000 119 105 81
3.200000 1.703800 -0.000000 119 105 81
3.200000 1.695008 -0.098289 119 105 81
3.200000 1.695008 -0.098289 119 105 81
3.200000 1.703800 -0.000000 119 105 81
3.200000 2.428000 -0.000000 119 105 81
3.200000 1.695008 -0.098289 119 105 81
3.200000 2.428000 -0.000000 119 105 81
3.200000 2.407711 -0.226821 119 105 81
3.200000 2.407711 -0.226821 119 104 81
3.200000 2.428000 -0.000000 119 104 81
3.200000 3.280000 -0.000000 119 104 81
3.200000 2.407711 -0.226821 119 104 81
3.200000 3.280000 -0.000000 119 104 81
3.200000 3.246184 -0.378036 119 104 81
3.200000 1.150000 0.000000 120 106 82
3.200000 1.695008 0.098289 120 106 82
3.200000 1.703800 0.000000 120 106 82
3.200000 1.703800 0.000000 119 105 81
3.200000 1.695008 0.098289 119 105 81
3.200000 2.407711 0.226821 119 105 81
3.200000 1.703800 0.000000 119 105 81
3.200000 2.407711 0.226821 119 105 81
3.200000 2.428000 0.000000 119 105 81
3.200000 2.428000 0.000000 121 106 82
3.200000 2.407711 0.226821 121 106 82
3.200000 3.246184 0.378036 121 106 82
3.200000 2.428000 0.000000 121 106 82
3.200000 3.246184 0.378036 121 106 82
3.200000 3.280000 0.000000 121 106 82
3.200000 1.150000 0.000000 121 106 82
3.200000 1.668911 0.193458 121 106 82
3.200000 1.695008 0.098289 121 106 82
3.200000 1.695008 0.098289 120 105 81
3.200000 1.668911 0.193458 120 105 81
3.200000 2.347487 0.446441 120 105 81
3.200000 1.695008 0.098289 120 105 81
3.200000 2.347487 0.446441 120 105 81
3.200000 2.407711 0.226821 120 105 81
3.200000 2.407711 0.226821 120 105 82
3.200000 2.347487 0.446441 120 105 82
3.200000 3.145811 0.744068 120 105 82
3.200000 2.407711 0.226821 120 105 82
3.200000 3.145811 0.744068 120 105 82
3.200000 3.246184 0.378036 120 105 82
3.200000 1.150000 0.000000 118 103 80
3.200000 1.626338 0.282484 118 103 80
3.200000 1.668911 0.193458 118 103 80
3.200000 1.668911 0.193458 120 105 82
3.200000 1.626338 0.282484 120 105 82
3.200000 2.249240 0.651885 120 105 82
3.200000 1.668911 0.193458 120 105 82
3.200000 2.249240 0.651885 120 105 82
3.200000 2.347487 0.446441 120 105 82
3.200000 2.347487 0.446441 120 106 82
3.200000 2.249240 0.651885 120 106 82
3.200000 2.982068 1.086475 120 106 82
3.200000 2.347487 0.446441 120 106 82
3.200000 2.982068 1.086475 120 106 82
3.200000 3.145811 0.744068 120 106 82
3.200000 1.150000 0.000000 119 105 81
3.200000 1.568640 0.362540 119 105 81
3.200000 1.626338 0.282484 119 105 81
3.200000 1.626338 0.282484 119 105 81
3.200000 1.568640 0.362540 119 105 81
3.200000 2.116091 0.836631 119 105 81
3.200000 1.626338 0.282484 119 105 81
3.200000 2.116091 0.836631 119 105 81
3.200000 2.249240 0.651885 119 105 81
3.200000 2.249240 0.651885 121 106 82
3.200000 2.116091 0.836631 121 106 82
3.200000 2.760153 1.394385 121 106 82
3.200000 2.249240 0.651885 121 106 82
3.200000 2.760153 1.394385 121 106 82
3.200000 2.982068 1.086475 121 106 82
3.200000 1.150000 0.000000 118 104 80
3.200000 1.497649 0.431085 118 104 80
3.200000 1.568640 0.362540 118 104 80
3.200000 1.568640 0.362540 119 104 80
3.200000 1.497649 0.431085 119 104 80
3.200000 1.952267 0.994812 119 104 80
3.200000 1.568640 0.362540 119 104 80
3.200000 1.952267 0.994812 119 104 80
3.200000 2.116091 0.836631 119 104 80
3.200000 2.116091 0.836631 118 104 80
3.200000 1.952267 0.994812 118 104 80
3.200000 2.487112 1.658020 118 104 80
3.200000 2.116091 0.836631 118 104 80
3.200000 2.487112 1.658020 118 104 80
3.200000 2.760153 1.394385 118 104 80
3.200000 1.150000 0.000000 121 106 82
3.200000 1.415620 0.485943 121 106 82
3.200000 1.497649 0.431085 121 106 82
3.200000 1.497649 0.431085 119 105 81
3.200000 1.415620 0.485943 119 105 81
3.200000 1.762970 1.121406 119 105 81
3.200000 1.497649 0.431085 119 105 81
3.200000 1.762970 1.121406 119 105 81
3.200000 1.952267 0.994812 119 105 81
3.200000 1.952267 0.994812 121 106 82
3.200000 1.762970 1.121406 121 106 82
3.200000 2.171616 1.869010 121 106 82
3.200000 1.952267 0.994812 121 106 82
3.200000 2.171616 1.869010 121 106 82
3.200000 2.487112 1.658020 121 106 82
3.200000 1.150000 0.000000 119 104 80
3.200000 1.325157 0.525371 119 104 80
3.200000 1.415620 0.485943 119 104 80
3.200000 1.415620 0.485943 121 107 83
3.200000 1.325157 0.525371 121 107 83
3.200000 1.554209 1.212394 121 107 83
3.200000 1.415620 0.485943 121 107 83
3.200000 1.554209 1.212394 121 107 83
3.200000 1.762970 1.121406 121 107 83
3.200000 1.762970 1.121406 121 107 83
3.200000 1.554209 1.212394 121 107 83
3.200000 1.823682 2.020656 121 107 83
3.200000 1.762970 1.121406 121 107 83
3.200000 1.823682 2.020656 121 107 83
3.200000 2.171616 1.869010 121 107 83
3.200000 1.150000 0.000000 119 104 80
3.200000 1.229133 0.548117 119 104 80
3.200000 1.325157 0.525371 119 104 80
3.200000 1.325157 0.525371 120 106 82
3.200000 1.229133 0.548117 120 106 82
3.200000 1.332615 1.264886 120 106 82
3.200000 1.325157 0.525371 120 106 82
3.200000 1.332615 1.264886 120 106 82
3.200000 1.554209 1.212394 120 106 82
3.200000 1.554209 1.212394 120 105 82
3.200000 1.332615 1.264886 120 105 82
3.200000 1.454358 2.108143 120 105 82
3.200000 1.554209 1.212394 120 105 82
3.200000 1.454358 2.108143 120 105 82
3.200000 1.823682 2.020656 120 105 82
3.200000 1.150000 0.000000 121 107 83
3.200000 1.130596 0.553460 121 107 83
3.200000 1.229133 0.548117 121 107 83
3.200000 1.229133 0.548117 121 106 82
3.200000 1.130596 0.553460 121 106 82
3.200000 1.105222 1.277215 121 106 82
3.200000 1.229133 0.548117 121 106 82
3.200000 1.105222 1.277215 121 106 82
3.200000 1.332615 1.264886 121 106 82
3.200000 1.332615 1.264886 120 105 82
3.200000 1.105222 1.277215 120 105 82
3.200000 1.075369 2.128692 120 105 82
3.200000 1.332615 1.264886 120 105 82
3.200000 1.075369 2.128692 120 105 82
3.200000 1.454358 2.108143 120 105 82
3.200000 1.150000 0.000000 118 104 80
3.200000 1.032675 0.541229 118 104 80
3.200000 1.130596 0.553460 118 104 80
3.200000 1.130596 0.553460 119 105 81
3.200000 1.032675 0.541229 119 105 81
3.200000 0.879250 1.248991 119 105 81
3.200000 1.130596 0.553460 119 105 81
3.200000 0.879250 1.248991 119 105 81
3.200000 1.105222 1.277215 119 105 81
3.200000 1.105222 1.277215 120 105 82
3.200000 0.879250 1.248991 120 105 82
3.200000 0.698750 2.081652 120 105 82
3.200000 1.105222 1.277215 120 105 82
3.200000 0.698750 2.081652 120 105 82
3.200000 1.075369 2.128692 120 105 82
3.200000 1.150000 0.000000 119 104 81
3.200000 0.938479 0.511814 119 104 81
3.200000 1.032675 0.541229 119 104 81
3.200000 1.032675 0.541229 119 104 81
3.200000 0.938479 0.511814 119 104 81
3.200000 0.661876 1.181109 119 104 81
3.200000 1.032675 0.541229 119 104 81
3.200000 0.661876 1.181109 119 104 81
3.200000 0.879250 1.248991 119 104 81
3.200000 0.879250 1.248991 119 104 80
3.200000 0.661876 1.181109 119 104 80
3.200000 0.336460 1.968515 119 104 80
3.200000 0.879250 1.248991 119 104 80
3.200000 0.336460 1.968515 119 104 80
3.200000 0.698750 2.081652 119 104 80
3.200000 1.150000 0.000000 118 104 80
3.200000 0.851000 0.466147 118 104 80
3.200000 0.938479 0.511814 118 104 80
3.200000 0.938479 0.511814 121 106 82
3.200000 0.851000 0.466147 121 106 82
3.200000 0.460000 1.075725 121 106 82
3.200000 0.938479 0.511814 121 106 82
3.200000 0.460000 1.075725 121 106 82
3.200000 0.661876 1.181109 121 106 82
3.200000 0.661876 1.181109 119 104 81
3.200000 0.460000 1.075725 119 104 81
3.200000 0.000000 1.792875 119 104 81
3.200000 0.661876 1.181109 119 104 81
3.200000 0.000000 1.792875 119 104 81
3.200000 0.336460 1.968515 119 104 81
3.200000 1.150000 0.000000 119 105 81
3.200000 0.773014 0.405680 119 105 81
3.200000 0.851000 0.466147 119 105 81
3.200000 0.851000 0.466147 122 107 83
3.200000 0.773014 0.405680 122 107 83
3.200000 0.280033 0.936184 122 107 83
3.200000 0.851000 0.466147 122 107 83
3.200000 0.280033 0.936184 122 107 83
3.200000 0.460000 1.075725 122 107 83
3.200000 0.460000 1.075725 117 103 79
3.200000 0.280033 0.936184 117 103 79
3.200000 -0.299945 1.560308 117 103 79
3.200000 0.460000 1.075725 117 103 79
3.200000 -0.299945 1.560308 117 103 79
3.200000 -0.000000 1.792875 117 103 79
3.200000 1.150000 0.000000 120 106 82
3.200000 0.706999 0.332331 120 106 82
3.200000 0.773014 0.405680 120 106 82
3.200000 0.773014 0.405680 120 106 82
3.200000 0.706999 0.332331 120 106 82
3.200000 0.127689 0.766919 120 106 82
3.200000 0.773014 0.405680 120 106 82
3.200000 0.127689 0.766919 120 106 82
3.200000 0.280033 0.936184 120 106 82
3.200000 0.280033 0.936184 119 105 81
3.200000 0.127689 0.766919 119 105 81
3.200000 -0.553852 1.278198 119 105 81
3.200000 0.280033 0.936184 119 105 81
3.200000 -0.553852 1.278198 119 105 81
3.200000 -0.299945 1.560308 119 105 81
3.200000 1.150000 0.000000 120 105 81
3.200000 0.655049 0.248431 120 105 81
3.200000 0.706999 0.332331 120 105 81
3.200000 0.706999 0.332331 120 105 81
3.200000 0.655049 0.248431 120 105 81
3.200000 0.007805 0.573302 120 105 81
3.200000 0.706999 0.332331 120 105 81
3.200000 0.007805 0.573302 120 105 81
3.200000 0.127689 0.766919 120 105 81
3.200000 0.127689 0.766919 118 104 80
3.200000 0.007805 0.573302 118 104 80
3.200000 -0.753658 0.955503 118 104 80
3.200000 0.127689 0.766919 118 104 80
3.200000 -0.753658 0.955503 118 104 80
3.200000 -0.553852 1.278198 118 104 80
3.200000 1.150000 0.000000 119 104 81
3.200000 0.618815 0.156642 119 104 81
3.200000 0.655049 0.248431 119 104 81
3.200000 0.655049 0.248431 118 104 80
3.200000 0.618815 0.156642 118 104 80
3.200000 -0.075812 0.361481 118 104 80
3.200000 0.655049 0.248431 118 104 80
3.200000 -0.075812 0.361481 118 104 80
3.200000 0.007805 0.573302 118 104 80
3.200000 0.007805 0.573302 120 105 82
3.200000 -0.075812 0.361481 120 105 82
3.200000 -0.893020 0.602469 120 105 82
3.200000 0.007805 0.573302 120 105 82
3.200000 -0.893020 0.602469 120 105 82
3.200000 -0.753658 0.955503 120 105 82
3.200000 1.150000 0.000000 119 105 81
3.200000 0.599447 0.059880 119 105 81
3.200000 0.618815 0.156642 119 105 81
3.200000 0.618815 0.156642 119 104 81
3.200000 0.599447 0.059880 119 104 81
3.200000 -0.120507 0.138184 119 104 81
3.200000 0.618815 0.156642 119 104 81
3.200000 -0.120507 0.138184 119 104 81
3.200000 -0.075812 0.361481 119 104 81
3.200000 -0.075812 0.361481 118 104 80
3.200000 -0.120507 0.138184 118 104 80
3.200000 -0.967512 0.230306 118 104 80
3.200000 -0.075812 0.361481 118 104 80
3.200000 -0.967512 0.230306 118 104 80
3.200000 -0.893020 0.602469 118 104 80
3.200000 1.150000 0.000000 120 106 82
3.200000 0.597560 -0.038784 120 106 82
3.200000 0.599447 0.059880 120 106 82
3.200000 0.599447 0.059880 120 106 82
3.200000 0.597560 -0.038784 120 106 82
3.200000 -0.124862 -0.089502 120 106 82
3.200000 0.599447 0.059880 120 106 82
3.200000 -0.124862 -0.089502 120 106 82
3.200000 -0.120507 0.138184 120 106 82
3.200000 -0.120507 0.138184 121 106 82
3.200000 -0.124862 -0.089502 121 106 82
3.200000 -0.974770 -0.149170 121 106 82
3.200000 -0.120507 0.138184 121 106 82
3.200000 -0.974770 -0.149170 121 106 82
3.200000 -0.967512 0.230306 121 106 82
3.200000 1.150000 0.000000 119 105 81
3.200000 0.613214 -0.136216 119 105 81
3.200000 0.597560 -0.038784 119 105 81
3.200000 0.597560 -0.038784 121 107 83
3.200000 0.613214 -0.136216 121 107 83
3.200000 -0.088738 -0.314346 121 107 83
3.200000 0.597560 -0.038784 121 107 83
3.200000 -0.088738 -0.314346 121 107 83
3.200000 -0.124862 -0.089502 121 107 83
3.200000 -0.124862 -0.089502 121 106 82
3.200000 -0.088738 -0.314346 121 106 82
3.200000 -0.914563 -0.523909 121 106 82
3.200000 -0.124862 -0.089502 121 106 82
3.200000 -0.914563 -0.523909 121 106 82
3.200000 -0.974770 -0.149170 121 106 82
3.200000 1.150000 0.000000 119 105 81
3.200000 0.645912 -0.229324 119 105 81
3.200000 0.613214 -0.136216 119 105 81
3.200000 0.613214 -0.136216 121 107 83
3.200000 0.645912 -0.229324 121 107 83
3.200000 -0.013281 -0.529208 121 107 83
3.200000 0.613214 -0.136216 121 107 83
3.200000 -0.013281 -0.529208 121 107 83
3.200000 -0.088738 -0.314346 121 107 83
3.200000 -0.088738 -0.314346 121 106 82
3.200000 -0.013281 -0.529208 121 106 82
3.200000 -0.788802 -0.882014 121 106 82
3.200000 -0.088738 -0.314346 121 106 82
3.200000 -0.788802 -0.882014 121 106 82
3.200000 -0.914563 -0.523909 121 106 82
3.200000 1.150000 0.000000 121 106 82
3.200000 0.694615 -0.315149 121 106 82
3.200000 0.645912 -0.229324 121 106 82
3.200000 0.645912 -0.229324 120 106 82
3.200000 0.694615 -0.315149 120 106 82
3.200000 0.099112 -0.727268 120 106 82
3.200000 0.645912 -0.229324 120 106 82
3.200000 0.099112 -0.727268 120 106 82
3.200000 -0.013281 -0.529208 120 106 82
3.200000 -0.013281 -0.529208 119 105 81
3.200000 0.099112 -0.727268 119 105 81
3.200000 -0.601480 -1.212112 119 105 81
3.200000 -0.013281 -0.529208 119 105 81
3.200000 -0.601480 -1.212112 119 105 81
3.200000 -0.788802 -0.882014 119 105 81
3.200000 1.150000 0.000000 120 106 82
3.200000 0.757778 -0.390968 120 106 82
3.200000 0.694615 -0.315149 120 106 82
3.200000 0.694615 -0.315149 118 104 80
3.200000 0.757778 -0.390968 118 104 80
3.200000 0.244872 -0.902235 118 104 80
3.200000 0.694615 -0.315149 118 104 80
3.200000 0.244872 -0.902235 118 104 80
3.200000 0.099112 -0.727268 118 104 80
3.200000 0.099112 -0.727268 121 106 82
3.200000 0.244872 -0.902235 121 106 82
3.200000 -0.358546 -1.503725 121 106 82
3.200000 0.099112 -0.727268 121 106 82
3.200000 -0.358546 -1.503725 121 106 82
3.200000 -0.601480 -1.212112 121 106 82
3.200000 1.150000 0.000000 121 106 82
3.200000 0.833395 -0.454374 121 106 82
3.200000 0.757778 -0.390968 121 106 82
3.200000 0.757778 -0.390968 119 105 81
3.200000 0.833395 -0.454374 119 105 81
3.200000 0.419372 -1.048555 119 105 81
3.200000 0.757778 -0.390968 119 105 81
3.200000 0.419372 -1.048555 119 105 81
3.200000 0.244872 -0.902235 119 105 81
3.200000 0.244872 -0.902235 120 105 82
3.200000 0.419372 -1.048555 120 105 82
3.200000 -0.067713 -1.747591 120 105 82
3.200000 0.244872 -0.902235 120 105 82
3.200000 -0.067713 -1.747591 120 105 82
3.200000 -0.358546 -1.503725 120 105 82
3.200000 1.150000 0.000000 120 105 81
3.200000 0.851000 -0.466147 120 105 81
3.200000 0.833395 -0.454374 120 105 81
3.200000 0.833395 -0.454374 119 104 81
3.200000 0.851000 -0.466147 119 104 81
3.200000 0.460000 -1.075725 119 104 81
3.200000 0.833395 -0.454374 119 104 81
3.200000 0.460000 -1.075725 119 104 81
3.200000 0.419372 -1.048555 119 104 81
3.200000 0.419372 -1.048555 119 104 81
3.200000 0.460000 -1.075725 119 104 81
3.200000 -0.000000 -1.792875 119 104 81
3.200000 0.419372 -1.048555 119 104 81
3.200000 -0.000000 -1.792875 119 104 81
3.200000 -0.067713 -1.747591 119 104 81
3.206000 -0.000000 -1.792875 120 105 81
3.206000 -0.060000 -1.800128 120 105 81
3.206000 -0.060000 1.800128 120 105 81
3.206000 -0.000000 -1.792875 120 105 81
3.206000 -0.060000 1.800128 120 105 81
3.206000 -0.000000 1.792875 120 105 81
-3.200000 2.656137 1.322290 119 105 81
-2.400000 2.656137 1.322290 119 105 81
-2.400000 2.645107 1.333320 119 105 81
-3.200000 2.656137 1.322290 119 105 81
-2.400000 2.645107 1.333320 119 105 81
-3.200000 2.645107 1.333320 119 105 81
-3.200000 2.578921 1.399506 119 105 81
-2.400000 2.578921 1.399506 119 105 81
-2.400000 2.472290 1.506137 119 105 81
-3.200000 2.578921 1.399506 119 105 81
-2.400000 2.472290 1.506137 119 105 81
-3.200000 2.472290 1.506137 119 105 81
-3.200000 2.645107 1.333320 119 105 81
-2.400000 2.645107 1.333320 119 105 81
-2.400000 2.669855 1.358069 119 105 81
-3.200000 2.645107 1.333320 119 105 81
-2.400000 2.669855 1.358069 119 105 81
-3.200000 2.669855 1.358069 119 105 81
-3.200000 2.669855 1.358069 119 105 81
-2.400000 2.669855 1.358069 119 105 81
-2.400000 2.603670 1.424255 119 105 81
-3.200000 2.669855 1.358069 119 105 81
-2.400000 2.603670 1.424255 119 105 81
-3.200000 2.603670 1.424255 119 105 81
-3.200000 2.603670 1.424255 120 105 81
-2.400000 2.603670 1.424255 120 105 81
-2.400000 2.578921 1.399506 120 105 81
-3.200000 2.603670 1.424255 120 105 81
-2.400000 2.578921 1.399506 120 105 81
-3.200000 2.578921 1.399506 120 105 81
-3.200000 2.553183 1.425244 46 60 85
-2.400000 2.553183 1.425244 46 60 85
-2.400000 2.533384 1.405445 46 60 85
-3.200000 2.553183 1.425244 46 60 85
-2.400000 2.533384 1.405445 46 60 85
-3.200000 2.533384 1.405445 46 60 85
-3.200000 2.533384 1.405445 46 60 85
-2.400000 2.533384 1.405445 46 60 85
-2.400000 2.470876 1.467954 46 60 85
-3.200000 2.533384 1.405445 46 60 85
-2.400000 2.470876 1.467954 46 60 85
-3.200000 2.470876 1.467954 46 60 85
-3.200000 2.470876 1.467954 46 60 85
-2.400000 2.470876 1.467954 46 60 85
-2.400000 2.490674 1.487753 46 60 85
-3.200000 2.470876 1.467954 46 60 85
-2.400000 2.490674 1.487753 46 60 85
-3.200000 2.490674 1.487753 46 60 85
-3.200000 2.656137 1.322290 119 105 81
-3.200000 2.728114 1.385480 119 105 81
-2.400000 2.728114 1.385480 119 105 81
-3.200000 2.656137 1.322290 119 105 81
-2.400000 2.728114 1.385480 119 105 81
-2.400000 2.656137 1.322290 119 105 81
-3.200000 2.472290 1.506137 119 105 81
-2.400000 2.472290 1.506137 119 105 81
-2.400000 2.535480 1.578114 119 105 81
-3.200000 2.472290 1.506137 119 105 81
-2.400000 2.535480 1.578114 119 105 81
-3.200000 2.535480 1.578114 119 105 81
-2.400000 2.656137 1.322290 120 106 82
-1.600000 2.656137 1.322290 120 106 82
-1.600000 2.645107 1.333320 120 106 82
-2.400000 2.656137 1.322290 120 106 82
-1.600000 2.645107 1.333320 120 106 82
-2.400000 2.645107 1.333320 120 106 82
-2.400000 2.578921 1.399506 120 106 82
-1.600000 2.578921 1.399506 120 106 82
-1.600000 2.472290 1.506137 120 106 82
-2.400000 2.578921 1.399506 120 106 82
-1.600000 2.472290 1.506137 120 106 82
-2.400000 2.472290 1.506137 120 106 82
-2.400000 2.645107 1.333320 120 106 82
-1.600000 2.645107 1.333320 120 106 82
-1.600000 2.669855 1.358069 120 106 82
-2.400000 2.645107 1.333320 120 106 82
-1.600000 2.669855 1.358069 120 106 82
-2.400000 2.669855 1.358069 120 106 82
-2.400000 2.669855 1.358069 120 106 82
-1.600000 2.669855 1.358069 120 106 82
-1.600000 2.603670 1.424255 120 106 82
-2.400000 2.669855 1.358069 120 106 82
-1.600000 2.603670 1.424255 120 106 82
-2.400000 2.603670 1.424255 120 106 82
-2.400000 2.603670 1.424255 120 106 82
-1.600000 2.603670 1.424255 120 106 82
-1.600000 2.578921 1.399506 120 106 82
-2.400000 2.603670 1.424255 120 106 82
-1.600000 2.578921 1.399506 120 106 82
-2.400000 2.578921 1.399506 120 106 82
-2.400000 2.553183 1.425244 47 61 86
-1.600000 2.553183 1.425244 47 61 86
-1.600000 2.533384 1.405445 47 61 86
-2.400000 2.553183 1.425244 47 61 86
-1.600000 2.533384 1.405445 47 61 86
-2.400000 2.533384 1.405445 47 61 86
-2.400000 2.533384 1.405445 47 61 86
-1.600000 2.533384 1.405445 47 61 86
-1.600000 2.470876 1.467954 47 61 86
-2.400000 2.533384 1.405445 47 61 86
-1.600000 2.470876 1.467954 47 61 86
-2.400000 2.470876 1.467954 47 61 86
-2.400000 2.470876 1.467954 46 61 86
-1.600000 2.470876 1.467954 46 61 86
-1.600000 2.490674 1.487753 46 61 86
-2.400000 2.470876 1.467954 46 61 86
-1.600000 2.490674 1.487753 46 61 86
-2.400000 2.490674 1.487753 46 61 86
-2.400000 2.656137 1.322290 120 106 82
-2.400000 2.728114 1.385480 120 106 82
-1.600000 2.728114 1.385480 120 106 82
-2.400000 2.656137 1.322290 120 106 82
-1.600000 2.728114 1.385480 120 106 82
-1.600000 2.656137 1.322290 120 106 82
-2.400000 2.472290 1.506137 120 106 82
-1.600000 2.472290 1.506137 120 106 82
-1.600000 2.535480 1.578114 120 106 82
-2.400000 2.472290 1.506137 120 106 82
-1.600000 2.535480 1.578114 120 106 82
-2.400000 2.535480 1.578114 120 106 82
-1.600000 2.656137 1.322290 119 105 81
-0.800000 2.656137 1.322290 119 105 81
-0.800000 2.645107 1.333320 119 105 81
-1.600000 2.656137 1.322290 119 105 81
-0.800000 2.645107 1.333320 119 105 81
-1.600000 2.645107 1.333320 119 105 81
-1.600000 2.578921 1.399506 120 105 81
-0.800000 2.578921 1.399506 120 105 81
-0.800000 2.472290 1.506137 120 105 81
-1.600000 2.578921 1.399506 120 105 81
-0.800000 2.472290 1.506137 120 105 81
-1.600000 2.472290 1.506137 120 105 81
-1.600000 2.645107 1.333320 119 105 81
-0.800000 2.645107 1.333320 119 105 81
-0.800000 2.669855 1.358069 119 105 81
-1.600000 2.645107 1.333320 119 105 81
-0.800000 2.669855 1.358069 119 105 81
-1.600000 2.669855 1.358069 119 105 81
-1.600000 2.669855 1.358069 119 105 81
-0.800000 2.669855 1.358069 119 105 81
-0.800000 2.603670 1.424255 119 105 81
-1.600000 2.669855 1.358069 119 105 81
-0.800000 2.603670 1.424255 119 105 81
-1.600000 2.603670 1.424255 119 105 81
-1.600000 2.603670 1.424255 119 105 81
-0.800000 2.603670 1.424255 119 105 81
-0.800000 2.578921 1.399506 119 105 81
-1.600000 2.603670 1.424255 119 105 81
-0.800000 2.578921 1.399506 119 105 81
-1.600000 2.578921 1.399506 119 105 81
-1.600000 2.553183 1.425244 46 60 85
-0.800000 2.553183 1.425244 46 60 85
-0.800000 2.533384 1.405445 46 60 85
-1.600000 2.553183 1.425244 46 60 85
-0.800000 2.533384 1.405445 46 60 85
-1.600000 2.533384 1.405445 46 60 85
-1.600000 2.533384 1.405445 46 60 85
-0.800000 2.533384 1.405445 46 60 85
-0.800000 2.470876 1.467954 46 60 85
-1.600000 2.533384 1.405445 46 60 85
-0.800000 2.470876 1.467954 46 60 85
-1.600000 2.470876 1.467954 46 60 85
-1.600000 2.470876 1.467954 46 60 85
-0.800000 2.470876 1.467954 46 60 85
-0.800000 2.490674 1.487753 46 60 85
-1.600000 2.470876 1.467954 46 60 85
-0.800000 2.490674 1.487753 46 60 85
-1.600000 2.490674 1.487753 46 60 85
-1.600000 2.656137 1.322290 119 105 81
-1.600000 2.728114 1.385480 119 105 81
-0.800000 2.728114 1.385480 119 105 81
-1.600000 2.656137 1.322290 119 105 81
-0.800000 2.728114 1.385480 119 105 81
-0.800000 2.656137 1.322290 119 105 81
-1.600000 2.472290 1.506137 120 105 81
-0.800000 2.472290 1.506137 120 105 81
-0.800000 2.535480 1.578114 120 105 81
-1.600000 2.472290 1.506137 120 105 81
-0.800000 2.535480 1.578114 120 105 81
-1.600000 2.535480 1.578114 120 105 81
-0.800000 2.656137 1.322290 120 106 82
0.000000 2.656137 1.322290 120 106 82
0.000000 2.645107 1.333320 120 106 82
-0.800000 2.656137 1.322290 120 106 82
0.000000 2.645107 1.333320 120 106 82
-0.800000 2.645107 1.333320 120 106 82
-0.800000 2.578921 1.399506 120 105 82
0.000000 2.578921 1.399506 120 105 82
0.000000 2.472290 1.506137 120 105 82
-0.800000 2.578921 1.399506 120 105 82
0.000000 2.472290 1.506137 120 105 82
-0.800000 2.472290 1.506137 120 105 82
-0.800000 2.645107 1.333320 120 106 82
0.000000 2.645107 1.333320 120 106 82
0.000000 2.669855 1.358069 120 106 82
-0.800000 2.645107 1.333320 120 106 82
0.000000 2.669855 1.358069 120 106 82
-0.800000 2.669855 1.358069 120 106 82
-0.800000 2.669855 1.358069 120 105 82
0.000000 2.669855 1.358069 120 105 82
0.000000 2.603670 1.424255 120 105 82
-0.800000 2.669855 1.358069 120 105 82
0.000000 2.603670 1.424255 120 105 82
-0.800000 2.603670 1.424255 120 105 82
-0.800000 2.603670 1.424255 120 105 82
0.000000 2.603670 1.424255 120 105 82
0.000000 2.578921 1.399506 120 105 82
-0.800000 2.603670 1.424255 120 105 82
0.000000 2.578921 1.399506 120 105 82
-0.800000 2.578921 1.399506 120 105 82
-0.800000 2.553183 1.425244 46 60 85
0.000000 2.553183 1.425244 46 60 85
0.000000 2.533384 1.405445 46 60 85
-0.800000 2.553183 1.425244 46 60 85
0.000000 2.533384 1.405445 46 60 85
-0.800000 2.533384 1.405445 46 60 85
-0.800000 2.533384 1.405445 46 60 86
0.000000 2.533384 1.405445 46 60 86
0.000000 2.470876 1.467954 46 60 86
-0.800000 2.533384 1.405445 46 60 86
0.000000 2.470876 1.467954 46 60 86
-0.800000 2.470876 1.467954 46 60 86
-0.800000 2.470876 1.467954 46 60 86
0.000000 2.470876 1.467954 46 60 86
0.000000 2.490674 1.487753 46 60 86
-0.800000 2.470876 1.467954 46 60 86
0.000000 2.490674 1.487753 46 60 86
-0.800000 2.490674 1.487753 46 60 86
-0.800000 2.656137 1.322290 120 106 82
-0.800000 2.728114 1.385480 120 106 82
0.000000 2.728114 1.385480 120 106 82
-0.800000 2.656137 1.322290 120 106 82
0.000000 2.728114 1.385480 120 106 82
0.000000 2.656137 1.322290 120 106 82
-0.800000 2.472290 1.506137 120 106 82
0.000000 2.472290 1.506137 120 106 82
0.000000 2.535480 1.578114 120 106 82
-0.800000 2.472290 1.506137 120 106 82
0.000000 2.535480 1.578114 120 106 82
-0.800000 2.535480 1.578114 120 106 82
0.000000 2.656137 1.322290 120 105 81
0.800000 2.656137 1.322290 120 105 81
0.800000 2.645107 1.333320 120 105 81
0.000000 2.656137 1.322290 120 105 81
0.800000 2.645107 1.333320 120 105 81
0.000000 2.645107 1.333320 120 105 81
0.000000 2.578921 1.399506 119 105 81
0.800000 2.578921 1.399506 119 105 81
0.800000 2.472290 1.506137 119 105 81
0.000000 2.578921 1.399506 119 105 81
0.800000 2.472290 1.506137 119 105 81
0.000000 2.472290 1.506137 119 105 81
0.000000 2.645107 1.333320 120 105 81
0.800000 2.645107 1.333320 120 105 81
0.800000 2.669855 1.358069 120 105 81
0.000000 2.645107 1.333320 120 105 81
0.800000 2.669855 1.358069 120 105 81
0.000000 2.669855 1.358069 120 105 81
0.000000 2.669855 1.358069 120 105 81
0.800000 2.669855 1.358069 120 105 81
0.800000 2.603670 1.424255 120 105 81
0.000000 2.669855 1.358069 120 105 81
0.800000 2.603670 1.424255 120 105 81
0.000000 2.603670 1.424255 120 105 81
0.000000 2.603670 1.424255 119 105 81
0.800000 2.603670 1.424255 119 105 81
0.800000 2.578921 1.399506 119 105 81
0.000000 2.603670 1.424255 119 105 81
0.800000 2.578921 1.399506 119 105 81
0.000000 2.578921 1.399506 119 105 81
0.000000 2.553183 1.425244 46 60 84
0.800000 2.553183 1.425244 46 60 84
0.800000 2.533384 1.405445 46 60 84
0.000000 2.553183 1.425244 46 60 84
0.800000 2.533384 1.405445 46 60 84
0.000000 2.533384 1.405445 46 60 84
0.000000 2.533384 1.405445 45 59 84
0.800000 2.533384 1.405445 45 59 84
0.800000 2.470876 1.467954 45 59 84
0.000000 2.533384 1.405445 45 59 84
0.800000 2.470876 1.467954 45 59 84
0.000000 2.470876 1.467954 45 59 84
0.000000 2.470876 1.467954 45 59 84
0.800000 2.470876 1.467954 45 59 84
0.800000 2.490674 1.487753 45 59 84
0.000000 2.470876 1.467954 45 59 84
0.800000 2.490674 1.487753 45 59 84
0.000000 2.490674 1.487753 45 59 84
0.000000 2.656137 1.322290 120 105 81
0.000000 2.728114 1.385480 120 105 81
0.800000 2.728114 1.385480 120 105 81
0.000000 2.656137 1.322290 120 105 81
0.800000 2.728114 1.385480 120 105 81
0.800000 2.656137 1.322290 120 105 81
0.000000 2.472290 1.506137 119 105 81
0.800000 2.472290 1.506137 119 105 81
0.800000 2.535480 1.578114 119 105 81
0.000000 2.472290 1.506137 119 105 81
0.800000 2.535480 1.578114 119 105 81
0.000000 2.535480 1.578114 119 105 81
0.800000 2.656137 1.322290 120 105 82
1.600000 2.656137 1.322290 120 105 82
1.600000 2.645107 1.333320 120 105 82
0.800000 2.656137 1.322290 120 105 82
1.600000 2.645107 1.333320 120 105 82
0.800000 2.645107 1.333320 120 105 82
0.800000 2.578921 1.399506 120 105 81
1.600000 2.578921 1.399506 120 105 81
1.600000 2.472290 1.506137 120 105 81
0.800000 2.578921 1.399506 120 105 81
1.600000 2.472290 1.506137 120 105 81
0.800000 2.472290 1.506137 120 105 81
0.800000 2.645107 1.333320 120 105 82
1.600000 2.645107 1.333320 120 105 82
1.600000 2.669855 1.358069 120 105 82
0.800000 2.645107 1.333320 120 105 82
1.600000 2.669855 1.358069 120 105 82
0.800000 2.669855 1.358069 120 105 82
0.800000 2.669855 1.358069 120 105 82
1.600000 2.669855 1.358069 120 105 82
1.600000 2.603670 1.424255 120 105 82
0.800000 2.669855 1.358069 120 105 82
1.600000 2.603670 1.424255 120 105 82
0.800000 2.603670 1.424255 120 105 82
0.800000 2.603670 1.424255 120 105 81
1.600000 2.603670 1.424255 120 105 81
1.600000 2.578921 1.399506 120 105 81
0.800000 2.603670 1.424255 120 105 81
1.600000 2.578921 1.399506 120 105 81
0.800000 2.578921 1.399506 120 105 81
0.800000 2.553183 1.425244 46 60 85
1.600000 2.553183 1.425244 46 60 85
1.600000 2.533384 1.405445 46 60 85
0.800000 2.553183 1.425244 46 60 85
1.600000 2.533384 1.405445 46 60 85
0.800000 2.533384 1.405445 46 60 85
0.800000 2.533384 1.405445 46 60 85
1.600000 2.533384 1.405445 46 60 85
1.600000 2.470876 1.467954 46 60 85
0.800000 2.533384 1.405445 46 60 85
1.600000 2.470876 1.467954 46 60 85
0.800000 2.470876 1.467954 46 60 85
0.800000 2.470876 1.467954 46 60 85
1.600000 2.470876 1.467954 46 60 85
1.600000 2.490674 1.487753 46 60 85
0.800000 2.470876 1.467954 46 60 85
1.600000 2.490674 1.487753 46 60 85
0.800000 2.490674 1.487753 46 60 85
0.800000 2.656137 1.322290 120 105 82
0.800000 2.728114 1.385480 120 105 82
1.600000 2.728114 1.385480 120 105 82
0.800000 2.656137 1.322290 120 105 82
1.600000 2.728114 1.385480 120 105 82
1.600000 2.656137 1.322290 120 105 82
0.800000 2.472290 1.506137 120 105 82
1.600000 2.472290 1.506137 120 105 82
1.600000 2.535480 1.578114 120 105 82
0.800000 2.472290 1.506137 120 105 82
1.600000 2.535480 1.578114 120 105 82
0.800000 2.535480 1.578114 120 105 82
1.600000 2.656137 1.322290 119 105 81
2.400000 2.656137 1.322290 119 105 81
2.400000 2.645107 1.333320 119 105 81
1.600000 2.656137 1.322290 119 105 81
2.400000 2.645107 1.333320 119 105 81
1.600000 2.645107 1.333320 119 105 81
1.600000 2.578921 1.399506 119 105 81
2.400000 2.578921 1.399506 119 105 81
2.400000 2.472290 1.506137 119 105 81
1.600000 2.578921 1.399506 119 105 81
2.400000 2.472290 1.506137 119 105 81
1.600000 2.472290 1.506137 119 105 81
1.600000 2.645107 1.333320 119 105 81
2.400000 2.645107 1.333320 119 105 81
2.400000 2.669855 1.358069 119 105 81
1.600000 2.645107 1.333320 119 105 81
2.400000 2.669855 1.358069 119 105 81
1.600000 2.669855 1.358069 119 105 81
1.600000 2.669855 1.358069 119 105 81
2.400000 2.669855 1.358069 119 105 81
2.400000 2.603670 1.424255 119 105 81
1.600000 2.669855 1.358069 119 105 81
2.400000 2.603670 1.424255 119 105 81
1.600000 2.603670 1.424255 119 105 81
1.600000 2.603670 1.424255 119 105 81
2.400000 2.603670 1.424255 119 105 81
2.400000 2.578921 1.399506 119 105 81
1.600000 2.603670 1.424255 119 105 81
2.400000 2.578921 1.399506 119 105 81
1.600000 2.578921 1.399506 119 105 81
1.600000 2.553183 1.425244 46 60 85
2.400000 2.553183 1.425244 46 60 85
2.400000 2.533384 1.405445 46 60 85
1.600000 2.553183 1.425244 46 60 85
2.400000 2.533384 1.405445 46 60 85
1.600000 2.533384 1.405445 46 60 85
1.600000 2.533384 1.405445 46 60 85
2.400000 2.533384 1.405445 46 60 85
2.400000 2.470876 1.467954 46 60 85
1.600000 2.533384 1.405445 46 60 85
2.400000 2.470876 1.467954 46 60 85
1.600000 2.470876 1.467954 46 60 85
1.600000 2.470876 1.467954 46 60 85
2.400000 2.470876 1.467954 46 60 85
2.400000 2.490674 1.487753 46 60 85
1.600000 2.470876 1.467954 46 60 85
2.400000 2.490674 1.487753 46 60 85
1.600000 2.490674 1.487753 46 60 85
1.600000 2.656137 1.322290 119 105 81
1.600000 2.728114 1.385480 119 105 81
2.400000 2.728114 1.385480 119 105 81
1.600000 2.656137 1.322290 119 105 81
2.400000 2.728114 1.385480 119 105 81
2.400000 2.656137 1.322290 119 105 81
1.600000 2.472290 1.506137 120 105 81
2.400000 2.472290 1.506137 120 105 81
2.400000 2.535480 1.578114 120 105 81
1.600000 2.472290 1.506137 120 105 81
2.400000 2.535480 1.578114 120 105 81
1.600000 2.535480 1.578114 120 105 81
2.400000 2.656137 1.322290 120 105 82
3.200000 2.656137 1.322290 120 105 82
3.200000 2.645107 1.333320 120 105 82
2.400000 2.656137 1.322290 120 105 82
3.200000 2.645107 1.333320 120 105 82
2.400000 2.645107 1.333320 120 105 82
2.400000 2.578921 1.399506 120 106 82
3.200000 2.578921 1.399506 120 106 82
3.200000 2.472290 1.506137 120 106 82
2.400000 2.578921 1.399506 120 106 82
3.200000 2.472290 1.506137 120 106 82
2.400000 2.472290 1.506137 120 106 82
2.400000 2.645107 1.333320 120 105 82
3.200000 2.645107 1.333320 120 105 82
3.200000 2.669855 1.358069 120 105 82
2.400000 2.645107 1.333320 120 105 82
3.200000 2.669855 1.358069 120 105 82
2.400000 2.669855 1.358069 120 105 82
2.400000 2.669855 1.358069 120 106 82
3.200000 2.669855 1.358069 120 106 82
3.200000 2.603670 1.424255 120 106 82
2.400000 2.669855 1.358069 120 106 82
3.200000 2.603670 1.424255 120 106 82
2.400000 2.603670 1.424255 120 106 82
2.400000 2.603670 1.424255 120 106 82
3.200000 2.603670 1.424255 120 106 82
3.200000 2.578921 1.399506 120 106 82
2.400000 2.603670 1.424255 120 106 82
3.200000 2.578921 1.399506 120 106 82
2.400000 2.578921 1.399506 120 106 82
2.400000 2.553183 1.425244 46 61 86
3.200000 2.553183 1.425244 46 61 86
3.200000 2.533384 1.405445 46 61 86
2.400000 2.553183 1.425244 46 61 86
3.200000 2.533384 1.405445 46 61 86
2.400000 2.533384 1.405445 46 61 86
2.400000 2.533384 1.405445 46 60 86
3.200000 2.533384 1.405445 46 60 86
3.200000 2.470876 1.467954 46 60 86
2.400000 2.533384 1.405445 46 60 86
3.200000 2.470876 1.467954 46 60 86
2.400000 2.470876 1.467954 46 60 86
2.400000 2.470876 1.467954 46 60 86
3.200000 2.470876 1.467954 46 60 86
3.200000 2.490674 1.487753 46 60 86
2.400000 2.470876 1.467954 46 60 86
3.200000 2.490674 1.487753 46 60 86
2.400000 2.490674 1.487753 46 60 86
2.400000 2.656137 1.322290 120 105 82
2.400000 2.728114 1.385480 120 105 82
3.200000 2.728114 1.385480 120 105 82
2.400000 2.656137 1.322290 120 105 82
3.200000 2.728114 1.385480 120 105 82
3.200000 2.656137 1.322290 120 105 82
2.400000 2.472290 1.506137 120 105 82
3.200000 2.472290 1.506137 120 105 82
3.200000 2.535480 1.578114 120 105 82
2.400000 2.472290 1.506137 120 105 82
3.200000 2.535480 1.578114 120 105 82
2.400000 2.535480 1.578114 120 105 82
-3.200000 2.656137 -1.322290 119 105 81
-3.200000 2.645107 -1.333320 119 105 81
-2.400000 2.645107 -1.333320 119 105 81
-3.200000 2.656137 -1.322290 119 105 81
-2.400000 2.645107 -1.333320 119 105 81
-2.400000 2.656137 -1.322290 119 105 81
-3.200000 2.578921 -1.399506 120 105 81
-3.200000 2.472290 -1.506137 120 105 81
-2.400000 2.472290 -1.506137 120 105 81
-3.200000 2.578921 -1.399506 120 105 81
-2.400000 2.472290 -1.506137 120 105 81
-2.400000 2.578921 -1.399506 120 105 81
-3.200000 2.645107 -1.333320 119 105 81
-3.200000 2.669855 -1.358069 119 105 81
-2.400000 2.669855 -1.358069 119 105 81
-3.200000 2.645107 -1.333320 119 105 81
-2.400000 2.669855 -1.358069 119 105 81
-2.400000 2.645107 -1.333320 119 105 81
-3.200000 2.669855 -1.358069 119 105 81
-3.200000 2.603670 -1.424255 119 105 81
-2.400000 2.603670 -1.424255 119 105 81
-3.200000 2.669855 -1.358069 119 105 81
-2.400000 2.603670 -1.424255 119 105 81
-2.400000 2.669855 -1.358069 119 105 81
-3.200000 2.603670 -1.424255 119 105 81
-3.200000 2.578921 -1.399506 119 105 81
-2.400000 2.578921 -1.399506 119 105 81
-3.200000 2.603670 -1.424255 119 105 81
-2.400000 2.578921 -1.399506 119 105 81
-2.400000 2.603670 -1.424255 119 105 81
-3.200000 2.553183 -1.425244 46 60 85
-3.200000 2.533384 -1.405445 46 60 85
-2.400000 2.533384 -1.405445 46 60 85
-3.200000 2.553183 -1.425244 46 60 85
-2.400000 2.533384 -1.405445 46 60 85
-2.400000 2.553183 -1.425244 46 60 85
-3.200000 2.533384 -1.405445 46 60 85
-3.200000 2.470876 -1.467954 46 60 85
-2.400000 2.470876 -1.467954 46 60 85
-3.200000 2.533384 -1.405445 46 60 85
-2.400000 2.470876 -1.467954 46 60 85
-2.400000 2.533384 -1.405445 46 60 85
-3.200000 2.470876 -1.467954 46 60 85
-3.200000 2.490674 -1.487753 46 60 85
-2.400000 2.490674 -1.487753 46 60 85
-3.200000 2.470876 -1.467954 46 60 85
-2.400000 2.490674 -1.487753 46 60 85
-2.400000 2.470876 -1.467954 46 60 85
-3.200000 2.656137 -1.322290 119 105 81
-2.400000 2.656137 -1.322290 119 105 81
-2.400000 2.728114 -1.385480 119 105 81
-3.200000 2.656137 -1.322290 119 105 81
-2.400000 2.728114 -1.385480 119 105 81
-3.200000 2.728114 -1.385480 119 105 81
-3.200000 2.472290 -1.506137 120 105 82
-3.200000 2.535480 -1.578114 120 105 82
-2.400000 2.535480 -1.578114 120 105 82
-3.200000 2.472290 -1.506137 120 105 82
-2.400000 2.535480 -1.578114 120 105 82
-2.400000 2.472290 -1.506137 120 105 82
-2.400000 2.656137 -1.322290 119 104 81
-2.400000 2.645107 -1.333320 119 104 81
-1.600000 2.645107 -1.333320 119 104 81
-2.400000 2.656137 -1.322290 119 104 81
-1.600000 2.645107 -1.333320 119 104 81
-1.600000 2.656137 -1.322290 119 104 81
-2.400000 2.578921 -1.399506 119 105 81
-2.400000 2.472290 -1.506137 119 105 81
-1.600000 2.472290 -1.506137 119 105 81
-2.400000 2.578921 -1.399506 119 105 81
-1.600000 2.472290 -1.506137 119 105 81
-1.600000 2.578921 -1.399506 119 105 81
-2.400000 2.645107 -1.333320 119 105 81
-2.400000 2.669855 -1.358069 119 105 81
-1.600000 2.669855 -1.358069 119 105 81
-2.400000 2.645107 -1.333320 119 105 81
-1.600000 2.669855 -1.358069 119 105 81
-1.600000 2.645107 -1.333320 119 105 81
-2.400000 2.669855 -1.358069 119 105 81
-2.400000 2.603670 -1.424255 119 105 81
-1.600000 2.603670 -1.424255 119 105 81
-2.400000 2.669855 -1.358069 119 105 81
-1.600000 2.603670 -1.424255 119 105 81
-1.600000 2.669855 -1.358069 119 105 81
-2.400000 2.603670 -1.424255 119 105 81
-2.400000 2.578921 -1.399506 119 105 81
-1.600000 2.578921 -1.399506 119 105 81
-2.400000 2.603670 -1.424255 119 105 81
-1.600000 2.578921 -1.399506 119 105 81
-1.600000 2.603670 -1.424255 119 105 81
-2.400000 2.553183 -1.425244 46 59 84
-2.400000 2.533384 -1.405445 46 59 84
-1.600000 2.533384 -1.405445 46 59 84
-2.400000 2.553183 -1.425244 46 59 84
-1.600000 2.533384 -1.405445 46 59 84
-1.600000 2.553183 -1.425244 46 59 84
-2.400000 2.533384 -1.405445 46 59 84
-2.400000 2.470876 -1.467954 46 59 84
-1.600000 2.470876 -1.467954 46 59 84
-2.400000 2.533384 -1.405445 46 59 84
-1.600000 2.470876 -1.467954 46 59 84
-1.600000 2.533384 -1.405445 46 59 84
-2.400000 2.470876 -1.467954 46 60 84
-2.400000 2.490674 -1.487753 46 60 84
-1.600000 2.490674 -1.487753 46 60 84
-2.400000 2.470876 -1.467954 46 60 84
-1.600000 2.490674 -1.487753 46 60 84
-1.600000 2.470876 -1.467954 46 60 84
-2.400000 2.656137 -1.322290 119 105 81
-1.600000 2.656137 -1.322290 119 105 81
-1.600000 2.728114 -1.385480 119 105 81
-2.400000 2.656137 -1.322290 119 105 81
-1.600000 2.728114 -1.385480 119 105 81
-2.400000 2.728114 -1.385480 119 105 81
-2.400000 2.472290 -1.506137 119 105 81
-2.400000 2.535480 -1.578114 119 105 81
-1.600000 2.535480 -1.578114 119 105 81
-2.400000 2.472290 -1.506137 119 105 81
-1.600000 2.535480 -1.578114 119 105 81
-1.600000 2.472290 -1.506137 119 105 81
-1.600000 2.656137 -1.322290 119 105 81
-1.600000 2.645107 -1.333320 119 105 81
-0.800000 2.645107 -1.333320 119 105 81
-1.600000 2.656137 -1.322290 119 105 81
-0.800000 2.645107 -1.333320 119 105 81
-0.800000 2.656137 -1.322290 119 105 81
-1.600000 2.578921 -1.399506 119 104 81
-1.600000 2.472290 -1.506137 119 104 81
-0.800000 2.472290 -1.506137 119 104 81
-1.600000 2.578921 -1.399506 119 104 81
-0.800000 2.472290 -1.506137 119 104 81
-0.800000 2.578921 -1.399506 119 104 81
-1.600000 2.645107 -1.333320 119 105 81
-1.600000 2.669855 -1.358069 119 105 81
-0.800000 2.669855 -1.358069 119 105 81
-1.600000 2.645107 -1.333320 119 105 81
-0.800000 2.669855 -1.358069 119 105 81
-0.800000 2.645107 -1.333320 119 105 81
-1.600000 2.669855 -1.358069 119 104 81
-1.600000 2.603670 -1.424255 119 104 81
-0.800000 2.603670 -1.424255 119 104 81
-1.600000 2.669855 -1.358069 119 104 81
-0.800000 2.603670 -1.424255 119 104 81
-0.800000 2.669855 -1.358069 119 104 81
-1.600000 2.603670 -1.424255 119 104 81
-1.600000 2.578921 -1.399506 119 104 81
-0.800000 2.578921 -1.399506 119 104 81
-1.600000 2.603670 -1.424255 119 104 81
-0.800000 2.578921 -1.399506 119 104 81
-0.800000 2.603670 -1.424255 119 104 81
-1.600000 2.553183 -1.425244 45 59 84
-1.600000 2.533384 -1.405445 45 59 84
-0.800000 2.533384 -1.405445 45 59 84
-1.600000 2.553183 -1.425244 45 59 84
-0.800000 2.533384 -1.405445 45 59 84
-0.800000 2.553183 -1.425244 45 59 84
-1.600000 2.533384 -1.405445 45 59 84
-1.600000 2.470876 -1.467954 45 59 84
-0.800000 2.470876 -1.467954 45 59 84
-1.600000 2.533384 -1.405445 45 59 84
-0.800000 2.470876 -1.467954 45 59 84
-0.800000 2.533384 -1.405445 45 59 84
-1.600000 2.470876 -1.467954 45 59 84
-1.600000 2.490674 -1.487753 45 59 84
-0.800000 2.490674 -1.487753 45 59 84
-1.600000 2.470876 -1.467954 45 59 84
-0.800000 2.490674 -1.487753 45 59 84
-0.800000 2.470876 -1.467954 45 59 84
-1.600000 2.656137 -1.322290 119 105 81
-0.800000 2.656137 -1.322290 119 105 81
-0.800000 2.728114 -1.385480 119 105 81
-1.600000 2.656137 -1.322290 119 105 81
-0.800000 2.728114 -1.385480 119 105 81
-1.600000 2.728114 -1.385480 119 105 81
-1.600000 2.472290 -1.506137 119 105 81
-1.600000 2.535480 -1.578114 119 105 81
-0.800000 2.535480 -1.578114 119 105 81
-1.600000 2.472290 -1.506137 119 105 81
-0.800000 2.535480 -1.578114 119 105 81
-0.800000 2.472290 -1.506137 119 105 81
-0.800000 2.656137 -1.322290 119 105 81
-0.800000 2.645107 -1.333320 119 105 81
0.000000 2.645107 -1.333320 119 105 81
-0.800000 2.656137 -1.322290 119 105 81
0.000000 2.645107 -1.333320 119 105 81
0.000000 2.656137 -1.322290 119 105 81
-0.800000 2.578921 -1.399506 119 104 81
-0.800000 2.472290 -1.506137 119 104 81
0.000000 2.472290 -1.506137 119 104 81
-0.800000 2.578921 -1.399506 119 104 81
0.000000 2.472290 -1.506137 119 104 81
0.000000 2.578921 -1.399506 119 104 81
-0.800000 2.645107 -1.333320 119 105 81
-0.800000 2.669855 -1.358069 119 105 81
0.000000 2.669855 -1.358069 119 105 81
-0.800000 2.645107 -1.333320 119 105 81
0.000000 2.669855 -1.358069 119 105 81
0.000000 2.645107 -1.333320 119 105 81
-0.800000 2.669855 -1.358069 119 105 81
-0.800000 2.603670 -1.424255 119 105 81
0.000000 2.603670 -1.424255 119 105 81
-0.800000 2.669855 -1.358069 119 105 81
0.000000 2.603670 -1.424255 119 105 81
0.000000 2.669855 -1.358069 119 105 81
-0.800000 2.603670 -1.424255 119 105 81
-0.800000 2.578921 -1.399506 119 105 81
0.000000 2.578921 -1.399506 119 105 81
-0.800000 2.603670 -1.424255 119 105 81
0.000000 2.578921 -1.399506 119 105 81
0.000000 2.603670 -1.424255 119 105 81
-0.800000 2.553183 -1.425244 46 59 84
-0.800000 2.533384 -1.405445 46 59 84
0.000000 2.533384 -1.405445 46 59 84
-0.800000 2.553183 -1.425244 46 59 84
0.000000 2.533384 -1.405445 46 59 84
0.000000 2.553183 -1.425244 46 59 84
-0.800000 2.533384 -1.405445 45 59 84
-0.800000 2.470876 -1.467954 45 59 84
0.000000 2.470876 -1.467954 45 59 84
-0.800000 2.533384 -1.405445 45 59 84
0.000000 2.470876 -1.467954 45 59 84
0.000000 2.533384 -1.405445 45 59 84
-0.800000 2.470876 -1.467954 45 59 84
-0.800000 2.490674 -1.487753 45 59 84
0.000000 2.490674 -1.487753 45 59 84
-0.800000 2.470876 -1.467954 45 59 84
0.000000 2.490674 -1.487753 45 59 84
0.000000 2.470876 -1.467954 45 59 84
-0.800000 2.656137 -1.322290 119 105 81
0.000000 2.656137 -1.322290 119 105 81
0.000000 2.728114 -1.385480 119 105 81
-0.800000 2.656137 -1.322290 119 105 81
0.000000 2.728114 -1.385480 119 105 81
-0.800000 2.728114 -1.385480 119 105 81
-0.800000 2.472290 -1.506137 119 105 81
-0.800000 2.535480 -1.578114 119 105 81
0.000000 2.535480 -1.578114 119 105 81
-0.800000 2.472290 -1.506137 119 105 81
0.000000 2.535480 -1.578114 119 105 81
0.000000 2.472290 -1.506137 119 105 81
0.000000 2.656137 -1.322290 120 105 82
0.000000 2.645107 -1.333320 120 105 82
0.800000 2.645107 -1.333320 120 105 82
0.000000 2.656137 -1.322290 120 105 82
0.800000 2.645107 -1.333320 120 105 82
0.800000 2.656137 -1.322290 120 105 82
0.000000 2.578921 -1.399506 120 105 82
0.000000 2.472290 -1.506137 120 105 82
0.800000 2.472290 -1.506137 120 105 82
0.000000 2.578921 -1.399506 120 105 82
0.800000 2.472290 -1.506137 120 105 82
0.800000 2.578921 -1.399506 120 105 82
0.000000 2.645107 -1.333320 120 105 82
0.000000 2.669855 -1.358069 120 105 82
0.800000 2.669855 -1.358069 120 105 82
0.000000 2.645107 -1.333320 120 105 82
0.800000 2.669855 -1.358069 120 105 82
0.800000 2.645107 -1.333320 120 105 82
0.000000 2.669855 -1.358069 120 105 82
0.000000 2.603670 -1.424255 120 105 82
0.800000 2.603670 -1.424255 120 105 82
0.000000 2.669855 -1.358069 120 105 82
0.800000 2.603670 -1.424255 120 105 82
0.800000 2.669855 -1.358069 120 105 82
0.000000 2.603670 -1.424255 120 105 82
0.000000 2.578921 -1.399506 120 105 82
0.800000 2.578921 -1.399506 120 105 82
0.000000 2.603670 -1.424255 120 105 82
0.800000 2.578921 -1.399506 120 105 82
0.800000 2.603670 -1.424255 120 105 82
0.000000 2.553183 -1.425244 46 60 86
0.000000 2.533384 -1.405445 46 60 86
0.800000 2.533384 -1.405445 46 60 86
0.000000 2.553183 -1.425244 46 60 86
0.800000 2.533384 -1.405445 46 60 86
0.800000 2.553183 -1.425244 46 60 86
0.000000 2.533384 -1.405445 46 60 86
0.000000 2.470876 -1.467954 46 60 86
0.800000 2.470876 -1.467954 46 60 86
0.000000 2.533384 -1.405445 46 60 86
0.800000 2.470876 -1.467954 46 60 86
0.800000 2.533384 -1.405445 46 60 86
0.000000 2.470876 -1.467954 46 60 85
0.000000 2.490674 -1.487753 46 60 85
0.800000 2.490674 -1.487753 46 60 85
0.000000 2.470876 -1.467954 46 60 85
0.800000 2.490674 -1.487753 46 60 85
0.800000 2.470876 -1.467954 46 60 85
0.000000 2.656137 -1.322290 120 105 81
0.800000 2.656137 -1.322290 120 105 81
0.800000 2.728114 -1.385480 120 105 81
0.000000 2.656137 -1.322290 120 105 81
0.800000 2.728114 -1.385480 120 105 81
0.000000 2.728114 -1.385480 120 105 81
0.000000 2.472290 -1.506137 120 105 81
0.000000 2.535480 -1.578114 120 105 81
0.800000 2.535480 -1.578114 120 105 81
0.000000 2.472290 -1.506137 120 105 81
0.800000 2.535480 -1.578114 120 105 81
0.800000 2.472290 -1.506137 120 105 81
0.800000 2.656137 -1.322290 120 106 82
0.800000 2.645107 -1.333320 120 106 82
1.600000 2.645107 -1.333320 120 106 82
0.800000 2.656137 -1.322290 120 106 82
1.600000 2.645107 -1.333320 120 106 82
1.600000 2.656137 -1.322290 120 106 82
0.800000 2.578921 -1.399506 120 106 82
0.800000 2.472290 -1.506137 120 106 82
1.600000 2.472290 -1.506137 120 106 82
0.800000 2.578921 -1.399506 120 106 82
1.600000 2.472290 -1.506137 120 106 82
1.600000 2.578921 -1.399506 120 106 82
0.800000 2.645107 -1.333320 120 106 82
0.800000 2.669855 -1.358069 120 106 82
1.600000 2.669855 -1.358069 120 106 82
0.800000 2.645107 -1.333320 120 106 82
1.600000 2.669855 -1.358069 120 106 82
1.600000 2.645107 -1.333320 120 106 82
0.800000 2.669855 -1.358069 120 106 82
0.800000 2.603670 -1.424255 120 106 82
1.600000 2.603670 -1.424255 120 106 82
0.800000 2.669855 -1.358069 120 106 82
1.600000 2.603670 -1.424255 120 106 82
1.600000 2.669855 -1.358069 120 106 82
0.800000 2.603670 -1.424255 120 106 82
0.800000 2.578921 -1.399506 120 106 82
1.600000 2.578921 -1.399506 120 106 82
0.800000 2.603670 -1.424255 120 106 82
1.600000 2.578921 -1.399506 120 106 82
1.600000 2.603670 -1.424255 120 106 82
0.800000 2.553183 -1.425244 47 61 86
0.800000 2.533384 -1.405445 47 61 86
1.600000 2.533384 -1.405445 47 61 86
0.800000 2.553183 -1.425244 47 61 86
1.600000 2.533384 -1.405445 47 61 86
1.600000 2.553183 -1.425244 47 61 86
0.800000 2.533384 -1.405445 47 61 86
0.800000 2.470876 -1.467954 47 61 86
1.600000 2.470876 -1.467954 47 61 86
0.800000 2.533384 -1.405445 47 61 86
1.600000 2.470876 -1.467954 47 61 86
1.600000 2.533384 -1.405445 47 61 86
0.800000 2.470876 -1.467954 47 61 86
0.800000 2.490674 -1.487753 47 61 86
1.600000 2.490674 -1.487753 47 61 86
0.800000 2.470876 -1.467954 47 61 86
1.600000 2.490674 -1.487753 47 61 86
1.600000 2.470876 -1.467954 47 61 86
0.800000 2.656137 -1.322290 120 105 82
1.600000 2.656137 -1.322290 120 105 82
1.600000 2.728114 -1.385480 120 105 82
0.800000 2.656137 -1.322290 120 105 82
1.600000 2.728114 -1.385480 120 105 82
0.800000 2.728114 -1.385480 120 105 82
0.800000 2.472290 -1.506137 120 106 82
0.800000 2.535480 -1.578114 120 106 82
1.600000 2.535480 -1.578114 120 106 82
0.800000 2.472290 -1.506137 120 106 82
1.600000 2.535480 -1.578114 120 106 82
1.600000 2.472290 -1.506137 120 106 82
1.600000 2.656137 -1.322290 120 106 82
1.600000 2.645107 -1.333320 120 106 82
2.400000 2.645107 -1.333320 120 106 82
1.600000 2.656137 -1.322290 120 106 82
2.400000 2.645107 -1.333320 120 106 82
2.400000 2.656137 -1.322290 120 106 82
1.600000 2.578921 -1.399506 120 106 82
1.600000 2.472290 -1.506137 120 106 82
2.400000 2.472290 -1.506137 120 106 82
1.600000 2.578921 -1.399506 120 106 82
2.400000 2.472290 -1.506137 120 106 82
2.400000 2.578921 -1.399506 120 106 82
1.600000 2.645107 -1.333320 120 106 82
1.600000 2.669855 -1.358069 120 106 82
2.400000 2.669855 -1.358069 120 106 82
1.600000 2.645107 -1.333320 120 106 82
2.400000 2.669855 -1.358069 120 106 82
2.400000 2.645107 -1.333320 120 106 82
1.600000 2.669855 -1.358069 120 106 82
1.600000 2.603670 -1.424255 120 106 82
2.400000 2.603670 -1.424255 120 106 82
1.600000 2.669855 -1.358069 120 106 82
2.400000 2.603670 -1.424255 120 106 82
2.400000 2.669855 -1.358069 120 106 82
1.600000 2.603670 -1.424255 120 106 82
1.600000 2.578921 -1.399506 120 106 82
2.400000 2.578921 -1.399506 120 106 82
1.600000 2.603670 -1.424255 120 106 82
2.400000 2.578921 -1.399506 120 106 82
2.400000 2.603670 -1.424255 120 106 82
1.600000 2.553183 -1.425244 47 61 86
1.600000 2.533384 -1.405445 47 61 86
2.400000 2.533384 -1.405445 47 61 86
1.600000 2.553183 -1.425244 47 61 86
2.400000 2.533384 -1.405445 47 61 86
2.400000 2.553183 -1.425244 47 61 86
1.600000 2.533384 -1.405445 46 61 86
1.600000 2.470876 -1.467954 46 61 86
2.400000 2.470876 -1.467954 46 61 86
1.600000 2.533384 -1.405445 46 61 86
2.400000 2.470876 -1.467954 46 61 86
2.400000 2.533384 -1.405445 46 61 86
1.600000 2.470876 -1.467954 46 60 86
1.600000 2.490674 -1.487753 46 60 86
2.400000 2.490674 -1.487753 46 60 86
1.600000 2.470876 -1.467954 46 60 86
2.400000 2.490674 -1.487753 46 60 86
2.400000 2.470876 -1.467954 46 60 86
1.600000 2.656137 -1.322290 120 106 82
2.400000 2.656137 -1.322290 120 106 82
2.400000 2.728114 -1.385480 120 106 82
1.600000 2.656137 -1.322290 120 106 82
2.400000 2.728114 -1.385480 120 106 82
1.600000 2.728114 -1.385480 120 106 82
1.600000 2.472290 -1.506137 120 105 82
1.600000 2.535480 -1.578114 120 105 82
2.400000 2.535480 -1.578114 120 105 82
1.600000 2.472290 -1.506137 120 105 82
2.400000 2.535480 -1.578114 120 105 82
2.400000 2.472290 -1.506137 120 105 82
2.400000 2.656137 -1.322290 120 105 81
2.400000 2.645107 -1.333320 120 105 81
3.200000 2.645107 -1.333320 120 105 81
2.400000 2.656137 -1.322290 120 105 81
3.200000 2.645107 -1.333320 120 105 81
3.200000 2.656137 -1.322290 120 105 81
2.400000 2.578921 -1.399506 120 105 81
2.400000 2.472290 -1.506137 120 105 81
3.200000 2.472290 -1.506137 120 105 81
2.400000 2.578921 -1.399506 120 105 81
3.200000 2.472290 -1.506137 120 105 81
3.200000 2.578921 -1.399506 120 105 81
2.400000 2.645107 -1.333320 120 105 81
2.400000 2.669855 -1.358069 120 105 81
3.200000 2.669855 -1.358069 120 105 81
2.400000 2.645107 -1.333320 120 105 81
3.200000 2.669855 -1.358069 120 105 81
3.200000 2.645107 -1.333320 120 105 81
2.400000 2.669855 -1.358069 120 105 81
2.400000 2.603670 -1.424255 120 105 81
3.200000 2.603670 -1.424255 120 105 81
2.400000 2.669855 -1.358069 120 105 81
3.200000 2.603670 -1.424255 120 105 81
3.200000 2.669855 -1.358069 120 105 81
2.400000 2.603670 -1.424255 120 105 81
2.400000 2.578921 -1.399506 120 105 81
3.200000 2.578921 -1.399506 120 105 81
2.400000 2.603670 -1.424255 120 105 81
3.200000 2.578921 -1.399506 120 105 81
3.200000 2.603670 -1.424255 120 105 81
2.400000 2.553183 -1.425244 46 60 85
2.400000 2.533384 -1.405445 46 60 85
3.200000 2.533384 -1.405445 46 60 85
2.400000 2.553183 -1.425244 46 60 85
3.200000 2.533384 -1.405445 46 60 85
3.200000 2.553183 -1.425244 46 60 85
2.400000 2.533384 -1.405445 46 60 85
2.400000 2.470876 -1.467954 46 60 85
3.200000 2.470876 -1.467954 46 60 85
2.400000 2.533384 -1.405445 46 60 85
3.200000 2.470876 -1.467954 46 60 85
3.200000 2.533384 -1.405445 46 60 85
2.400000 2.470876 -1.467954 46 60 85
2.400000 2.490674 -1.487753 46 60 85
3.200000 2.490674 -1.487753 46 60 85
2.400000 2.470876 -1.467954 46 60 85
3.200000 2.490674 -1.487753 46 60 85
3.200000 2.470876 -1.467954 46 60 85
2.400000 2.656137 -1.322290 120 105 81
3.200000 2.656137 -1.322290 120 105 81
3.200000 2.728114 -1.385480 120 105 81
2.400000 2.656137 -1.322290 120 105 81
3.200000 2.728114 -1.385480 120 105 81
2.400000 2.728114 -1.385480 120 105 81
2.400000 2.472290 -1.506137 120 105 81
2.400000 2.535480 -1.578114 120 105 81
3.200000 2.535480 -1.578114 120 105 81
2.400000 2.472290 -1.506137 120 105 81
3.200000 2.535480 -1.578114 120 105 81
3.200000 2.472290 -1.506137 120 105 81
-3.200000 0.000000 1.680128 120 105 82
-3.200000 0.011102 1.691231 120 105 82
-2.400000 0.011102 1.691231 120 105 82
-3.200000 0.000000 1.680128 120 105 82
-2.400000 0.011102 1.691231 120 105 82
-2.400000 0.000000 1.680128 120 105 82
-3.200000 0.077717 1.757845 120 105 82
-3.200000 0.185040 1.865168 120 105 82
-2.400000 0.185040 1.865168 120 105 82
-3.200000 0.077717 1.757845 120 105 82
-2.400000 0.185040 1.865168 120 105 82
-2.400000 0.077717 1.757845 120 105 82
-3.200000 0.011102 1.691231 120 105 82
-3.200000 -0.013646 1.715979 120 105 82
-2.400000 -0.013646 1.715979 120 105 82
-3.200000 0.011102 1.691231 120 105 82
-2.400000 -0.013646 1.715979 120 105 82
-2.400000 0.011102 1.691231 120 105 82
-3.200000 -0.013646 1.715979 120 106 82
-3.200000 0.052968 1.782594 120 106 82
-2.400000 0.052968 1.782594 120 106 82
-3.200000 -0.013646 1.715979 120 106 82
-2.400000 0.052968 1.782594 120 106 82
-2.400000 -0.013646 1.715979 120 106 82
-3.200000 0.052968 1.782594 120 105 82
-3.200000 0.077717 1.757845 120 105 82
-2.400000 0.077717 1.757845 120 105 82
-3.200000 0.052968 1.782594 120 105 82
-2.400000 0.077717 1.757845 120 105 82
-2.400000 0.052968 1.782594 120 105 82
-3.200000 0.103622 1.783751 46 60 86
-3.200000 0.123421 1.763952 46 60 86
-2.400000 0.123421 1.763952 46 60 86
-3.200000 0.103622 1.783751 46 60 86
-2.400000 0.123421 1.763952 46 60 86
-2.400000 0.103622 1.783751 46 60 86
-3.200000 0.123421 1.763952 46 60 86
-3.200000 0.186335 1.826865 46 60 86
-2.400000 0.186335 1.826865 46 60 86
-3.200000 0.123421 1.763952 46 60 86
-2.400000 0.186335 1.826865 46 60 86
-2.400000 0.123421 1.763952 46 60 86
-3.200000 0.186335 1.826865 46 60 86
-3.200000 0.166536 1.846664 46 60 86
-2.400000 0.166536 1.846664 46 60 86
-3.200000 0.186335 1.826865 46 60 86
-2.400000 0.166536 1.846664 46 60 86
-2.400000 0.186335 1.826865 46 60 86
-2.400000 0.000000 1.680128 119 105 81
-2.400000 0.011102 1.691231 119 105 81
-1.600000 0.011102 1.691231 119 105 81
-2.400000 0.000000 1.680128 119 105 81
-1.600000 0.011102 1.691231 119 105 81
-1.600000 0.000000 1.680128 119 105 81
-2.400000 0.077717 1.757845 119 105 81
-2.400000 0.185040 1.865168 119 105 81
-1.600000 0.185040 1.865168 119 105 81
-2.400000 0.077717 1.757845 119 105 81
-1.600000 0.185040 1.865168 119 105 81
-1.600000 0.077717 1.757845 119 105 81
-2.400000 0.011102 1.691231 119 105 81
-2.400000 -0.013646 1.715979 119 105 81
-1.600000 -0.013646 1.715979 119 105 81
-2.400000 0.011102 1.691231 119 105 81
-1.600000 -0.013646 1.715979 119 105 81
-1.600000 0.011102 1.691231 119 105 81
-2.400000 -0.013646 1.715979 119 105 81
-2.400000 0.052968 1.782594 119 105 81
-1.600000 0.052968 1.782594 119 105 81
-2.400000 -0.013646 1.715979 119 105 81
-1.600000 0.052968 1.782594 119 105 81
-1.600000 -0.013646 1.715979 119 105 81
-2.400000 0.052968 1.782594 119 105 81
-2.400000 0.077717 1.757845 119 105 81
-1.600000 0.077717 1.757845 119 105 81
-2.400000 0.052968 1.782594 119 105 81
-1.600000 0.077717 1.757845 119 105 81
-1.600000 0.052968 1.782594 119 105 81
-2.400000 0.103622 1.783751 46 60 85
-2.400000 0.123421 1.763952 46 60 85
-1.600000 0.123421 1.763952 46 60 85
-2.400000 0.103622 1.783751 46 60 85
-1.600000 0.123421 1.763952 46 60 85
-1.600000 0.103622 1.783751 46 60 85
-2.400000 0.123421 1.763952 46 60 85
-2.400000 0.186335 1.826865 46 60 85
-1.600000 0.186335 1.826865 46 60 85
-2.400000 0.123421 1.763952 46 60 85
-1.600000 0.186335 1.826865 46 60 85
-1.600000 0.123421 1.763952 46 60 85
-2.400000 0.186335 1.826865 46 60 85
-2.400000 0.166536 1.846664 46 60 85
-1.600000 0.166536 1.846664 46 60 85
-2.400000 0.186335 1.826865 46 60 85
-1.600000 0.166536 1.846664 46 60 85
-1.600000 0.186335 1.826865 46 60 85
-1.600000 0.000000 1.680128 120 105 82
-1.600000 0.011102 1.691231 120 105 82
-0.800000 0.011102 1.691231 120 105 82
-1.600000 0.000000 1.680128 120 105 82
-0.800000 0.011102 1.691231 120 105 82
-0.800000 0.000000 1.680128 120 105 82
-1.600000 0.077717 1.757845 120 106 82
-1.600000 0.185040 1.865168 120 106 82
-0.800000 0.185040 1.865168 120 106 82
-1.600000 0.077717 1.757845 120 106 82
-0.800000 0.185040 1.865168 120 106 82
-0.800000 0.077717 1.757845 120 106 82
-1.600000 0.011102 1.691231 120 105 82
-1.600000 -0.013646 1.715979 120 105 82
-0.800000 -0.013646 1.715979 120 105 82
-1.600000 0.011102 1.691231 120 105 82
-0.800000 -0.013646 1.715979 120 105 82
-0.800000 0.011102 1.691231 120 105 82
-1.600000 -0.013646 1.715979 120 105 81
-1.600000 0.052968 1.782594 120 105 81
-0.800000 0.052968 1.782594 120 105 81
-1.600000 -0.013646 1.715979 120 105 81
-0.800000 0.052968 1.782594 120 105 81
-0.800000 -0.013646 1.715979 120 105 81
-1.600000 0.052968 1.782594 120 105 82
-1.600000 0.077717 1.757845 120 105 82
-0.800000 0.077717 1.757845 120 105 82
-1.600000 0.052968 1.782594 120 105 82
-0.800000 0.077717 1.757845 120 105 82
-0.800000 0.052968 1.782594 120 105 82
-1.600000 0.103622 1.783751 46 60 85
-1.600000 0.123421 1.763952 46 60 85
-0.800000 0.123421 1.763952 46 60 85
-1.600000 0.103622 1.783751 46 60 85
-0.800000 0.123421 1.763952 46 60 85
-0.800000 0.103622 1.783751 46 60 85
-1.600000 0.123421 1.763952 46 61 86
-1.600000 0.186335 1.826865 46 61 86
-0.800000 0.186335 1.826865 46 61 86
-1.600000 0.123421 1.763952 46 61 86
-0.800000 0.186335 1.826865 46 61 86
-0.800000 0.123421 1.763952 46 61 86
-1.600000 0.186335 1.826865 47 61 86
-1.600000 0.166536 1.846664 47 61 86
-0.800000 0.166536 1.846664 47 61 86
-1.600000 0.186335 1.826865 47 61 86
-0.800000 0.166536 1.846664 47 61 86
-0.800000 0.186335 1.826865 47 61 86
-0.800000 0.000000 1.680128 119 105 81
-0.800000 0.011102 1.691231 119 105 81
0.000000 0.011102 1.691231 119 105 81
-0.800000 0.000000 1.680128 119 105 81
0.000000 0.011102 1.691231 119 105 81
0.000000 0.000000 1.680128 119 105 81
-0.800000 0.077717 1.757845 119 105 81
-0.800000 0.185040 1.865168 119 105 81
0.000000 0.185040 1.865168 119 105 81
-0.800000 0.077717 1.757845 119 105 81
0.000000 0.185040 1.865168 119 105 81
0.000000 0.077717 1.757845 119 105 81
-0.800000 0.011102 1.691231 119 105 81
-0.800000 -0.013646 1.715979 119 105 81
0.000000 -0.013646 1.715979 119 105 81
-0.800000 0.011102 1.691231 119 105 81
0.000000 -0.013646 1.715979 119 105 81
0.000000 0.011102 1.691231 119 105 81
-0.800000 -0.013646 1.715979 119 105 81
-0.800000 0.052968 1.782594 119 105 81
0.000000 0.052968 1.782594 119 105 81
-0.800000 -0.013646 1.715979 119 105 81
0.000000 0.052968 1.782594 119 105 81
0.000000 -0.013646 1.715979 119 105 81
-0.800000 0.052968 1.782594 119 105 81
-0.800000 0.077717 1.757845 119 105 81
0.000000 0.077717 1.757845 119 105 81
-0.800000 0.052968 1.782594 119 105 81
0.000000 0.077717 1.757845 119 105 81
0.000000 0.052968 1.782594 119 105 81
-0.800000 0.103622 1.783751 46 60 85
-0.800000 0.123421 1.763952 46 60 85
0.000000 0.123421 1.763952 46 60 85
-0.800000 0.103622 1.783751 46 60 85
0.000000 0.123421 1.763952 46 60 85
0.000000 0.103622 1.783751 46 60 85
-0.800000 0.123421 1.763952 46 60 85
-0.800000 0.186335 1.826865 46 60 85
0.000000 0.186335 1.826865 46 60 85
-0.800000 0.123421 1.763952 46 60 85
0.000000 0.186335 1.826865 46 60 85
0.000000 0.123421 1.763952 46 60 85
-0.800000 0.186335 1.826865 46 60 85
-0.800000 0.166536 1.846664 46 60 85
0.000000 0.166536 1.846664 46 60 85
-0.800000 0.186335 1.826865 46 60 85
0.000000 0.166536 1.846664 46 60 85
0.000000 0.186335 1.826865 46 60 85
0.000000 0.000000 1.680128 119 105 81
0.000000 0.011102 1.691231 119 105 81
0.800000 0.011102 1.691231 119 105 81
0.000000 0.000000 1.680128 119 105 81
0.800000 0.011102 1.691231 119 105 81
0.800000 0.000000 1.680128 119 105 81
0.000000 0.077717 1.757845 119 105 81
0.000000 0.185040 1.865168 119 105 81
0.800000 0.185040 1.865168 119 105 81
0.000000 0.077717 1.757845 119 105 81
0.800000 0.185040 1.865168 119 105 81
0.800000 0.077717 1.757845 119 105 81
0.000000 0.011102 1.691231 119 105 81
0.000000 -0.013646 1.715979 119 105 81
0.800000 -0.013646 1.715979 119 105 81
0.000000 0.011102 1.691231 119 105 81
0.800000 -0.013646 1.715979 119 105 81
0.800000 0.011102 1.691231 119 105 81
0.000000 -0.013646 1.715979 119 105 81
0.000000 0.052968 1.782594 119 105 81
0.800000 0.052968 1.782594 119 105 81
0.000000 -0.013646 1.715979 119 105 81
0.800000 0.052968 1.782594 119 105 81
0.800000 -0.013646 1.715979 119 105 81
0.000000 0.052968 1.782594 119 105 81
0.000000 0.077717 1.757845 119 105 81
0.800000 0.077717 1.757845 119 105 81
0.000000 0.052968 1.782594 119 105 81
0.800000 0.077717 1.757845 119 105 81
0.800000 0.052968 1.782594 119 105 81
0.000000 0.103622 1.783751 46 60 85
0.000000 0.123421 1.763952 46 60 85
0.800000 0.123421 1.763952 46 60 85
0.000000 0.103622 1.783751 46 60 85
0.800000 0.123421 1.763952 46 60 85
0.800000 0.103622 1.783751 46 60 85
0.000000 0.123421 1.763952 46 60 84
0.000000 0.186335 1.826865 46 60 84
0.800000 0.186335 1.826865 46 60 84
0.000000 0.123421 1.763952 46 60 84
0.800000 0.186335 1.826865 46 60 84
0.800000 0.123421 1.763952 46 60 84
0.000000 0.186335 1.826865 46 60 84
0.000000 0.166536 1.846664 46 60 84
0.800000 0.166536 1.846664 46 60 84
0.000000 0.186335 1.826865 46 60 84
0.800000 0.166536 1.846664 46 60 84
0.800000 0.186335 1.826865 46 60 84
0.800000 0.000000 1.680128 120 105 81
0.800000 0.011102 1.691231 120 105 81
1.600000 0.011102 1.691231 120 105 81
0.800000 0.000000 1.680128 120 105 81
1.600000 0.011102 1.691231 120 105 81
1.600000 0.000000 1.680128 120 105 81
0.800000 0.077717 1.757845 120 105 81
0.800000 0.185040 1.865168 120 105 81
1.600000 0.185040 1.865168 120 105 81
0.800000 0.077717 1.757845 120 105 81
1.600000 0.185040 1.865168 120 105 81
1.600000 0.077717 1.757845 120 105 81
0.800000 0.011102 1.691231 120 105 81
0.800000 -0.013646 1.715979 120 105 81
1.600000 -0.013646 1.715979 120 105 81
0.800000 0.011102 1.691231 120 105 81
1.600000 -0.013646 1.715979 120 105 81
1.600000 0.011102 1.691231 120 105 81
0.800000 -0.013646 1.715979 120 105 81
0.800000 0.052968 1.782594 120 105 81
1.600000 0.052968 1.782594 120 105 81
0.800000 -0.013646 1.715979 120 105 81
1.600000 0.052968 1.782594 120 105 81
1.600000 -0.013646 1.715979 120 105 81
0.800000 0.052968 1.782594 120 105 81
0.800000 0.077717 1.757845 120 105 81
1.600000 0.077717 1.757845 120 105 81
0.800000 0.052968 1.782594 120 105 81
1.600000 0.077717 1.757845 120 105 81
1.600000 0.052968 1.782594 120 105 81
0.800000 0.103622 1.783751 46 60 85
0.800000 0.123421 1.763952 46 60 85
1.600000 0.123421 1.763952 46 60 85
0.800000 0.103622 1.783751 46 60 85
1.600000 0.123421 1.763952 46 60 85
1.600000 0.103622 1.783751 46 60 85
0.800000 0.123421 1.763952 46 60 85
0.800000 0.186335 1.826865 46 60 85
1.600000 0.186335 1.826865 46 60 85
0.800000 0.123421 1.763952 46 60 85
1.600000 0.186335 1.826865 46 60 85
1.600000 0.123421 1.763952 46 60 85
0.800000 0.186335 1.826865 46 60 85
0.800000 0.166536 1.846664 46 60 85
1.600000 0.166536 1.846664 46 60 85
0.800000 0.186335 1.826865 46 60 85
1.600000 0.166536 1.846664 46 60 85
1.600000 0.186335 1.826865 46 60 85
1.600000 0.000000 1.680128 119 105 81
1.600000 0.011102 1.691231 119 105 81
2.400000 0.011102 1.691231 119 105 81
1.600000 0.000000 1.680128 119 105 81
2.400000 0.011102 1.691231 119 105 81
2.400000 0.000000 1.680128 119 105 81
1.600000 0.077717 1.757845 119 105 81
1.600000 0.185040 1.865168 119 105 81
2.400000 0.185040 1.865168 119 105 81
1.600000 0.077717 1.757845 119 105 81
2.400000 0.185040 1.865168 119 105 81
2.400000 0.077717 1.757845 119 105 81
1.600000 0.011102 1.691231 119 105 81
1.600000 -0.013646 1.715979 119 105 81
2.400000 -0.013646 1.715979 119 105 81
1.600000 0.011102 1.691231 119 105 81
2.400000 -0.013646 1.715979 119 105 81
2.400000 0.011102 1.691231 119 105 81
1.600000 -0.013646 1.715979 119 104 81
1.600000 0.052968 1.782594 119 104 81
2.400000 0.052968 1.782594 119 104 81
1.600000 -0.013646 1.715979 119 104 81
2.400000 0.052968 1.782594 119 104 81
2.400000 -0.013646 1.715979 119 104 81
1.600000 0.052968 1.782594 119 104 81
1.600000 0.077717 1.757845 119 104 81
2.400000 0.077717 1.757845 119 104 81
1.600000 0.052968 1.782594 119 104 81
2.400000 0.077717 1.757845 119 104 81
2.400000 0.052968 1.782594 119 104 81
1.600000 0.103622 1.783751 46 59 84
1.600000 0.123421 1.763952 46 59 84
2.400000 0.123421 1.763952 46 59 84
1.600000 0.103622 1.783751 46 59 84
2.400000 0.123421 1.763952 46 59 84
2.400000 0.103622 1.783751 46 59 84
1.600000 0.123421 1.763952 46 60 84
1.600000 0.186335 1.826865 46 60 84
2.400000 0.186335 1.826865 46 60 84
1.600000 0.123421 1.763952 46 60 84
2.400000 0.186335 1.826865 46 60 84
2.400000 0.123421 1.763952 46 60 84
1.600000 0.186335 1.826865 46 60 84
1.600000 0.166536 1.846664 46 60 84
2.400000 0.166536 1.846664 46 60 84
1.600000 0.186335 1.826865 46 60 84
2.400000 0.166536 1.846664 46 60 84
2.400000 0.186335 1.826865 46 60 84
2.400000 0.000000 1.680128 120 105 81
2.400000 0.011102 1.691231 120 105 81
3.200000 0.011102 1.691231 120 105 81
2.400000 0.000000 1.680128 120 105 81
3.200000 0.011102 1.691231 120 105 81
3.200000 0.000000 1.680128 120 105 81
2.400000 0.077717 1.757845 120 105 82
2.400000 0.185040 1.865168 120 105 82
3.200000 0.185040 1.865168 120 105 82
2.400000 0.077717 1.757845 120 105 82
3.200000 0.185040 1.865168 120 105 82
3.200000 0.077717 1.757845 120 105 82
2.400000 0.011102 1.691231 120 105 81
2.400000 -0.013646 1.715979 120 105 81
3.200000 -0.013646 1.715979 120 105 81
2.400000 0.011102 1.691231 120 105 81
3.200000 -0.013646 1.715979 120 105 81
3.200000 0.011102 1.691231 120 105 81
2.400000 -0.013646 1.715979 120 105 82
2.400000 0.052968 1.782594 120 105 82
3.200000 0.052968 1.782594 120 105 82
2.400000 -0.013646 1.715979 120 105 82
3.200000 0.052968 1.782594 120 105 82
3.200000 -0.013646 1.715979 120 105 82
2.400000 0.052968 1.782594 120 105 82
2.400000 0.077717 1.757845 120 105 82
3.200000 0.077717 1.757845 120 105 82
2.400000 0.052968 1.782594 120 105 82
3.200000 0.077717 1.757845 120 105 82
3.200000 0.052968 1.782594 120 105 82
2.400000 0.103622 1.783751 46 60 85
2.400000 0.123421 1.763952 46 60 85
3.200000 0.123421 1.763952 46 60 85
2.400000 0.103622 1.783751 46 60 85
3.200000 0.123421 1.763952 46 60 85
3.200000 0.103622 1.783751 46 60 85
2.400000 0.123421 1.763952 46 60 85
2.400000 0.186335 1.826865 46 60 85
3.200000 0.186335 1.826865 46 60 85
2.400000 0.123421 1.763952 46 60 85
3.200000 0.186335 1.826865 46 60 85
3.200000 0.123421 1.763952 46 60 85
2.400000 0.186335 1.826865 46 60 85
2.400000 0.166536 1.846664 46 60 85
3.200000 0.166536 1.846664 46 60 85
2.400000 0.186335 1.826865 46 60 85
3.200000 0.166536 1.846664 46 60 85
3.200000 0.186335 1.826865 46 60 85
-3.200000 0.000000 -1.680128 119 105 81
-2.400000 0.000000 -1.680128 119 105 81
-2.400000 0.011102 -1.691231 119 105 81
-3.200000 0.000000 -1.680128 119 105 81
-2.400000 0.011102 -1.691231 119 105 81
-3.200000 0.011102 -1.691231 119 105 81
-3.200000 0.077717 -1.757845 119 105 81
-2.400000 0.077717 -1.757845 119 105 81
-2.400000 0.185040 -1.865168 119 105 81
-3.200000 0.077717 -1.757845 119 105 81
-2.400000 0.185040 -1.865168 119 105 81
-3.200000 0.185040 -1.865168 119 105 81
-3.200000 0.011102 -1.691231 119 105 81
-2.400000 0.011102 -1.691231 119 105 81
-2.400000 -0.013646 -1.715979 119 105 81
-3.200000 0.011102 -1.691231 119 105 81
-2.400000 -0.013646 -1.715979 119 105 81
-3.200000 -0.013646 -1.715979 119 105 81
-3.200000 -0.013646 -1.715979 119 105 81
-2.400000 -0.013646 -1.715979 119 105 81
-2.400000 0.052968 -1.782594 119 105 81
-3.200000 -0.013646 -1.715979 119 105 81
-2.400000 0.052968 -1.782594 119 105 81
-3.200000 0.052968 -1.782594 119 105 81
-3.200000 0.052968 -1.782594 119 105 81
-2.400000 0.052968 -1.782594 119 105 81
-2.400000 0.077717 -1.757845 119 105 81
-3.200000 0.052968 -1.782594 119 105 81
-2.400000 0.077717 -1.757845 119 105 81
-3.200000 0.077717 -1.757845 119 105 81
-3.200000 0.103622 -1.783751 46 60 84
-2.400000 0.103622 -1.783751 46 60 84
-2.400000 0.123421 -1.763952 46 60 84
-3.200000 0.103622 -1.783751 46 60 84
-2.400000 0.123421 -1.763952 46 60 84
-3.200000 0.123421 -1.763952 46 60 84
-3.200000 0.123421 -1.763952 46 60 85
-2.400000 0.123421 -1.763952 46 60 85
-2.400000 0.186335 -1.826865 46 60 85
-3.200000 0.123421 -1.763952 46 60 85
-2.400000 0.186335 -1.826865 46 60 85
-3.200000 0.186335 -1.826865 46 60 85
-3.200000 0.186335 -1.826865 46 60 85
-2.400000 0.186335 -1.826865 46 60 85
-2.400000 0.166536 -1.846664 46 60 85
-3.200000 0.186335 -1.826865 46 60 85
-2.400000 0.166536 -1.846664 46 60 85
-3.200000 0.166536 -1.846664 46 60 85
-2.400000 0.000000 -1.680128 120 105 81
-1.600000 0.000000 -1.680128 120 105 81
-1.600000 0.011102 -1.691231 120 105 81
-2.400000 0.000000 -1.680128 120 105 81
-1.600000 0.011102 -1.691231 120 105 81
-2.400000 0.011102 -1.691231 120 105 81
-2.400000 0.077717 -1.757845 120 105 81
-1.600000 0.077717 -1.757845 120 105 81
-1.600000 0.185040 -1.865168 120 105 81
-2.400000 0.077717 -1.757845 120 105 81
-1.600000 0.185040 -1.865168 120 105 81
-2.400000 0.185040 -1.865168 120 105 81
-2.400000 0.011102 -1.691231 120 105 81
-1.600000 0.011102 -1.691231 120 105 81
-1.600000 -0.013646 -1.715979 120 105 81
-2.400000 0.011102 -1.691231 120 105 81
-1.600000 -0.013646 -1.715979 120 105 81
-2.400000 -0.013646 -1.715979 120 105 81
-2.400000 -0.013646 -1.715979 120 105 81
-1.600000 -0.013646 -1.715979 120 105 81
-1.600000 0.052968 -1.782594 120 105 81
-2.400000 -0.013646 -1.715979 120 105 81
-1.600000 0.052968 -1.782594 120 105 81
-2.400000 0.052968 -1.782594 120 105 81
-2.400000 0.052968 -1.782594 120 105 81
-1.600000 0.052968 -1.782594 120 105 81
-1.600000 0.077717 -1.757845 120 105 81
-2.400000 0.052968 -1.782594 120 105 81
-1.600000 0.077717 -1.757845 120 105 81
-2.400000 0.077717 -1.757845 120 105 81
-2.400000 0.103622 -1.783751 46 60 85
-1.600000 0.103622 -1.783751 46 60 85
-1.600000 0.123421 -1.763952 46 60 85
-2.400000 0.103622 -1.783751 46 60 85
-1.600000 0.123421 -1.763952 46 60 85
-2.400000 0.123421 -1.763952 46 60 85
-2.400000 0.123421 -1.763952 46 60 85
-1.600000 0.123421 -1.763952 46 60 85
-1.600000 0.186335 -1.826865 46 60 85
-2.400000 0.123421 -1.763952 46 60 85
-1.600000 0.186335 -1.826865 46 60 85
-2.400000 0.186335 -1.826865 46 60 85
-2.400000 0.186335 -1.826865 46 60 85
-1.600000 0.186335 -1.826865 46 60 85
-1.600000 0.166536 -1.846664 46 60 85
-2.400000 0.186335 -1.826865 46 60 85
-1.600000 0.166536 -1.846664 46 60 85
-2.400000 0.166536 -1.846664 46 60 85
-1.600000 0.000000 -1.680128 120 106 82
-0.800000 0.000000 -1.680128 120 106 82
-0.800000 0.011102 -1.691231 120 106 82
-1.600000 0.000000 -1.680128 120 106 82
-0.800000 0.011102 -1.691231 120 106 82
-1.600000 0.011102 -1.691231 120 106 82
-1.600000 0.077717 -1.757845 120 105 82
-0.800000 0.077717 -1.757845 120 105 82
-0.800000 0.185040 -1.865168 120 105 82
-1.600000 0.077717 -1.757845 120 105 82
-0.800000 0.185040 -1.865168 120 105 82
-1.600000 0.185040 -1.865168 120 105 82
-1.600000 0.011102 -1.691231 120 106 82
-0.800000 0.011102 -1.691231 120 106 82
-0.800000 -0.013646 -1.715979 120 106 82
-1.600000 0.011102 -1.691231 120 106 82
-0.800000 -0.013646 -1.715979 120 106 82
-1.600000 -0.013646 -1.715979 120 106 82
-1.600000 -0.013646 -1.715979 120 106 82
-0.800000 -0.013646 -1.715979 120 106 82
-0.800000 0.052968 -1.782594 120 106 82
-1.600000 -0.013646 -1.715979 120 106 82
-0.800000 0.052968 -1.782594 120 106 82
-1.600000 0.052968 -1.782594 120 106 82
-1.600000 0.052968 -1.782594 120 106 82
-0.800000 0.052968 -1.782594 120 106 82
-0.800000 0.077717 -1.757845 120 106 82
-1.600000 0.052968 -1.782594 120 106 82
-0.800000 0.077717 -1.757845 120 106 82
-1.600000 0.077717 -1.757845 120 106 82
-1.600000 0.103622 -1.783751 46 61 86
-0.800000 0.103622 -1.783751 46 61 86
-0.800000 0.123421 -1.763952 46 61 86
-1.600000 0.103622 -1.783751 46 61 86
-0.800000 0.123421 -1.763952 46 61 86
-1.600000 0.123421 -1.763952 46 61 86
-1.600000 0.123421 -1.763952 46 60 86
-0.800000 0.123421 -1.763952 46 60 86
-0.800000 0.186335 -1.826865 46 60 86
-1.600000 0.123421 -1.763952 46 60 86
-0.800000 0.186335 -1.826865 46 60 86
-1.600000 0.186335 -1.826865 46 60 86
-1.600000 0.186335 -1.826865 46 60 85
-0.800000 0.186335 -1.826865 46 60 85
-0.800000 0.166536 -1.846664 46 60 85
-1.600000 0.186335 -1.826865 46 60 85
-0.800000 0.166536 -1.846664 46 60 85
-1.600000 0.166536 -1.846664 46 60 85
-0.800000 0.000000 -1.680128 120 105 82
0.000000 0.000000 -1.680128 120 105 82
0.000000 0.011102 -1.691231 120 105 82
-0.800000 0.000000 -1.680128 120 105 82
0.000000 0.011102 -1.691231 120 105 82
-0.800000 0.011102 -1.691231 120 105 82
-0.800000 0.077717 -1.757845 120 105 82
0.000000 0.077717 -1.757845 120 105 82
0.000000 0.185040 -1.865168 120 105 82
-0.800000 0.077717 -1.757845 120 105 82
0.000000 0.185040 -1.865168 120 105 82
-0.800000 0.185040 -1.865168 120 105 82
-0.800000 0.011102 -1.691231 120 105 82
0.000000 0.011102 -1.691231 120 105 82
0.000000 -0.013646 -1.715979 120 105 82
-0.800000 0.011102 -1.691231 120 105 82
0.000000 -0.013646 -1.715979 120 105 82
-0.800000 -0.013646 -1.715979 120 105 82
-0.800000 -0.013646 -1.715979 120 105 82
0.000000 -0.013646 -1.715979 120 105 82
0.000000 0.052968 -1.782594 120 105 82
-0.800000 -0.013646 -1.715979 120 105 82
0.000000 0.052968 -1.782594 120 105 82
-0.800000 0.052968 -1.782594 120 105 82
-0.800000 0.052968 -1.782594 120 105 82
0.000000 0.052968 -1.782594 120 105 82
0.000000 0.077717 -1.757845 120 105 82
-0.800000 0.052968 -1.782594 120 105 82
0.000000 0.077717 -1.757845 120 105 82
-0.800000 0.077717 -1.757845 120 105 82
-0.800000 0.103622 -1.783751 46 60 85
0.000000 0.103622 -1.783751 46 60 85
0.000000 0.123421 -1.763952 46 60 85
-0.800000 0.103622 -1.783751 46 60 85
0.000000 0.123421 -1.763952 46 60 85
-0.800000 0.123421 -1.763952 46 60 85
-0.800000 0.123421 -1.763952 46 60 85
0.000000 0.123421 -1.763952 46 60 85
0.000000 0.186335 -1.826865 46 60 85
-0.800000 0.123421 -1.763952 46 60 85
0.000000 0.186335 -1.826865 46 60 85
-0.800000 0.186335 -1.826865 46 60 85
-0.800000 0.186335 -1.826865 46 60 85
0.000000 0.186335 -1.826865 46 60 85
0.000000 0.166536 -1.846664 46 60 85
-0.800000 0.186335 -1.826865 46 60 85
0.000000 0.166536 -1.846664 46 60 85
-0.800000 0.166536 -1.846664 46 60 85
0.000000 0.000000 -1.680128 120 106 82
0.800000 0.000000 -1.680128 120 106 82
0.800000 0.011102 -1.691231 120 106 82
0.000000 0.000000 -1.680128 120 106 82
0.800000 0.011102 -1.691231 120 106 82
0.000000 0.011102 -1.691231 120 106 82
0.000000 0.077717 -1.757845 121 106 82
0.800000 0.077717 -1.757845 121 106 82
0.800000 0.185040 -1.865168 121 106 82
0.000000 0.077717 -1.757845 121 106 82
0.800000 0.185040 -1.865168 121 106 82
0.000000 0.185040 -1.865168 121 106 82
0.000000 0.011102 -1.691231 120 106 82
0.800000 0.011102 -1.691231 120 106 82
0.800000 -0.013646 -1.715979 120 106 82
0.000000 0.011102 -1.691231 120 106 82
0.800000 -0.013646 -1.715979 120 106 82
0.000000 -0.013646 -1.715979 120 106 82
0.000000 -0.013646 -1.715979 120 106 82
0.800000 -0.013646 -1.715979 120 106 82
0.800000 0.052968 -1.782594 120 106 82
0.000000 -0.013646 -1.715979 120 106 82
0.800000 0.052968 -1.782594 120 106 82
0.000000 0.052968 -1.782594 120 106 82
0.000000 0.052968 -1.782594 120 106 82
0.800000 0.052968 -1.782594 120 106 82
0.800000 0.077717 -1.757845 120 106 82
0.000000 0.052968 -1.782594 120 106 82
0.800000 0.077717 -1.757845 120 106 82
0.000000 0.077717 -1.757845 120 106 82
0.000000 0.103622 -1.783751 47 61 86
0.800000 0.103622 -1.783751 47 61 86
0.800000 0.123421 -1.763952 47 61 86
0.000000 0.103622 -1.783751 47 61 86
0.800000 0.123421 -1.763952 47 61 86
0.000000 0.123421 -1.763952 47 61 86
0.000000 0.123421 -1.763952 47 61 86
0.800000 0.123421 -1.763952 47 61 86
0.800000 0.186335 -1.826865 47 61 86
0.000000 0.123421 -1.763952 47 61 86
0.800000 0.186335 -1.826865 47 61 86
0.000000 0.186335 -1.826865 47 61 86
0.000000 0.186335 -1.826865 47 61 86
0.800000 0.186335 -1.826865 47 61 86
0.800000 0.166536 -1.846664 47 61 86
0.000000 0.186335 -1.826865 47 61 86
0.800000 0.166536 -1.846664 47 61 86
0.000000 0.166536 -1.846664 47 61 86
0.800000 0.000000 -1.680128 120 105 82
1.600000 0.000000 -1.680128 120 105 82
1.600000 0.011102 -1.691231 120 105 82
0.800000 0.000000 -1.680128 120 105 82
1.600000 0.011102 -1.691231 120 105 82
0.800000 0.011102 -1.691231 120 105 82
0.800000 0.077717 -1.757845 120 106 82
1.600000 0.077717 -1.757845 120 106 82
1.600000 0.185040 -1.865168 120 106 82
0.800000 0.077717 -1.757845 120 106 82
1.600000 0.185040 -1.865168 120 106 82
0.800000 0.185040 -1.865168 120 106 82
0.800000 0.011102 -1.691231 120 105 82
1.600000 0.011102 -1.691231 120 105 82
1.600000 -0.013646 -1.715979 120 105 82
0.800000 0.011102 -1.691231 120 105 82
1.600000 -0.013646 -1.715979 120 105 82
0.800000 -0.013646 -1.715979 120 105 82
0.800000 -0.013646 -1.715979 120 106 82
1.600000 -0.013646 -1.715979 120 106 82
1.600000 0.052968 -1.782594 120 106 82
0.800000 -0.013646 -1.715979 120 106 82
1.600000 0.052968 -1.782594 120 106 82
0.800000 0.052968 -1.782594 120 106 82
0.800000 0.052968 -1.782594 120 106 82
1.600000 0.052968 -1.782594 120 106 82
1.600000 0.077717 -1.757845 120 106 82
0.800000 0.052968 -1.782594 120 106 82
1.600000 0.077717 -1.757845 120 106 82
0.800000 0.077717 -1.757845 120 106 82
0.800000 0.103622 -1.783751 47 61 86
1.600000 0.103622 -1.783751 47 61 86
1.600000 0.123421 -1.763952 47 61 86
0.800000 0.103622 -1.783751 47 61 86
1.600000 0.123421 -1.763952 47 61 86
0.800000 0.123421 -1.763952 47 61 86
0.800000 0.123421 -1.763952 47 61 86
1.600000 0.123421 -1.763952 47 61 86
1.600000 0.186335 -1.826865 47 61 86
0.800000 0.123421 -1.763952 47 61 86
1.600000 0.186335 -1.826865 47 61 86
0.800000 0.186335 -1.826865 47 61 86
0.800000 0.186335 -1.826865 47 61 86
1.600000 0.186335 -1.826865 47 61 86
1.600000 0.166536 -1.846664 47 61 86
0.800000 0.186335 -1.826865 47 61 86
1.600000 0.166536 -1.846664 47 61 86
0.800000 0.166536 -1.846664 47 61 86
1.600000 0.000000 -1.680128 120 106 82
2.400000 0.000000 -1.680128 120 106 82
2.400000 0.011102 -1.691231 120 106 82
1.600000 0.000000 -1.680128 120 106 82
2.400000 0.011102 -1.691231 120 106 82
1.600000 0.011102 -1.691231 120 106 82
1.600000 0.077717 -1.757845 121 106 82
2.400000 0.077717 -1.757845 121 106 82
2.400000 0.185040 -1.865168 121 106 82
1.600000 0.077717 -1.757845 121 106 82
2.400000 0.185040 -1.865168 121 106 82
1.600000 0.185040 -1.865168 121 106 82
1.600000 0.011102 -1.691231 120 106 82
2.400000 0.011102 -1.691231 120 106 82
2.400000 -0.013646 -1.715979 120 106 82
1.600000 0.011102 -1.691231 120 106 82
2.400000 -0.013646 -1.715979 120 106 82
1.600000 -0.013646 -1.715979 120 106 82
1.600000 -0.013646 -1.715979 120 106 82
2.400000 -0.013646 -1.715979 120 106 82
2.400000 0.052968 -1.782594 120 106 82
1.600000 -0.013646 -1.715979 120 106 82
2.400000 0.052968 -1.782594 120 106 82
1.600000 0.052968 -1.782594 120 106 82
1.600000 0.052968 -1.782594 120 106 82
2.400000 0.052968 -1.782594 120 106 82
2.400000 0.077717 -1.757845 120 106 82
1.600000 0.052968 -1.782594 120 106 82
2.400000 0.077717 -1.757845 120 106 82
1.600000 0.077717 -1.757845 120 106 82
1.600000 0.103622 -1.783751 47 61 86
2.400000 0.103622 -1.783751 47 61 86
2.400000 0.123421 -1.763952 47 61 86
1.600000 0.103622 -1.783751 47 61 86
2.400000 0.123421 -1.763952 47 61 86
1.600000 0.123421 -1.763952 47 61 86
1.600000 0.123421 -1.763952 47 61 86
2.400000 0.123421 -1.763952 47 61 86
2.400000 0.186335 -1.826865 47 61 86
1.600000 0.123421 -1.763952 47 61 86
2.400000 0.186335 -1.826865 47 61 86
1.600000 0.186335 -1.826865 47 61 86
1.600000 0.186335 -1.826865 47 61 86
2.400000 0.186335 -1.826865 47 61 86
2.400000 0.166536 -1.846664 47 61 86
1.600000 0.186335 -1.826865 47 61 86
2.400000 0.166536 -1.846664 47 61 86
1.600000 0.166536 -1.846664 47 61 86
2.400000 0.000000 -1.680128 120 105 82
3.200000 0.000000 -1.680128 120 105 82
3.200000 0.011102 -1.691231 120 105 82
2.400000 0.000000 -1.680128 120 105 82
3.200000 0.011102 -1.691231 120 105 82
2.400000 0.011102 -1.691231 120 105 82
2.400000 0.077717 -1.757845 120 105 81
3.200000 0.077717 -1.757845 120 105 81
3.200000 0.185040 -1.865168 120 105 81
2.400000 0.077717 -1.757845 120 105 81
3.200000 0.185040 -1.865168 120 105 81
2.400000 0.185040 -1.865168 120 105 81
2.400000 0.011102 -1.691231 120 105 82
3.200000 0.011102 -1.691231 120 105 82
3.200000 -0.013646 -1.715979 120 105 82
2.400000 0.011102 -1.691231 120 105 82
3.200000 -0.013646 -1.715979 120 105 82
2.400000 -0.013646 -1.715979 120 105 82
2.400000 -0.013646 -1.715979 120 106 82
3.200000 -0.013646 -1.715979 120 106 82
3.200000 0.052968 -1.782594 120 106 82
2.400000 -0.013646 -1.715979 120 106 82
3.200000 0.052968 -1.782594 120 106 82
2.400000 0.052968 -1.782594 120 106 82
2.400000 0.052968 -1.782594 120 105 82
3.200000 0.052968 -1.782594 120 105 82
3.200000 0.077717 -1.757845 120 105 82
2.400000 0.052968 -1.782594 120 105 82
3.200000 0.077717 -1.757845 120 105 82
2.400000 0.077717 -1.757845 120 105 82
2.400000 0.103622 -1.783751 46 60 85
3.200000 0.103622 -1.783751 46 60 85
3.200000 0.123421 -1.763952 46 60 85
2.400000 0.103622 -1.783751 46 60 85
3.200000 0.123421 -1.763952 46 60 85
2.400000 0.123421 -1.763952 46 60 85
2.400000 0.123421 -1.763952 46 60 85
3.200000 0.123421 -1.763952 46 60 85
3.200000 0.186335 -1.826865 46 60 85
2.400000 0.123421 -1.763952 46 60 85
3.200000 0.186335 -1.826865 46 60 85
2.400000 0.186335 -1.826865 46 60 85
2.400000 0.186335 -1.826865 46 60 85
3.200000 0.186335 -1.826865 46 60 85
3.200000 0.166536 -1.846664 46 60 85
2.400000 0.186335 -1.826865 46 60 85
3.200000 0.166536 -1.846664 46 60 85
2.400000 0.166536 -1.846664 46 60 85
0.296745 1.022709 -2.174099 119 104 81
0.056922 1.651765 -2.616209 119 104 81
0.013973 1.625549 -2.601486 119 104 81
0.296745 1.022709 -2.174099 119 104 81
0.013973 1.625549 -2.601486 119 104 81
0.224574 1.073144 -2.213248 119 104 81
0.224574 1.073144 -2.213248 112 98 75
0.013973 1.625549 -2.601486 112 98 75
0.016286 1.603181 -2.634567 112 98 75
0.224574 1.073144 -2.213248 112 98 75
0.016286 1.603181 -2.634567 112 98 75
0.226887 1.050776 -2.246329 112 98 75
0.056922 1.651765 -2.616209 119 105 81
-0.141321 1.772196 -2.711502 119 105 81
-0.158246 1.730171 -2.684270 119 105 81
0.056922 1.651765 -2.616209 119 105 81
-0.158246 1.730171 -2.684270 119 105 81
0.013973 1.625549 -2.601486 119 105 81
0.013973 1.625549 -2.601486 112 98 75
-0.158246 1.730171 -2.684270 112 98 75
-0.155932 1.707803 -2.717351 112 98 75
0.013973 1.625549 -2.601486 112 98 75
-0.155932 1.707803 -2.717351 112 98 75
0.016286 1.603181 -2.634567 112 98 75
-0.141321 1.772196 -2.711502 119 104 81
-1.043637 1.739940 -2.752788 119 104 81
-1.025948 1.699152 -2.723972 119 104 81
-0.141321 1.772196 -2.711502 119 104 81
-1.025948 1.699152 -2.723972 119 104 81
-0.158246 1.730171 -2.684270 119 104 81
-0.158246 1.730171 -2.684270 112 98 75
-1.025948 1.699152 -2.723972 112 98 75
-1.023635 1.676784 -2.757053 112 98 75
-0.158246 1.730171 -2.684270 112 98 75
-1.023635 1.676784 -2.757053 112 98 75
-0.155932 1.707803 -2.717351 112 98 75
-1.043637 1.739940 -2.752788 119 105 81
-1.193651 1.634811 -2.692194 119 105 81
-1.150017 1.612205 -2.673858 119 105 81
-1.043637 1.739940 -2.752788 119 105 81
-1.150017 1.612205 -2.673858 119 105 81
-1.025948 1.699152 -2.723972 119 105 81
-1.025948 1.699152 -2.723972 113 98 75
-1.150017 1.612205 -2.673858 113 98 75
-1.147704 1.589837 -2.706939 113 98 75
-1.025948 1.699152 -2.723972 113 98 75
-1.147704 1.589837 -2.706939 113 98 75
-1.023635 1.676784 -2.757053 113 98 75
-1.193651 1.634811 -2.692194 120 106 82
-1.337892 1.212023 -2.416410 120 106 82
-1.274688 1.246779 -2.435491 120 106 82
-1.193651 1.634811 -2.692194 120 106 82
-1.274688 1.246779 -2.435491 120 106 82
-1.150017 1.612205 -2.673858 120 106 82
-1.150017 1.612205 -2.673858 113 99 76
-1.274688 1.246779 -2.435491 113 99 76
-1.272375 1.224411 -2.468572 113 99 76
-1.150017 1.612205 -2.673858 113 99 76
-1.272375 1.224411 -2.468572 113 99 76
-1.147704 1.589837 -2.706939 113 99 76
-1.337892 1.212023 -2.416410 119 105 81
0.296745 1.022709 -2.174099 119 105 81
0.224574 1.073144 -2.213248 119 105 81
-1.337892 1.212023 -2.416410 119 105 81
0.224574 1.073144 -2.213248 119 105 81
-1.274688 1.246779 -2.435491 119 105 81
-1.274688 1.246779 -2.435491 112 98 75
0.224574 1.073144 -2.213248 112 98 75
0.226887 1.050776 -2.246329 112 98 75
-1.274688 1.246779 -2.435491 112 98 75
0.226887 1.050776 -2.246329 112 98 75
-1.272375 1.224411 -2.468572 112 98 75
0.246699 1.153979 -2.266358 120 105 81
0.474829 1.763742 -2.114327 120 105 81
0.417022 1.699444 -2.172901 120 105 81
0.246699 1.153979 -2.266358 120 105 81
0.417022 1.699444 -2.172901 120 105 81
0.249186 1.250838 -2.284752 120 105 81
0.249186 1.250838 -2.284752 113 98 75
0.417022 1.699444 -2.172901 113 98 75
0.448064 1.693971 -2.197528 113 98 75
0.249186 1.250838 -2.284752 113 98 75
0.448064 1.693971 -2.197528 113 98 75
0.280227 1.245364 -2.309378 113 98 75
0.474829 1.763742 -2.114327 119 105 81
0.056922 1.651765 -2.616209 119 105 81
0.109566 1.617061 -2.542139 119 105 81
0.474829 1.763742 -2.114327 119 105 81
0.109566 1.617061 -2.542139 119 105 81
0.417022 1.699444 -2.172901 119 105 81
0.417022 1.699444 -2.172901 112 98 75
0.109566 1.617061 -2.542139 112 98 75
0.140607 1.611588 -2.566766 112 98 75
0.417022 1.699444 -2.172901 112 98 75
0.140607 1.611588 -2.566766 112 98 75
0.448064 1.693971 -2.197528 112 98 75
0.056922 1.651765 -2.616209 119 105 81
0.246699 1.153979 -2.266358 119 105 81
0.249186 1.250838 -2.284752 119 105 81
0.056922 1.651765 -2.616209 119 105 81
0.249186 1.250838 -2.284752 119 105 81
0.109566 1.617061 -2.542139 119 105 81
0.109566 1.617061 -2.542139 113 98 75
0.249186 1.250838 -2.284752 113 98 75
0.280227 1.245364 -2.309378 113 98 75
0.109566 1.617061 -2.542139 113 98 75
0.280227 1.245364 -2.309378 113 98 75
0.140607 1.611588 -2.566766 113 98 75
0.474829 1.763742 -2.114327 119 105 81
0.129828 2.353678 -1.967239 119 105 81
0.142588 2.269485 -2.023997 119 105 81
0.474829 1.763742 -2.114327 119 105 81
0.142588 2.269485 -2.023997 119 105 81
0.418617 1.797489 -2.141678 119 105 81
0.418617 1.797489 -2.141678 112 98 75
0.142588 2.269485 -2.023997 112 98 75
0.166734 2.289746 -2.048623 112 98 75
0.418617 1.797489 -2.141678 112 98 75
0.166734 2.289746 -2.048623 112 98 75
0.442763 1.817750 -2.166305 112 98 75
0.129828 2.353678 -1.967239 120 105 82
-0.141321 1.772196 -2.711502 120 105 82
-0.086635 1.777914 -2.653179 120 105 82
0.129828 2.353678 -1.967239 120 105 82
-0.086635 1.777914 -2.653179 120 105 82
0.142588 2.269485 -2.023997 120 105 82
0.142588 2.269485 -2.023997 113 98 75
-0.086635 1.777914 -2.653179 113 98 75
-0.062489 1.798175 -2.677805 113 98 75
0.142588 2.269485 -2.023997 113 98 75
-0.062489 1.798175 -2.677805 113 98 75
0.166734 2.289746 -2.048623 113 98 75
-0.141321 1.772196 -2.711502 119 105 81
0.056922 1.651765 -2.616209 119 105 81
0.045648 1.697553 -2.589592 119 105 81
-0.141321 1.772196 -2.711502 119 105 81
0.045648 1.697553 -2.589592 119 105 81
-0.086635 1.777914 -2.653179 119 105 81
-0.086635 1.777914 -2.653179 113 98 75
0.045648 1.697553 -2.589592 113 98 75
0.069794 1.717813 -2.614218 113 98 75
-0.086635 1.777914 -2.653179 113 98 75
0.069794 1.717813 -2.614218 113 98 75
-0.062489 1.798175 -2.677805 113 98 75
0.056922 1.651765 -2.616209 119 105 81
0.474829 1.763742 -2.114327 119 105 81
0.418617 1.797489 -2.141678 119 105 81
0.056922 1.651765 -2.616209 119 105 81
0.418617 1.797489 -2.141678 119 105 81
0.045648 1.697553 -2.589592 119 105 81
0.045648 1.697553 -2.589592 112 98 75
0.418617 1.797489 -2.141678 112 98 75
0.442763 1.817750 -2.166305 112 98 75
0.045648 1.697553 -2.589592 112 98 75
0.442763 1.817750 -2.166305 112 98 75
0.069794 1.717813 -2.614218 112 98 75
0.129828 2.353678 -1.967239 119 105 81
-1.329828 2.353678 -1.967239 119 105 81
-1.263454 2.322895 -2.006640 119 105 81
0.129828 2.353678 -1.967239 119 105 81
-1.263454 2.322895 -2.006640 119 105 81
0.063454 2.322895 -2.006640 119 105 81
0.063454 2.322895 -2.006640 112 98 75
-1.263454 2.322895 -2.006640 112 98 75
-1.263454 2.354416 -2.031266 112 98 75
0.063454 2.322895 -2.006640 112 98 75
-1.263454 2.354416 -2.031266 112 98 75
0.063454 2.354416 -2.031266 112 98 75
-1.329828 2.353678 -1.967239 120 105 81
-1.043637 1.739940 -2.752788 120 105 81
-1.006613 1.772099 -2.711627 120 105 81
-1.329828 2.353678 -1.967239 120 105 81
-1.006613 1.772099 -2.711627 120 105 81
-1.263454 2.322895 -2.006640 120 105 81
-1.263454 2.322895 -2.006640 113 98 75
-1.006613 1.772099 -2.711627 113 98 75
-1.006613 1.803619 -2.736254 113 98 75
-1.263454 2.322895 -2.006640 113 98 75
-1.006613 1.803619 -2.736254 113 98 75
-1.263454 2.354416 -2.031266 113 98 75
-1.043637 1.739940 -2.752788 119 104 81
-0.141321 1.772196 -2.711502 119 104 81
-0.179601 1.801663 -2.673787 119 104 81
-1.043637 1.739940 -2.752788 119 104 81
-0.179601 1.801663 -2.673787 119 104 81
-1.006613 1.772099 -2.711627 119 104 81
-1.006613 1.772099 -2.711627 112 98 75
-0.179601 1.801663 -2.673787 112 98 75
-0.179601 1.833183 -2.698413 112 98 75
-1.006613 1.772099 -2.711627 112 98 75
-0.179601 1.833183 -2.698413 112 98 75
-1.006613 1.803619 -2.736254 112 98 75
-0.141321 1.772196 -2.711502 120 105 82
0.129828 2.353678 -1.967239 120 105 82
0.063454 2.322895 -2.006640 120 105 82
-0.141321 1.772196 -2.711502 120 105 82
0.063454 2.322895 -2.006640 120 105 82
-0.179601 1.801663 -2.673787 120 105 82
-0.179601 1.801663 -2.673787 113 98 75
0.063454 2.322895 -2.006640 113 98 75
0.063454 2.354416 -2.031266 113 98 75
-0.179601 1.801663 -2.673787 113 98 75
0.063454 2.354416 -2.031266 113 98 75
-0.179601 1.833183 -2.698413 113 98 75
-1.329828 2.353678 -1.967239 120 105 82
-1.674829 1.763742 -2.114327 120 105 82
-1.618617 1.797489 -2.141678 120 105 82
-1.329828 2.353678 -1.967239 120 105 82
-1.618617 1.797489 -2.141678 120 105 82
-1.342588 2.269485 -2.023997 120 105 82
-1.342588 2.269485 -2.023997 113 98 75
-1.618617 1.797489 -2.141678 113 98 75
-1.642763 1.817750 -2.166305 113 98 75
-1.342588 2.269485 -2.023997 113 98 75
-1.642763 1.817750 -2.166305 113 98 75
-1.366734 2.289746 -2.048623 113 98 75
-1.674829 1.763742 -2.114327 119 105 81
-1.193651 1.634811 -2.692194 119 105 81
-1.184137 1.681071 -2.663463 119 105 81
-1.674829 1.763742 -2.114327 119 105 81
-1.184137 1.681071 -2.663463 119 105 81
-1.618617 1.797489 -2.141678 119 105 81
-1.618617 1.797489 -2.141678 112 98 75
-1.184137 1.681071 -2.663463 112 98 75
-1.208283 1.701332 -2.688089 112 98 75
-1.618617 1.797489 -2.141678 112 98 75
-1.208283 1.701332 -2.688089 112 98 75
-1.642763 1.817750 -2.166305 112 98 75
-1.193651 1.634811 -2.692194 119 105 81
-1.043637 1.739940 -2.752788 119 105 81
-1.096760 1.742305 -2.698757 119 105 81
-1.193651 1.634811 -2.692194 119 105 81
-1.096760 1.742305 -2.698757 119 105 81
-1.184137 1.681071 -2.663463 119 105 81
-1.184137 1.681071 -2.663463 113 98 75
-1.096760 1.742305 -2.698757 113 98 75
-1.120906 1.762566 -2.723383 113 98 75
-1.184137 1.681071 -2.663463 113 98 75
-1.120906 1.762566 -2.723383 113 98 75
-1.208283 1.701332 -2.688089 113 98 75
-1.043637 1.739940 -2.752788 119 105 81
-1.329828 2.353678 -1.967239 119 105 81
-1.342588 2.269485 -2.023997 119 105 81
-1.043637 1.739940 -2.752788 119 105 81
-1.342588 2.269485 -2.023997 119 105 81
-1.096760 1.742305 -2.698757 119 105 81
-1.096760 1.742305 -2.698757 113 98 75
-1.342588 2.269485 -2.023997 113 98 75
-1.366734 2.289746 -2.048623 113 98 75
-1.096760 1.742305 -2.698757 113 98 75
-1.366734 2.289746 -2.048623 113 98 75
-1.120906 1.762566 -2.723383 113 98 75
-1.674829 1.763742 -2.114327 119 105 81
-1.428165 1.104439 -2.278710 119 105 81
-1.422177 1.178645 -2.302751 119 105 81
-1.674829 1.763742 -2.114327 119 105 81
-1.422177 1.178645 -2.302751 119 105 81
-1.617022 1.699444 -2.172901 119 105 81
-1.617022 1.699444 -2.172901 113 98 75
-1.422177 1.178645 -2.302751 113 98 75
-1.453218 1.173172 -2.327378 113 98 75
-1.617022 1.699444 -2.172901 113 98 75
-1.453218 1.173172 -2.327378 113 98 75
-1.648064 1.693971 -2.197528 113 98 75
-1.428165 1.104439 -2.278710 120 105 82
-1.337892 1.212023 -2.416410 120 105 82
-1.363747 1.248280 -2.391879 120 105 82
-1.428165 1.104439 -2.278710 120 105 82
-1.363747 1.248280 -2.391879 120 105 82
-1.422177 1.178645 -2.302751 120 105 82
-1.422177 1.178645 -2.302751 113 98 75
-1.363747 1.248280 -2.391879 113 98 75
-1.394788 1.242806 -2.416506 113 98 75
-1.422177 1.178645 -2.302751 113 98 75
-1.394788 1.242806 -2.416506 113 98 75
-1.453218 1.173172 -2.327378 113 98 75
-1.337892 1.212023 -2.416410 120 106 82
-1.193651 1.634811 -2.692194 120 106 82
-1.243931 1.599474 -2.620963 120 106 82
-1.337892 1.212023 -2.416410 120 106 82
-1.243931 1.599474 -2.620963 120 106 82
-1.363747 1.248280 -2.391879 120 106 82
-1.363747 1.248280 -2.391879 113 99 75
-1.243931 1.599474 -2.620963 113 99 75
-1.274972 1.594001 -2.645589 113 99 75
-1.363747 1.248280 -2.391879 113 99 75
-1.274972 1.594001 -2.645589 113 99 75
-1.394788 1.242806 -2.416506 113 99 75
-1.193651 1.634811 -2.692194 119 105 81
-1.674829 1.763742 -2.114327 119 105 81
-1.617022 1.699444 -2.172901 119 105 81
-1.193651 1.634811 -2.692194 119 105 81
-1.617022 1.699444 -2.172901 119 105 81
-1.243931 1.599474 -2.620963 119 105 81
-1.243931 1.599474 -2.620963 112 98 75
-1.617022 1.699444 -2.172901 112 98 75
-1.648064 1.693971 -2.197528 112 98 75
-1.243931 1.599474 -2.620963 112 98 75
-1.648064 1.693971 -2.197528 112 98 75
-1.274972 1.594001 -2.645589 112 98 75
-1.428165 1.104439 -2.278710 120 105 82
-0.408959 1.104439 -2.278710 120 105 82
-0.945216 1.135222 -2.318110 120 105 82
-1.428165 1.104439 -2.278710 120 105 82
-0.945216 1.135222 -2.318110 120 105 82
-1.346057 1.135222 -2.318110 120 105 82
-1.346057 1.135222 -2.318110 113 99 75
-0.945216 1.135222 -2.318110 113 99 75
-0.945216 1.103702 -2.342736 113 99 75
-1.346057 1.135222 -2.318110 113 99 75
-0.945216 1.103702 -2.342736 113 99 75
-1.346057 1.103702 -2.342736 113 99 75
-0.408959 1.104439 -2.278710 120 105 82
-1.337892 1.212023 -2.416410 120 105 82
-1.310554 1.177534 -2.372266 120 105 82
-0.408959 1.104439 -2.278710 120 105 82
-1.310554 1.177534 -2.372266 120 105 82
-0.945216 1.135222 -2.318110 120 105 82
-0.945216 1.135222 -2.318110 113 99 75
-1.310554 1.177534 -2.372266 113 99 75
-1.310554 1.146013 -2.396893 113 99 75
-0.945216 1.135222 -2.318110 113 99 75
-1.310554 1.146013 -2.396893 113 99 75
-0.945216 1.103702 -2.342736 113 99 75
-1.337892 1.212023 -2.416410 120 106 82
-1.428165 1.104439 -2.278710 120 106 82
-1.346057 1.135222 -2.318110 120 106 82
-1.337892 1.212023 -2.416410 120 106 82
-1.346057 1.135222 -2.318110 120 106 82
-1.310554 1.177534 -2.372266 120 106 82
-1.310554 1.177534 -2.372266 113 99 75
-1.346057 1.135222 -2.318110 113 99 75
-1.346057 1.103702 -2.342736 113 99 75
-1.310554 1.177534 -2.372266 113 99 75
-1.346057 1.103702 -2.342736 113 99 75
-1.310554 1.146013 -2.396893 113 99 75
-1.800000 1.054738 -2.097838 120 105 81
-1.600000 1.054738 -2.097838 120 105 81
-1.444257 1.147452 -2.267985 120 105 81
-1.800000 1.054738 -2.097838 120 105 81
-1.444257 1.147452 -2.267985 120 105 81
-1.472031 1.221688 -2.249476 120 105 81
-1.600000 1.054738 -2.097838 120 105 81
-1.200000 1.054738 -2.097838 120 105 81
-1.147425 1.104439 -2.278710 120 105 81
-1.600000 1.054738 -2.097838 120 105 81
-1.147425 1.104439 -2.278710 120 105 81
-1.444257 1.147452 -2.267985 120 105 81
-1.200000 1.054738 -2.097838 119 105 81
-0.800000 1.054738 -2.097838 119 105 81
-0.782475 1.104439 -2.278710 119 105 81
-1.200000 1.054738 -2.097838 119 105 81
-0.782475 1.104439 -2.278710 119 105 81
-1.147425 1.104439 -2.278710 119 105 81
-0.800000 1.054738 -2.097838 119 105 81
-0.400000 1.054738 -2.097838 119 105 81
-0.417525 1.104439 -2.278710 119 105 81
-0.800000 1.054738 -2.097838 119 105 81
-0.417525 1.104439 -2.278710 119 105 81
-0.782475 1.104439 -2.278710 119 105 81
-0.400000 1.054738 -2.097838 119 105 81
0.000000 1.054738 -2.097838 119 105 81
-0.052575 1.104439 -2.278710 119 105 81
-0.400000 1.054738 -2.097838 119 105 81
-0.052575 1.104439 -2.278710 119 105 81
-0.417525 1.104439 -2.278710 119 105 81
0.000000 1.054738 -2.097838 119 105 81
0.400000 1.054738 -2.097838 119 105 81
0.244258 1.147452 -2.267985 119 105 81
0.000000 1.054738 -2.097838 119 105 81
0.244258 1.147452 -2.267985 119 105 81
-0.052575 1.104439 -2.278710 119 105 81
0.400000 1.054738 -2.097838 120 105 81
0.600000 1.054738 -2.097838 120 105 81
0.272031 1.221688 -2.249476 120 105 81
0.400000 1.054738 -2.097838 120 105 81
0.272031 1.221688 -2.249476 120 105 81
0.244258 1.147452 -2.267985 120 105 81
0.600000 1.054738 -2.097838 120 105 81
0.600000 1.437331 -2.080250 120 105 81
0.372910 1.491323 -2.182249 120 105 81
0.600000 1.054738 -2.097838 120 105 81
0.372910 1.491323 -2.182249 120 105 81
0.272031 1.221688 -2.249476 120 105 81
0.600000 1.437331 -2.080250 120 105 81
0.600000 1.803504 -1.995729 120 105 81
0.443113 1.817976 -2.100805 120 105 81
0.600000 1.437331 -2.080250 120 105 81
0.443113 1.817976 -2.100805 120 105 81
0.372910 1.491323 -2.182249 120 105 81
0.600000 1.803504 -1.995729 120 105 81
0.600000 2.293742 -1.761208 120 105 81
0.228076 2.185679 -2.009126 120 105 81
0.600000 1.803504 -1.995729 120 105 81
0.228076 2.185679 -2.009126 120 105 81
0.443113 1.817976 -2.100805 120 105 81
0.600000 2.293742 -1.761208 120 105 81
0.400000 2.293742 -1.761208 120 105 81
0.186632 2.256546 -1.991457 120 105 81
0.600000 2.293742 -1.761208 120 105 81
0.186632 2.256546 -1.991457 120 105 81
0.228076 2.185679 -2.009126 120 105 81
0.400000 2.293742 -1.761208 120 105 82
0.000000 2.293742 -1.761208 120 105 82
-0.048604 2.353678 -1.967239 120 105 82
0.400000 2.293742 -1.761208 120 105 82
-0.048604 2.353678 -1.967239 120 105 82
0.186632 2.256546 -1.991457 120 105 82
0.000000 2.293742 -1.761208 120 105 82
-0.400000 2.293742 -1.761208 120 105 82
-0.416201 2.353678 -1.967239 120 105 82
0.000000 2.293742 -1.761208 120 105 82
-0.416201 2.353678 -1.967239 120 105 82
-0.048604 2.353678 -1.967239 120 105 82
-0.400000 2.293742 -1.761208 119 105 81
-0.800000 2.293742 -1.761208 119 105 81
-0.783799 2.353678 -1.967239 119 105 81
-0.400000 2.293742 -1.761208 119 105 81
-0.783799 2.353678 -1.967239 119 105 81
-0.416201 2.353678 -1.967239 119 105 81
-0.800000 2.293742 -1.761208 120 105 82
-1.200000 2.293742 -1.761208 120 105 82
-1.151396 2.353678 -1.967239 120 105 82
-0.800000 2.293742 -1.761208 120 105 82
-1.151396 2.353678 -1.967239 120 105 82
-0.783799 2.353678 -1.967239 120 105 82
-1.200000 2.293742 -1.761208 120 105 82
-1.600000 2.293742 -1.761208 120 105 82
-1.386632 2.256546 -1.991457 120 105 82
-1.200000 2.293742 -1.761208 120 105 82
-1.386632 2.256546 -1.991457 120 105 82
-1.151396 2.353678 -1.967239 120 105 82
-1.600000 2.293742 -1.761208 120 105 81
-1.800000 2.293742 -1.761208 120 105 81
-1.428076 2.185679 -2.009126 120 105 81
-1.600000 2.293742 -1.761208 120 105 81
-1.428076 2.185679 -2.009126 120 105 81
-1.386632 2.256546 -1.991457 120 105 81
-1.800000 2.293742 -1.761208 119 105 81
-1.800000 1.803504 -1.995729 119 105 81
-1.643113 1.817976 -2.100805 119 105 81
-1.800000 2.293742 -1.761208 119 105 81
-1.643113 1.817976 -2.100805 119 105 81
-1.428076 2.185679 -2.009126 119 105 81
-1.800000 1.803504 -1.995729 119 105 81
-1.800000 1.437331 -2.080250 119 105 81
-1.572910 1.491323 -2.182249 119 105 81
-1.800000 1.803504 -1.995729 119 105 81
-1.572910 1.491323 -2.182249 119 105 81
-1.643113 1.817976 -2.100805 119 105 81
-1.800000 1.437331 -2.080250 120 105 82
-1.800000 1.054738 -2.097838 120 105 82
-1.472031 1.221688 -2.249476 120 105 82
-1.800000 1.437331 -2.080250 120 105 82
-1.472031 1.221688 -2.249476 120 105 82
-1.572910 1.491323 -2.182249 120 105 82
3 0 1 2
3 3 4 5
3 6 7 8
3 9 10 11
3 12 13 14
3 15 16 17
3 18 19 20
3 21 22 23
3 24 25 26
3 27 28 29
3 30 31 32
3 33 34 35
3 36 37 38
3 39 40 41
3 42 43 44
3 45 46 47
3 48 49 50
3 51 52 53
3 54 55 56
3 57 58 59
3 60 61 62
3 63 64 65
3 66 67 68
3 69 70 71
3 72 73 74
3 75 76 77
3 78 79 80
3 81 82 83
3 84 85 86
3 87 88 89
3 90 91 92
3 93 94 95
3 96 97 98
3 99 100 101
3 102 103 104
3 105 106 107
3 108 109 110
3 111 112 113
3 114 115 116
3 117 118 119
3 120 121 122
3 123 124 125
3 126 127 128
3 129 130 131
3 132 133 134
3 135 136 137
3 138 139 140
3 141 142 143
3 144 145 146
3 147 148 149
3 150 151 152
3 153 154 155
3 156 157 158
3 159 160 161
3 162 163 164
3 165 166 167
3 168 169 170
3 171 172 173
3 174 175 176
3 177 178 179
3 180 181 182
3 183 184 185
3 186 187 188
3 189 190 191
3 192 193 194
3 195 196 197
3 198 199 200
3 201 202 203
3 204 205 206
3 207 208 209
3 210 211 212
3 213 214 215
3 216 217 218
3 219 220 221
3 222 223 224
3 225 226 227
3 228 229 230
3 231 232 233
3 234 235 236
3 237 238 239
3 240 241 242
3 243 244 245
3 246 247 248
3 249 250 251
3 252 253 254
3 255 256 257
3 258 259 260
3 261 262 263
3 264 265 266
3 267 268 269
3 270 271 272
3 273 274 275
3 276 277 278
3 279 280 281
3 282 283 284
3 285 286 287
3 288 289 290
3 291 292 293
3 294 295 296
3 297 298 299
3 300 301 302
3 303 304 305
3 306 307 308
3 309 310 311
3 312 313 314
3 315 316 317
3 318 319 320
3 321 322 323
3 324 325 326
3 327 328 329
3 330 331 332
3 333 334 335
3 336 337 338
3 339 340 341
3 342 343 344
3 345 346 347
3 348 349 350
3 351 352 353
3 354 355 356
3 357 358 359
3 360 361 362
3 363 364 365
3 366 367 368
3 369 370 371
3 372 373 374
3 375 376 377
3 378 379 380
3 381 382 383
3 384 385 386
3 387 388 389
3 390 391 392
3 393 394 395
3 396 397 398
3 399 400 401
3 402 403 404
3 405 406 407
3 408 409 410
3 411 412 413
3 414 415 416
3 417 418 419
3 420 421 422
3 423 424 425
3 426 427 428
3 429 430 431
3 432 433 434
3 435 436 437
3 438 439 440
3 441 442 443
3 444 445 446
3 447 448 449
3 450 451 452
3 453 454 455
3 456 457 458
3 459 460 461
3 462 463 464
3 465 466 467
3 468 469 470
3 471 472 473
3 474 475 476
3 477 478 479
3 480 481 482
3 483 484 485
3 486 487 488
3 489 490 491
3 492 493 494
3 495 496 497
3 498 499 500
3 501 502 503
3 504 505 506
3 507 508 509
3 510 511 512
3 513 514 515
3 516 517 518
3 519 520 521
3 522 523 524
3 525 526 527
3 528 529 530
3 531 532 533
3 534 535 536
3 537 538 539
3 540 541 542
3 543 544 545
3 546 547 548
3 549 550 551
3 552 553 554
3 555 556 557
3 558 559 560
3 561 562 563
3 564 565 566
3 567 568 569
3 570 571 572
3 573 574 575
3 576 577 578
3 579 580 581
3 582 583 584
3 585 586 587
3 588 589 590
3 591 592 593
3 594 595 596
3 597 598 599
3 600 601 602
3 603 604 605
3 606 607 608
3 609 610 611
3 612 613 614
3 615 616 617
3 618 619 620
3 621 622 623
3 624 625 626
3 627 628 629
3 630 631 632
3 633 634 635
3 636 637 638
3 639 640 641
3 642 643 644
3 645 646 647
3 648 649 650
3 651 652 653
3 654 655 656
3 657 658 659
3 660 661 662
3 663 664 665
3 666 667 668
3 669 670 671
3 672 673 674
3 675 676 677
3 678 679 680
3 681 682 683
3 684 685 686
3 687 688 689
3 690 691 692
3 693 694 695
3 696 697 698
3 699 700 701
3 702 703 704
3 705 706 707
3 708 709 710
3 711 712 713
3 714 715 716
3 717 718 719
3 720 721 722
3 723 724 725
3 726 727 728
3 729 730 731
3 732 733 734
3 735 736 737
3 738 739 740
3 741 742 743
3 744 745 746
3 747 748 749
3 750 751 752
3 753 754 755
3 756 757 758
3 759 760 761
3 762 763 764
3 765 766 767
3 768 769 770
3 771 772 773
3 774 775 776
3 777 778 779
3 780 781 782
3 783 784 785
3 786 787 788
3 789 790 791
3 792 793 794
3 795 796 797
3 798 799 800
3 801 802 803
3 804 805 806
3 807 808 809
3 810 811 812
3 813 814 815
3 816 817 818
3 819 820 821
3 822 823 824
3 825 826 827
3 828 829 830
3 831 832 833
3 834 835 836
3 837 838 839
3 840 841 842
3 843 844 845
3 846 847 848
3 849 850 851
3 852 853 854
3 855 856 857
3 858 859 860
3 861 862 863
3 864 865 866
3 867 868 869
3 870 871 872
3 873 874 875
3 876 877 878
3 879 880 881
3 882 883 884
3 885 886 887
3 888 889 890
3 891 892 893
3 894 895 896
3 897 898 899
3 900 901 902
3 903 904 905
3 906 907 908
3 909 910 911
3 912 913 914
3 915 916 917
3 918 919 920
3 921 922 923
3 924 925 926
3 927 928 929
3 930 931 932
3 933 934 935
3 936 937 938
3 939 940 941
3 942 943 944
3 945 946 947
3 948 949 950
3 951 952 953
3 954 955 956
3 957 958 959
3 960 961 962
3 963 964 965
3 966 967 968
3 969 970 971
3 972 973 974
3 975 976 977
3 978 979 980
3 981 982 983
3 984 985 986
3 987 988 989
3 990 991 992
3 993 994 995
3 996 997 998
3 999 1000 1001
3 1002 1003 1004
3 1005 1006 1007
3 1008 1009 1010
3 1011 1012 1013
3 1014 1015 1016
3 1017 1018 1019
3 1020 1021 1022
3 1023 1024 1025
3 1026 1027 1028
3 1029 1030 1031
3 1032 1033 1034
3 1035 1036 1037
3 1038 1039 1040
3 1041 1042 1043
3 1044 1045 1046
3 1047 1048 1049
3 1050 1051 1052
3 1053 1054 1055
3 1056 1057 1058
3 1059 1060 1061
3 1062 1063 1064
3 1065 1066 1067
3 1068 1069 1070
3 1071 1072 1073
3 1074 1075 1076
3 1077 1078 1079
3 1080 1081 1082
3 1083 1084 1085
3 1086 1087 1088
3 1089 1090 1091
3 1092 1093 1094
3 1095 1096 1097
3 1098 1099 1100
3 1101 1102 1103
3 1104 1105 1106
3 1107 1108 1109
3 1110 1111 1112
3 1113 1114 1115
3 1116 1117 1118
3 1119 1120 1121
3 1122 1123 1124
3 1125 1126 1127
3 1128 1129 1130
3 1131 1132 1133
3 1134 1135 1136
3 1137 1138 1139
3 1140 1141 1142
3 1143 1144 1145
3 1146 1147 1148
3 1149 1150 1151
3 1152 1153 1154
3 1155 1156 1157
3 1158 1159 1160
3 1161 1162 1163
3 1164 1165 1166
3 1167 1168 1169
3 1170 1171 1172
3 1173 1174 1175
3 1176 1177 1178
3 1179 1180 1181
3 1182 1183 1184
3 1185 1186 1187
3 1188 1189 1190
3 1191 1192 1193
3 1194 1195 1196
3 1197 1198 1199
3 1200 1201 1202
3 1203 1204 1205
3 1206 1207 1208
3 1209 1210 1211
3 1212 1213 1214
3 1215 1216 1217
3 1218 1219 1220
3 1221 1222 1223
3 1224 1225 1226
3 1227 1228 1229
3 1230 1231 1232
3 1233 1234 1235
3 1236 1237 1238
3 1239 1240 1241
3 1242 1243 1244
3 1245 1246 1247
3 1248 1249 1250
3 1251 1252 1253
3 1254 1255 1256
3 1257 1258 1259
3 1260 1261 1262
3 1263 1264 1265
3 1266 1267 1268
3 1269 1270 1271
3 1272 1273 1274
3 1275 1276 1277
3 1278 1279 1280
3 1281 1282 1283
3 1284 1285 1286
3 1287 1288 1289
3 1290 1291 1292
3 1293 1294 1295
3 1296 1297 1298
3 1299 1300 1301
3 1302 1303 1304
3 1305 1306 1307
3 1308 1309 1310
3 1311 1312 1313
3 1314 1315 1316
3 1317 1318 1319
3 1320 1321 1322
3 1323 1324 1325
3 1326 1327 1328
3 1329 1330 1331
3 1332 1333 1334
3 1335 1336 1337
3 1338 1339 1340
3 1341 1342 1343
3 1344 1345 1346
3 1347 1348 1349
3 1350 1351 1352
3 1353 1354 1355
3 1356 1357 1358
3 1359 1360 1361
3 1362 1363 1364
3 1365 1366 1367
3 1368 1369 1370
3 1371 1372 1373
3 1374 1375 1376
3 1377 1378 1379
3 1380 1381 1382
3 1383 1384 1385
3 1386 1387 1388
3 1389 1390 1391
3 1392 1393 1394
3 1395 1396 1397
3 1398 1399 1400
3 1401 1402 1403
3 1404 1405 1406
3 1407 1408 1409
3 1410 1411 1412
3 1413 1414 1415
3 1416 1417 1418
3 1419 1420 1421
3 1422 1423 1424
3 1425 1426 1427
3 1428 1429 1430
3 1431 1432 1433
3 1434 1435 1436
3 1437 1438 1439
3 1440 1441 1442
3 1443 1444 1445
3 1446 1447 1448
3 1449 1450 1451
3 1452 1453 1454
3 1455 1456 1457
3 1458 1459 1460
3 1461 1462 1463
3 1464 1465 1466
3 1467 1468 1469
3 1470 1471 1472
3 1473 1474 1475
3 1476 1477 1478
3 1479 1480 1481
3 1482 1483 1484
3 1485 1486 1487
3 1488 1489 1490
3 1491 1492 1493
3 1494 1495 1496
3 1497 1498 1499
3 1500 1501 1502
3 1503 1504 1505
3 1506 1507 1508
3 1509 1510 1511
3 1512 1513 1514
3 1515 1516 1517
3 1518 1519 1520
3 1521 1522 1523
3 1524 1525 1526
3 1527 1528 1529
3 1530 1531 1532
3 1533 1534 1535
3 1536 1537 1538
3 1539 1540 1541
3 1542 1543 1544
3 1545 1546 1547
3 1548 1549 1550
3 1551 1552 1553
3 1554 1555 1556
3 1557 1558 1559
3 1560 1561 1562
3 1563 1564 1565
3 1566 1567 1568
3 1569 1570 1571
3 1572 1573 1574
3 1575 1576 1577
3 1578 1579 1580
3 1581 1582 1583
3 1584 1585 1586
3 1587 1588 1589
3 1590 1591 1592
3 1593 1594 1595
3 1596 1597 1598
3 1599 1600 1601
3 1602 1603 1604
3 1605 1606 1607
3 1608 1609 1610
3 1611 1612 1613
3 1614 1615 1616
3 1617 1618 1619
3 1620 1621 1622
3 1623 1624 1625
3 1626 1627 1628
3 1629 1630 1631
3 1632 1633 1634
3 1635 1636 1637
3 1638 1639 1640
3 1641 1642 1643
3 1644 1645 1646
3 1647 1648 1649
3 1650 1651 1652
3 1653 1654 1655
3 1656 1657 1658
3 1659 1660 1661
3 1662 1663 1664
3 1665 1666 1667
3 1668 1669 1670
3 1671 1672 1673
3 1674 1675 1676
3 1677 1678 1679
3 1680 1681 1682
3 1683 1684 1685
3 1686 1687 1688
3 1689 1690 1691
3 1692 1693 1694
3 1695 1696 1697
3 1698 1699 1700
3 1701 1702 1703
3 1704 1705 1706
3 1707 1708 1709
3 1710 1711 1712
3 1713 1714 1715
3 1716 1717 1718
3 1719 1720 1721
3 1722 1723 1724
3 1725 1726 1727
3 1728 1729 1730
3 1731 1732 1733
3 1734 1735 1736
3 1737 1738 1739
3 1740 1741 1742
3 1743 1744 1745
3 1746 1747 1748
3 1749 1750 1751
3 1752 1753 1754
3 1755 1756 1757
3 1758 1759 1760
3 1761 1762 1763
3 1764 1765 1766
3 1767 1768 1769
3 1770 1771 1772
3 1773 1774 1775
3 1776 1777 1778
3 1779 1780 1781
3 1782 1783 1784
3 1785 1786 1787
3 1788 1789 1790
3 1791 1792 1793
3 1794 1795 1796
3 1797 1798 1799
3 1800 1801 1802
3 1803 1804 1805
3 1806 1807 1808
3 1809 1810 1811
3 1812 1813 1814
3 1815 1816 1817
3 1818 1819 1820
3 1821 1822 1823
3 1824 1825 1826
3 1827 1828 1829
3 1830 1831 1832
3 1833 1834 1835
3 1836 1837 1838
3 1839 1840 1841
3 1842 1843 1844
3 1845 1846 1847
3 1848 1849 1850
3 1851 1852 1853
3 1854 1855 1856
3 1857 1858 1859
3 1860 1861 1862
3 1863 1864 1865
3 1866 1867 1868
3 1869 1870 1871
3 1872 1873 1874
3 1875 1876 1877
3 1878 1879 1880
3 1881 1882 1883
3 1884 1885 1886
3 1887 1888 1889
3 1890 1891 1892
3 1893 1894 1895
3 1896 1897 1898
3 1899 1900 1901
3 1902 1903 1904
3 1905 1906 1907
3 1908 1909 1910
3 1911 1912 1913
3 1914 1915 1916
3 1917 1918 1919
3 1920 1921 1922
3 1923 1924 1925
3 1926 1927 1928
3 1929 1930 1931
3 1932 1933 1934
3 1935 1936 1937
3 1938 1939 1940
3 1941 1942 1943
3 1944 1945 1946
3 1947 1948 1949
3 1950 1951 1952
3 1953 1954 1955
3 1956 1957 1958
3 1959 1960 1961
3 1962 1963 1964
3 1965 1966 1967
3 1968 1969 1970
3 1971 1972 1973
3 1974 1975 1976
3 1977 1978 1979
3 1980 1981 1982
3 1983 1984 1985
3 1986 1987 1988
3 1989 1990 1991
3 1992 1993 1994
3 1995 1996 1997
3 1998 1999 2000
3 2001 2002 2003
3 2004 2005 2006
3 2007 2008 2009
3 2010 2011 2012
3 2013 2014 2015
3 2016 2017 2018
3 2019 2020 2021
3 2022 2023 2024
3 2025 2026 2027
3 2028 2029 2030
3 2031 2032 2033
3 2034 2035 2036
3 2037 2038 2039
3 2040 2041 2042
3 2043 2044 2045
3 2046 2047 2048
3 2049 2050 2051
3 2052 2053 2054
3 2055 2056 2057
3 2058 2059 2060
3 2061 2062 2063
3 2064 2065 2066
3 2067 2068 2069
3 2070 2071 2072
3 2073 2074 2075
3 2076 2077 2078
3 2079 2080 2081
3 2082 2083 2084
3 2085 2086 2087
3 2088 2089 2090
3 2091 2092 2093
3 2094 2095 2096
3 2097 2098 2099
3 2100 2101 2102
3 2103 2104 2105
3 2106 2107 2108
3 2109 2110 2111
3 2112 2113 2114
3 2115 2116 2117
3 2118 2119 2120
3 2121 2122 2123
3 2124 2125 2126
3 2127 2128 2129
3 2130 2131 2132
3 2133 2134 2135
3 2136 2137 2138
3 2139 2140 2141
3 2142 2143 2144
3 2145 2146 2147
3 2148 2149 2150
3 2151 2152 2153
3 2154 2155 2156
3 2157 2158 2159
3 2160 2161 2162
3 2163 2164 2165
3 2166 2167 2168
3 2169 2170 2171
3 2172 2173 2174
3 2175 2176 2177
3 2178 2179 2180
3 2181 2182 2183
3 2184 2185 2186
3 2187 2188 2189
3 2190 2191 2192
3 2193 2194 2195
3 2196 2197 2198
3 2199 2200 2201
3 2202 2203 2204
3 2205 2206 2207
3 2208 2209 2210
3 2211 2212 2213
3 2214 2215 2216
3 2217 2218 2219
3 2220 2221 2222
3 2223 2224 2225
3 2226 2227 2228
3 2229 2230 2231
3 2232 2233 2234
3 2235 2236 2237
3 2238 2239 2240
3 2241 2242 2243
3 2244 2245 2246
3 2247 2248 2249
3 2250 2251 2252
3 2253 2254 2255
3 2256 2257 2258
3 2259 2260 2261
3 2262 2263 2264
3 2265 2266 2267
3 2268 2269 2270
3 2271 2272 2273
3 2274 2275 2276
3 2277 2278 2279
3 2280 2281 2282
3 2283 2284 2285
3 2286 2287 2288
3 2289 2290 2291
3 2292 2293 2294
3 2295 2296 2297
3 2298 2299 2300
3 2301 2302 2303
3 2304 2305 2306
3 2307 2308 2309
3 2310 2311 2312
3 2313 2314 2315
3 2316 2317 2318
3 2319 2320 2321
3 2322 2323 2324
3 2325 2326 2327
3 2328 2329 2330
3 2331 2332 2333
3 2334 2335 2336
3 2337 2338 2339
3 2340 2341 2342
3 2343 2344 2345
3 2346 2347 2348
3 2349 2350 2351
3 2352 2353 2354
3 2355 2356 2357
3 2358 2359 2360
3 2361 2362 2363
3 2364 2365 2366
3 2367 2368 2369
3 2370 2371 2372
3 2373 2374 2375
3 2376 2377 2378
3 2379 2380 2381
3 2382 2383 2384
3 2385 2386 2387
3 2388 2389 2390
3 2391 2392 2393
3 2394 2395 2396
3 2397 2398 2399
3 2400 2401 2402
3 2403 2404 2405
3 2406 2407 2408
3 2409 2410 2411
3 2412 2413 2414
3 2415 2416 2417
3 2418 2419 2420
3 2421 2422 2423
3 2424 2425 2426
3 2427 2428 2429
3 2430 2431 2432
3 2433 2434 2435
3 2436 2437 2438
3 2439 2440 2441
3 2442 2443 2444
3 2445 2446 2447
3 2448 2449 2450
3 2451 2452 2453
3 2454 2455 2456
3 2457 2458 2459
3 2460 2461 2462
3 2463 2464 2465
3 2466 2467 2468
3 2469 2470 2471
3 2472 2473 2474
3 2475 2476 2477
3 2478 2479 2480
3 2481 2482 2483
3 2484 2485 2486
3 2487 2488 2489
3 2490 2491 2492
3 2493 2494 2495
3 2496 2497 2498
3 2499 2500 2501
3 2502 2503 2504
3 2505 2506 2507
3 2508 2509 2510
3 2511 2512 2513
3 2514 2515 2516
3 2517 2518 2519
3 2520 2521 2522
3 2523 2524 2525
3 2526 2527 2528
3 2529 2530 2531
3 2532 2533 2534
3 2535 2536 2537
3 2538 2539 2540
3 2541 2542 2543
3 2544 2545 2546
3 2547 2548 2549
3 2550 2551 2552
3 2553 2554 2555
3 2556 2557 2558
3 2559 2560 2561
3 2562 2563 2564
3 2565 2566 2567
3 2568 2569 2570
3 2571 2572 2573
3 2574 2575 2576
3 2577 2578 2579
3 2580 2581 2582
3 2583 2584 2585
3 2586 2587 2588
3 2589 2590 2591
3 2592 2593 2594
3 2595 2596 2597
3 2598 2599 2600
3 2601 2602 2603
3 2604 2605 2606
3 2607 2608 2609
3 2610 2611 2612
3 2613 2614 2615
3 2616 2617 2618
3 2619 2620 2621
3 2622 2623 2624
3 2625 2626 2627
3 2628 2629 2630
3 2631 2632 2633
3 2634 2635 2636
3 2637 2638 2639
3 2640 2641 2642
3 2643 2644 2645
3 2646 2647 2648
3 2649 2650 2651
3 2652 2653 2654
3 2655 2656 2657
3 2658 2659 2660
3 2661 2662 2663
3 2664 2665 2666
3 2667 2668 2669
3 2670 2671 2672
3 2673 2674 2675
3 2676 2677 2678
3 2679 2680 2681
3 2682 2683 2684
3 2685 2686 2687
3 2688 2689 2690
3 2691 2692 2693
3 2694 2695 2696
3 2697 2698 2699
3 2700 2701 2702
3 2703 2704 2705
3 2706 2707 2708
3 2709 2710 2711
3 2712 2713 2714
3 2715 2716 2717
3 2718 2719 2720
3 2721 2722 2723
3 2724 2725 2726
3 2727 2728 2729
3 2730 2731 2732
3 2733 2734 2735
3 2736 2737 2738
3 2739 2740 2741
3 2742 2743 2744
3 2745 2746 2747
3 2748 2749 2750
3 2751 2752 2753
3 2754 2755 2756
3 2757 2758 2759
3 2760 2761 2762
3 2763 2764 2765
3 2766 2767 2768
3 2769 2770 2771
3 2772 2773 2774
3 2775 2776 2777
3 2778 2779 2780
3 2781 2782 2783
3 2784 2785 2786
3 2787 2788 2789
3 2790 2791 2792
3 2793 2794 2795
3 2796 2797 2798
3 2799 2800 2801
3 2802 2803 2804
3 2805 2806 2807
3 2808 2809 2810
3 2811 2812 2813
3 2814 2815 2816
3 2817 2818 2819
3 2820 2821 2822
3 2823 2824 2825
3 2826 2827 2828
3 2829 2830 2831
3 2832 2833 2834
3 2835 2836 2837
3 2838 2839 2840
3 2841 2842 2843
3 2844 2845 2846
3 2847 2848 2849
3 2850 2851 2852
3 2853 2854 2855
3 2856 2857 2858
3 2859 2860 2861
3 2862 2863 2864
3 2865 2866 2867
3 2868 2869 2870
3 2871 2872 2873
3 2874 2875 2876
3 2877 2878 2879
3 2880 2881 2882
3 2883 2884 2885
3 2886 2887 2888
3 2889 2890 2891
3 2892 2893 2894
3 2895 2896 2897
3 2898 2899 2900
3 2901 2902 2903
3 2904 2905 2906
3 2907 2908 2909
3 2910 2911 2912
3 2913 2914 2915
3 2916 2917 2918
3 2919 2920 2921
3 2922 2923 2924
3 2925 2926 2927
3 2928 2929 2930
3 2931 2932 2933
3 2934 2935 2936
3 2937 2938 2939
3 2940 2941 2942
3 2943 2944 2945
3 2946 2947 2948
3 2949 2950 2951
3 2952 2953 2954
3 2955 2956 2957
3 2958 2959 2960
3 2961 2962 2963
3 2964 2965 2966
3 2967 2968 2969
3 2970 2971 2972
3 2973 2974 2975
3 2976 2977 2978
3 2979 2980 2981
3 2982 2983 2984
3 2985 2986 2987
3 2988 2989 2990
3 2991 2992 2993
3 2994 2995 2996
3 2997 2998 2999
3 3000 3001 3002
3 3003 3004 3005
3 3006 3007 3008
3 3009 3010 3011
3 3012 3013 3014
3 3015 3016 3017
3 3018 3019 3020
3 3021 3022 3023
3 3024 3025 3026
3 3027 3028 3029
3 3030 3031 3032
3 3033 3034 3035
3 3036 3037 3038
3 3039 3040 3041
3 3042 3043 3044
3 3045 3046 3047
3 3048 3049 3050
3 3051 3052 3053
3 3054 3055 3056
3 3057 3058 3059
3 3060 3061 3062
3 3063 3064 3065
3 3066 3067 3068
3 3069 3070 3071
3 3072 3073 3074
3 3075 3076 3077
3 3078 3079 3080
3 3081 3082 3083
3 3084 3085 3086
3 3087 3088 3089
3 3090 3091 3092
3 3093 3094 3095
3 3096 3097 3098
3 3099 3100 3101
3 3102 3103 3104
3 3105 3106 3107
3 3108 3109 3110
3 3111 3112 3113
3 3114 3115 3116
3 3117 3118 3119
3 3120 3121 3122
3 3123 3124 3125
3 3126 3127 3128
3 3129 3130 3131
3 3132 3133 3134
3 3135 3136 3137
3 3138 3139 3140
3 3141 3142 3143
3 3144 3145 3146
3 3147 3148 3149
3 3150 3151 3152
3 3153 3154 3155
3 3156 3157 3158
3 3159 3160 3161
3 3162 3163 3164
3 3165 3166 3167
3 3168 3169 3170
3 3171 3172 3173
3 3174 3175 3176
3 3177 3178 3179
3 3180 3181 3182
3 3183 3184 3185
3 3186 3187 3188
3 3189 3190 3191
3 3192 3193 3194
3 3195 3196 3197
3 3198 3199 3200
3 3201 3202 3203
3 3204 3205 3206
3 3207 3208 3209
3 3210 3211 3212
3 3213 3214 3215
3 3216 3217 3218
3 3219 3220 3221
3 3222 3223 3224
3 3225 3226 3227
3 3228 3229 3230
3 3231 3232 3233
3 3234 3235 3236
3 3237 3238 3239
3 3240 3241 3242
3 3243 3244 3245
3 3246 3247 3248
3 3249 3250 3251
3 3252 3253 3254
3 3255 3256 3257
3 3258 3259 3260
3 3261 3262 3263
3 3264 3265 3266
3 3267 3268 3269
3 3270 3271 3272
3 3273 3274 3275
3 3276 3277 3278
3 3279 3280 3281
3 3282 3283 3284
3 3285 3286 3287
3 3288 3289 3290
3 3291 3292 3293
3 3294 3295 3296
3 3297 3298 3299
3 3300 3301 3302
3 3303 3304 3305
3 3306 3307 3308
3 3309 3310 3311
3 3312 3313 3314
3 3315 3316 3317
3 3318 3319 3320
3 3321 3322 3323
3 3324 3325 3326
3 3327 3328 3329
3 3330 3331 3332
3 3333 3334 3335
3 3336 3337 3338
3 3339 3340 3341
3 3342 3343 3344
3 3345 3346 3347
3 3348 3349 3350
3 3351 3352 3353
3 3354 3355 3356
3 3357 3358 3359
3 3360 3361 3362
3 3363 3364 3365
3 3366 3367 3368
3 3369 3370 3371
3 3372 3373 3374
3 3375 3376 3377
3 3378 3379 3380
3 3381 3382 3383
3 3384 3385 3386
3 3387 3388 3389
3 3390 3391 3392
3 3393 3394 3395
3 3396 3397 3398
3 3399 3400 3401
3 3402 3403 3404
3 3405 3406 3407
3 3408 3409 3410
3 3411 3412 3413
3 3414 3415 3416
3 3417 3418 3419
3 3420 3421 3422
3 3423 3424 3425
3 3426 3427 3428
3 3429 3430 3431
3 3432 3433 3434
3 3435 3436 3437
3 3438 3439 3440
3 3441 3442 3443
3 3444 3445 3446
3 3447 3448 3449
3 3450 3451 3452
3 3453 3454 3455
3 3456 3457 3458
3 3459 3460 3461
3 3462 3463 3464
3 3465 3466 3467
3 3468 3469 3470
3 3471 3472 3473
3 3474 3475 3476
3 3477 3478 3479
3 3480 3481 3482
3 3483 3484 3485
3 3486 3487 3488
3 3489 3490 3491
3 3492 3493 3494
3 3495 3496 3497
3 3498 3499 3500
3 3501 3502 3503
3 3504 3505 3506
3 3507 3508 3509
3 3510 3511 3512
3 3513 3514 3515
3 3516 3517 3518
3 3519 3520 3521
3 3522 3523 3524
3 3525 3526 3527
3 3528 3529 3530
3 3531 3532 3533
3 3534 3535 3536
3 3537 3538 3539
3 3540 3541 3542
3 3543 3544 3545
3 3546 3547 3548
3 3549 3550 3551
3 3552 3553 3554
3 3555 3556 3557
3 3558 3559 3560
3 3561 3562 3563
3 3564 3565 3566
3 3567 3568 3569
3 3570 3571 3572
3 3573 3574 3575
3 3576 3577 3578
3 3579 3580 3581
3 3582 3583 3584
3 3585 3586 3587
3 3588 3589 3590
3 3591 3592 3593
3 3594 3595 3596
3 3597 3598 3599
3 3600 3601 3602
3 3603 3604 3605
3 3606 3607 3608
3 3609 3610 3611
3 3612 3613 3614
3 3615 3616 3617
3 3618 3619 3620
3 3621 3622 3623
3 3624 3625 3626
3 3627 3628 3629
3 3630 3631 3632
3 3633 3634 3635
3 3636 3637 3638
3 3639 3640 3641
3 3642 3643 3644
3 3645 3646 3647
3 3648 3649 3650
3 3651 3652 3653
3 3654 3655 3656
3 3657 3658 3659
3 3660 3661 3662
3 3663 3664 3665
3 3666 3667 3668
3 3669 3670 3671
3 3672 3673 3674
3 3675 3676 3677
3 3678 3679 3680
3 3681 3682 3683
3 3684 3685 3686
3 3687 3688 3689
3 3690 3691 3692
3 3693 3694 3695
3 3696 3697 3698
3 3699 3700 3701
3 3702 3703 3704
3 3705 3706 3707
3 3708 3709 3710
3 3711 3712 3713
3 3714 3715 3716
3 3717 3718 3719
3 3720 3721 3722
3 3723 3724 3725
3 3726 3727 3728
3 3729 3730 3731
3 3732 3733 3734
3 3735 3736 3737
3 3738 3739 3740
3 3741 3742 3743
3 3744 3745 3746
3 3747 3748 3749
3 3750 3751 3752
3 3753 3754 3755
3 3756 3757 3758
3 3759 3760 3761
3 3762 3763 3764
3 3765 3766 3767
3 3768 3769 3770
3 3771 3772 3773
3 3774 3775 3776
3 3777 3778 3779
3 3780 3781 3782
3 3783 3784 3785
3 3786 3787 3788
3 3789 3790 3791
3 3792 3793 3794
3 3795 3796 3797
3 3798 3799 3800
3 3801 3802 3803
3 3804 3805 3806
3 3807 3808 3809
3 3810 3811 3812
3 3813 3814 3815
3 3816 3817 3818
3 3819 3820 3821
3 3822 3823 3824
3 3825 3826 3827
3 3828 3829 3830
3 3831 3832 3833
3 3834 3835 3836
3 3837 3838 3839
3 3840 3841 3842
3 3843 3844 3845
3 3846 3847 3848
3 3849 3850 3851
3 3852 3853 3854
3 3855 3856 3857
3 3858 3859 3860
3 3861 3862 3863
3 3864 3865 3866
3 3867 3868 3869
3 3870 3871 3872
3 3873 3874 3875
3 3876 3877 3878
3 3879 3880 3881
3 3882 3883 3884
3 3885 3886 3887
3 3888 3889 3890
3 3891 3892 3893
3 3894 3895 3896
3 3897 3898 3899
3 3900 3901 3902
3 3903 3904 3905
3 3906 3907 3908
3 3909 3910 3911
3 3912 3913 3914
3 3915 3916 3917
3 3918 3919 3920
3 3921 3922 3923
3 3924 3925 3926
3 3927 3928 3929
3 3930 3931 3932
3 3933 3934 3935
3 3936 3937 3938
3 3939 3940 3941
3 3942 3943 3944
3 3945 3946 3947
3 3948 3949 3950
3 3951 3952 3953
3 3954 3955 3956
3 3957 3958 3959
3 3960 3961 3962
3 3963 3964 3965
3 3966 3967 3968
3 3969 3970 3971
3 3972 3973 3974
3 3975 3976 3977
3 3978 3979 3980
3 3981 3982 3983
3 3984 3985 3986
3 3987 3988 3989
3 3990 3991 3992
3 3993 3994 3995
3 3996 3997 3998
3 3999 4000 4001
3 4002 4003 4004
3 4005 4006 4007
3 4008 4009 4010
3 4011 4012 4013
3 4014 4015 4016
3 4017 4018 4019
3 4020 4021 4022
3 4023 4024 4025
3 4026 4027 4028
3 4029 4030 4031
3 4032 4033 4034
3 4035 4036 4037
3 4038 4039 4040
3 4041 4042 4043
3 4044 4045 4046
3 4047 4048 4049
3 4050 4051 4052
3 4053 4054 4055
3 4056 4057 4058
3 4059 4060 4061
3 4062 4063 4064
3 4065 4066 4067
3 4068 4069 4070
3 4071 4072 4073
3 4074 4075 4076
3 4077 4078 4079
3 4080 4081 4082
3 4083 4084 4085
3 4086 4087 4088
3 4089 4090 4091
3 4092 4093 4094
3 4095 4096 4097
3 4098 4099 4100
3 4101 4102 4103
3 4104 4105 4106
3 4107 4108 4109
3 4110 4111 4112
3 4113 4114 4115
3 4116 4117 4118
3 4119 4120 4121
3 4122 4123 4124
3 4125 4126 4127
3 4128 4129 4130
3 4131 4132 4133
3 4134 4135 4136
3 4137 4138 4139
3 4140 4141 4142
3 4143 4144 4145
3 4146 4147 4148
3 4149 4150 4151
3 4152 4153 4154
3 4155 4156 4157
3 4158 4159 4160
3 4161 4162 4163
3 4164 4165 4166
3 4167 4168 4169
3 4170 4171 4172
3 4173 4174 4175
3 4176 4177 4178
3 4179 4180 4181
3 4182 4183 4184
3 4185 4186 4187
3 4188 4189 4190
3 4191 4192 4193
3 4194 4195 4196
3 4197 4198 4199
3 4200 4201 4202
3 4203 4204 4205
3 4206 4207 4208
3 4209 4210 4211
3 4212 4213 4214
3 4215 4216 4217
3 4218 4219 4220
3 4221 4222 4223
3 4224 4225 4226
3 4227 4228 4229
3 4230 4231 4232
3 4233 4234 4235
3 4236 4237 4238
3 4239 4240 4241
3 4242 4243 4244
3 4245 4246 4247
3 4248 4249 4250
3 4251 4252 4253
3 4254 4255 4256
3 4257 4258 4259
3 4260 4261 4262
3 4263 4264 4265
3 4266 4267 4268
3 4269 4270 4271
3 4272 4273 4274
3 4275 4276 4277
3 4278 4279 4280
3 4281 4282 4283
3 4284 4285 4286
3 4287 4288 4289
3 4290 4291 4292
3 4293 4294 4295
3 4296 4297 4298
3 4299 4300 4301
3 4302 4303 4304
3 4305 4306 4307
3 4308 4309 4310
3 4311 4312 4313
3 4314 4315 4316
3 4317 4318 4319
3 4320 4321 4322
3 4323 4324 4325
3 4326 4327 4328
3 4329 4330 4331
3 4332 4333 4334
3 4335 4336 4337
3 4338 4339 4340
3 4341 4342 4343
3 4344 4345 4346
3 4347 4348 4349
3 4350 4351 4352
3 4353 4354 4355
3 4356 4357 4358
3 4359 4360 4361
3 4362 4363 4364
3 4365 4366 4367
3 4368 4369 4370
3 4371 4372 4373
3 4374 4375 4376
3 4377 4378 4379
3 4380 4381 4382
3 4383 4384 4385
3 4386 4387 4388
3 4389 4390 4391
3 4392 4393 4394
3 4395 4396 4397
3 4398 4399 4400
3 4401 4402 4403
3 4404 4405 4406
3 4407 4408 4409
3 4410 4411 4412
3 4413 4414 4415
3 4416 4417 4418
3 4419 4420 4421
3 4422 4423 4424
3 4425 4426 4427
3 4428 4429 4430
3 4431 4432 4433
3 4434 4435 4436
3 4437 4438 4439
3 4440 4441 4442
3 4443 4444 4445
3 4446 4447 4448
3 4449 4450 4451
3 4452 4453 4454
3 4455 4456 4457
3 4458 4459 4460
3 4461 4462 4463
3 4464 4465 4466
3 4467 4468 4469
3 4470 4471 4472
3 4473 4474 4475
3 4476 4477 4478
3 4479 4480 4481
3 4482 4483 4484
3 4485 4486 4487
3 4488 4489 4490
3 4491 4492 4493
3 4494 4495 4496
3 4497 4498 4499
3 4500 4501 4502
3 4503 4504 4505
3 4506 4507 4508
3 4509 4510 4511
3 4512 4513 4514
3 4515 4516 4517
3 4518 4519 4520
3 4521 4522 4523
3 4524 4525 4526
3 4527 4528 4529
3 4530 4531 4532
3 4533 4534 4535
3 4536 4537 4538
3 4539 4540 4541
3 4542 4543 4544
3 4545 4546 4547
3 4548 4549 4550
3 4551 4552 4553
3 4554 4555 4556
3 4557 4558 4559
3 4560 4561 4562
3 4563 4564 4565
3 4566 4567 4568
3 4569 4570 4571
3 4572 4573 4574
3 4575 4576 4577
3 4578 4579 4580
3 4581 4582 4583
3 4584 4585 4586
3 4587 4588 4589
3 4590 4591 4592
3 4593 4594 4595
3 4596 4597 4598
3 4599 4600 4601
3 4602 4603 4604
3 4605 4606 4607
3 4608 4609 4610
3 4611 4612 4613
3 4614 4615 4616
3 4617 4618 4619
3 4620 4621 4622
3 4623 4624 4625
3 4626 4627 4628
3 4629 4630 4631
3 4632 4633 4634
3 4635 4636 4637
3 4638 4639 4640
3 4641 4642 4643
3 4644 4645 4646
3 4647 4648 4649
3 4650 4651 4652
3 4653 4654 4655
3 4656 4657 4658
3 4659 4660 4661
3 4662 4663 4664
3 4665 4666 4667
3 4668 4669 4670
3 4671 4672 4673
3 4674 4675 4676
3 4677 4678 4679
3 4680 4681 4682
3 4683 4684 4685
3 4686 4687 4688
3 4689 4690 4691
3 4692 4693 4694
3 4695 4696 4697
3 4698 4699 4700
3 4701 4702 4703
3 4704 4705 4706
3 4707 4708 4709
3 4710 4711 4712
3 4713 4714 4715
3 4716 4717 4718
3 4719 4720 4721
3 4722 4723 4724
3 4725 4726 4727
3 4728 4729 4730
3 4731 4732 4733
3 4734 4735 4736
3 4737 4738 4739
3 4740 4741 4742
3 4743 4744 4745
3 4746 4747 4748
3 4749 4750 4751
3 4752 4753 4754
3 4755 4756 4757
3 4758 4759 4760
3 4761 4762 4763
3 4764 4765 4766
3 4767 4768 4769
3 4770 4771 4772
3 4773 4774 4775
3 4776 4777 4778
3 4779 4780 4781
3 4782 4783 4784
3 4785 4786 4787
3 4788 4789 4790
3 4791 4792 4793
3 4794 4795 4796
3 4797 4798 4799
3 4800 4801 4802
3 4803 4804 4805
3 4806 4807 4808
3 4809 4810 4811
3 4812 4813 4814
3 4815 4816 4817
3 4818 4819 4820
3 4821 4822 4823
3 4824 4825 4826
3 4827 4828 4829
3 4830 4831 4832
3 4833 4834 4835
3 4836 4837 4838
3 4839 4840 4841
3 4842 4843 4844
3 4845 4846 4847
3 4848 4849 4850
3 4851 4852 4853
3 4854 4855 4856
3 4857 4858 4859
3 4860 4861 4862
3 4863 4864 4865
3 4866 4867 4868
3 4869 4870 4871
3 4872 4873 4874
3 4875 4876 4877
3 4878 4879 4880
3 4881 4882 4883
3 4884 4885 4886
3 4887 4888 4889
3 4890 4891 4892
3 4893 4894 4895
3 4896 4897 4898
3 4899 4900 4901
3 4902 4903 4904
3 4905 4906 4907
3 4908 4909 4910
3 4911 4912 4913
3 4914 4915 4916
3 4917 4918 4919
3 4920 4921 4922
3 4923 4924 4925
3 4926 4927 4928
3 4929 4930 4931
3 4932 4933 4934
3 4935 4936 4937
3 4938 4939 4940
3 4941 4942 4943
3 4944 4945 4946
3 4947 4948 4949
3 4950 4951 4952
3 4953 4954 4955
3 4956 4957 4958
3 4959 4960 4961
3 4962 4963 4964
3 4965 4966 4967
3 4968 4969 4970
3 4971 4972 4973
3 4974 4975 4976
3 4977 4978 4979
3 4980 4981 4982
3 4983 4984 4985
3 4986 4987 4988
3 4989 4990 4991
3 4992 4993 4994
3 4995 4996 4997
3 4998 4999 5000
3 5001 5002 5003
3 5004 5005 5006
3 5007 5008 5009
3 5010 5011 5012
3 5013 5014 5015
3 5016 5017 5018
3 5019 5020 5021
3 5022 5023 5024
3 5025 5026 5027
3 5028 5029 5030
3 5031 5032 5033
3 5034 5035 5036
3 5037 5038 5039
3 5040 5041 5042
3 5043 5044 5045
3 5046 5047 5048
3 5049 5050 5051
3 5052 5053 5054
3 5055 5056 5057
3 5058 5059 5060
3 5061 5062 5063
3 5064 5065 5066
3 5067 5068 5069
3 5070 5071 5072
3 5073 5074 5075
3 5076 5077 5078
3 5079 5080 5081
3 5082 5083 5084
3 5085 5086 5087
3 5088 5089 5090
3 5091 5092 5093
3 5094 5095 5096
3 5097 5098 5099
3 5100 5101 5102
3 5103 5104 5105
3 5106 5107 5108
3 5109 5110 5111
3 5112 5113 5114
3 5115 5116 5117
3 5118 5119 5120
3 5121 5122 5123
3 5124 5125 5126
3 5127 5128 5129
3 5130 5131 5132
3 5133 5134 5135
3 5136 5137 5138
3 5139 5140 5141
3 5142 5143 5144
3 5145 5146 5147
3 5148 5149 5150
3 5151 5152 5153
3 5154 5155 5156
3 5157 5158 5159
3 5160 5161 5162
3 5163 5164 5165
3 5166 5167 5168
3 5169 5170 5171
3 5172 5173 5174
3 5175 5176 5177
3 5178 5179 5180
3 5181 5182 5183
3 5184 5185 5186
3 5187 5188 5189
3 5190 5191 5192
3 5193 5194 5195
3 5196 5197 5198
3 5199 5200 5201
3 5202 5203 5204
3 5205 5206 5207
3 5208 5209 5210
3 5211 5212 5213
3 5214 5215 5216
3 5217 5218 5219
3 5220 5221 5222
3 5223 5224 5225
3 5226 5227 5228
3 5229 5230 5231
3 5232 5233 5234
3 5235 5236 5237
3 5238 5239 5240
3 5241 5242 5243
3 5244 5245 5246
3 5247 5248 5249
3 5250 5251 5252
3 5253 5254 5255
3 5256 5257 5258
3 5259 5260 5261
3 5262 5263 5264
3 5265 5266 5267
3 5268 5269 5270
3 5271 5272 5273
3 5274 5275 5276
3 5277 5278 5279
3 5280 5281 5282
3 5283 5284 5285
3 5286 5287 5288
3 5289 5290 5291
3 5292 5293 5294
3 5295 5296 5297
3 5298 5299 5300
3 5301 5302 5303
3 5304 5305 5306
3 5307 5308 5309
3 5310 5311 5312
3 5313 5314 5315
3 5316 5317 5318
3 5319 5320 5321
3 5322 5323 5324
3 5325 5326 5327
3 5328 5329 5330
3 5331 5332 5333
3 5334 5335 5336
3 5337 5338 5339
3 5340 5341 5342
3 5343 5344 5345
3 5346 5347 5348
3 5349 5350 5351
3 5352 5353 5354
3 5355 5356 5357
3 5358 5359 5360
3 5361 5362 5363
3 5364 5365 5366
3 5367 5368 5369
3 5370 5371 5372
3 5373 5374 5375
3 5376 5377 5378
3 5379 5380 5381
3 5382 5383 5384
3 5385 5386 5387
3 5388 5389 5390
3 5391 5392 5393
3 5394 5395 5396
3 5397 5398 5399
3 5400 5401 5402
3 5403 5404 5405
3 5406 5407 5408
3 5409 5410 5411
3 5412 5413 5414
3 5415 5416 5417
3 5418 5419 5420
3 5421 5422 5423
3 5424 5425 5426
3 5427 5428 5429
3 5430 5431 5432
3 5433 5434 5435
3 5436 5437 5438
3 5439 5440 5441
3 5442 5443 5444
3 5445 5446 5447
3 5448 5449 5450
3 5451 5452 5453
3 5454 5455 5456
3 5457 5458 5459
3 5460 5461 5462
3 5463 5464 5465
3 5466 5467 5468
3 5469 5470 5471
3 5472 5473 5474
3 5475 5476 5477
3 5478 5479 5480
3 5481 5482 5483
3 5484 5485 5486
3 5487 5488 5489
3 5490 5491 5492
3 5493 5494 5495
3 5496 5497 5498
3 5499 5500 5501
3 5502 5503 5504
3 5505 5506 5507
3 5508 5509 5510
3 5511 5512 5513
3 5514 5515 5516
3 5517 5518 5519
3 5520 5521 5522
3 5523 5524 5525
3 5526 5527 5528
3 5529 5530 5531
3 5532 5533 5534
3 5535 5536 5537
3 5538 5539 5540
3 5541 5542 5543
3 5544 5545 5546
3 5547 5548 5549
3 5550 5551 5552
3 5553 5554 5555
3 5556 5557 5558
3 5559 5560 5561
3 5562 5563 5564
3 5565 5566 5567
3 5568 5569 5570
3 5571 5572 5573
3 5574 5575 5576
3 5577 5578 5579
3 5580 5581 5582
3 5583 5584 5585
3 5586 5587 5588
3 5589 5590 5591
3 5592 5593 5594
3 5595 5596 5597
3 5598 5599 5600
3 5601 5602 5603
3 5604 5605 5606
3 5607 5608 5609
3 5610 5611 5612
3 5613 5614 5615
3 5616 5617 5618
3 5619 5620 5621
3 5622 5623 5624
3 5625 5626 5627
3 5628 5629 5630
3 5631 5632 5633
3 5634 5635 5636
3 5637 5638 5639
3 5640 5641 5642
3 5643 5644 5645
3 5646 5647 5648
3 5649 5650 5651
3 5652 5653 5654
3 5655 5656 5657
3 5658 5659 5660
3 5661 5662 5663
3 5664 5665 5666
3 5667 5668 5669
3 5670 5671 5672
3 5673 5674 5675
3 5676 5677 5678
3 5679 5680 5681
3 5682 5683 5684
3 5685 5686 5687
3 5688 5689 5690
3 5691 5692 5693
3 5694 5695 5696
3 5697 5698 5699
3 5700 5701 5702
3 5703 5704 5705
3 5706 5707 5708
3 5709 5710 5711
3 5712 5713 5714
3 5715 5716 5717
3 5718 5719 5720
3 5721 5722 5723
3 5724 5725 5726
3 5727 5728 5729
3 5730 5731 5732
3 5733 5734 5735
3 5736 5737 5738
3 5739 5740 5741
3 5742 5743 5744
3 5745 5746 5747
3 5748 5749 5750
3 5751 5752 5753
3 5754 5755 5756
3 5757 5758 5759
3 5760 5761 5762
3 5763 5764 5765
3 5766 5767 5768
3 5769 5770 5771
3 5772 5773 5774
3 5775 5776 5777
3 5778 5779 5780
3 5781 5782 5783
3 5784 5785 5786
3 5787 5788 5789
3 5790 5791 5792
3 5793 5794 5795
3 5796 5797 5798
3 5799 5800 5801
3 5802 5803 5804
3 5805 5806 5807
3 5808 5809 5810
3 5811 5812 5813
3 5814 5815 5816
3 5817 5818 5819
3 5820 5821 5822
3 5823 5824 5825
3 5826 5827 5828
3 5829 5830 5831
3 5832 5833 5834
3 5835 5836 5837
3 5838 5839 5840
3 5841 5842 5843
3 5844 5845 5846
3 5847 5848 5849
3 5850 5851 5852
3 5853 5854 5855
3 5856 5857 5858
3 5859 5860 5861
3 5862 5863 5864
3 5865 5866 5867
3 5868 5869 5870
3 5871 5872 5873
3 5874 5875 5876
3 5877 5878 5879
3 5880 5881 5882
3 5883 5884 5885
3 5886 5887 5888
3 5889 5890 5891
3 5892 5893 5894
3 5895 5896 5897
3 5898 5899 5900
3 5901 5902 5903
3 5904 5905 5906
3 5907 5908 5909
3 5910 5911 5912
3 5913 5914 5915
3 5916 5917 5918
3 5919 5920 5921
3 5922 5923 5924
3 5925 5926 5927
3 5928 5929 5930
3 5931 5932 5933
3 5934 5935 5936
3 5937 5938 5939
3 5940 5941 5942
3 5943 5944 5945
3 5946 5947 5948
3 5949 5950 5951
3 5952 5953 5954
3 5955 5956 5957
3 5958 5959 5960
3 5961 5962 5963
3 5964 5965 5966
3 5967 5968 5969
3 5970 5971 5972
3 5973 5974 5975
3 5976 5977 5978
3 5979 5980 5981
3 5982 5983 5984
3 5985 5986 5987
3 5988 5989 5990
3 5991 5992 5993
3 5994 5995 5996
3 5997 5998 5999
3 6000 6001 6002
3 6003 6004 6005
3 6006 6007 6008
3 6009 6010 6011
3 6012 6013 6014
3 6015 6016 6017
3 6018 6019 6020
3 6021 6022 6023
3 6024 6025 6026
3 6027 6028 6029
3 6030 6031 6032
3 6033 6034 6035
3 6036 6037 6038
3 6039 6040 6041
3 6042 6043 6044
3 6045 6046 6047
3 6048 6049 6050
3 6051 6052 6053
3 6054 6055 6056
3 6057 6058 6059
3 6060 6061 6062
3 6063 6064 6065
3 6066 6067 6068
3 6069 6070 6071
3 6072 6073 6074
3 6075 6076 6077
3 6078 6079 6080
3 6081 6082 6083
3 6084 6085 6086
3 6087 6088 6089
3 6090 6091 6092
3 6093 6094 6095
3 6096 6097 6098
3 6099 6100 6101
3 6102 6103 6104
3 6105 6106 6107
3 6108 6109 6110
3 6111 6112 6113
3 6114 6115 6116
3 6117 6118 6119
3 6120 6121 6122
3 6123 6124 6125
3 6126 6127 6128
3 6129 6130 6131
3 6132 6133 6134
3 6135 6136 6137
3 6138 6139 6140
3 6141 6142 6143
3 6144 6145 6146
3 6147 6148 6149
3 6150 6151 6152
3 6153 6154 6155
3 6156 6157 6158
3 6159 6160 6161
3 6162 6163 6164
3 6165 6166 6167
3 6168 6169 6170
3 6171 6172 6173
3 6174 6175 6176
3 6177 6178 6179
3 6180 6181 6182
3 6183 6184 6185
3 6186 6187 6188
3 6189 6190 6191
3 6192 6193 6194
3 6195 6196 6197
3 6198 6199 6200
3 6201 6202 6203
3 6204 6205 6206
3 6207 6208 6209
3 6210 6211 6212
3 6213 6214 6215
3 6216 6217 6218
3 6219 6220 6221
3 6222 6223 6224
3 6225 6226 6227
3 6228 6229 6230
3 6231 6232 6233
3 6234 6235 6236
3 6237 6238 6239
3 6240 6241 6242
3 6243 6244 6245
3 6246 6247 6248
3 6249 6250 6251
3 6252 6253 6254
3 6255 6256 6257
3 6258 6259 6260
3 6261 6262 6263
3 6264 6265 6266
3 6267 6268 6269
3 6270 6271 6272
3 6273 6274 6275
3 6276 6277 6278
3 6279 6280 6281
3 6282 6283 6284
3 6285 6286 6287
3 6288 6289 6290
3 6291 6292 6293
3 6294 6295 6296
3 6297 6298 6299
3 6300 6301 6302
3 6303 6304 6305
3 6306 6307 6308
3 6309 6310 6311
3 6312 6313 6314
3 6315 6316 6317
3 6318 6319 6320
3 6321 6322 6323
3 6324 6325 6326
3 6327 6328 6329
3 6330 6331 6332
3 6333 6334 6335
3 6336 6337 6338
3 6339 6340 6341
3 6342 6343 6344
3 6345 6346 6347
3 6348 6349 6350
3 6351 6352 6353
3 6354 6355 6356
3 6357 6358 6359
3 6360 6361 6362
3 6363 6364 6365
3 6366 6367 6368
3 6369 6370 6371
3 6372 6373 6374
3 6375 6376 6377
3 6378 6379 6380
3 6381 6382 6383
3 6384 6385 6386
3 6387 6388 6389
3 6390 6391 6392
3 6393 6394 6395
3 6396 6397 6398
3 6399 6400 6401
3 6402 6403 6404
3 6405 6406 6407
3 6408 6409 6410
3 6411 6412 6413
3 6414 6415 6416
3 6417 6418 6419
3 6420 6421 6422
3 6423 6424 6425
3 6426 6427 6428
3 6429 6430 6431
3 6432 6433 6434
3 6435 6436 6437
3 6438 6439 6440
3 6441 6442 6443
3 6444 6445 6446
3 6447 6448 6449
3 6450 6451 6452
3 6453 6454 6455
3 6456 6457 6458
3 6459 6460 6461
3 6462 6463 6464
3 6465 6466 6467
3 6468 6469 6470
3 6471 6472 6473
3 6474 6475 6476
3 6477 6478 6479
3 6480 6481 6482
3 6483 6484 6485
3 6486 6487 6488
3 6489 6490 6491
3 6492 6493 6494
3 6495 6496 6497
3 6498 6499 6500
3 6501 6502 6503
3 6504 6505 6506
3 6507 6508 6509
3 6510 6511 6512
3 6513 6514 6515
3 6516 6517 6518
3 6519 6520 6521
3 6522 6523 6524
3 6525 6526 6527
3 6528 6529 6530
3 6531 6532 6533
3 6534 6535 6536
3 6537 6538 6539
3 6540 6541 6542
3 6543 6544 6545
3 6546 6547 6548
3 6549 6550 6551
3 6552 6553 6554
3 6555 6556 6557
3 6558 6559 6560
3 6561 6562 6563
3 6564 6565 6566
3 6567 6568 6569
3 6570 6571 6572
3 6573 6574 6575
3 6576 6577 6578
3 6579 6580 6581
3 6582 6583 6584
3 6585 6586 6587
3 6588 6589 6590
3 6591 6592 6593
3 6594 6595 6596
3 6597 6598 6599
3 6600 6601 6602
3 6603 6604 6605
3 6606 6607 6608
3 6609 6610 6611
3 6612 6613 6614
3 6615 6616 6617
3 6618 6619 6620
3 6621 6622 6623
3 6624 6625 6626
3 6627 6628 6629
3 6630 6631 6632
3 6633 6634 6635
3 6636 6637 6638
3 6639 6640 6641
3 6642 6643 6644
3 6645 6646 6647
3 6648 6649 6650
3 6651 6652 6653
3 6654 6655 6656
3 6657 6658 6659
3 6660 6661 6662
3 6663 6664 6665
3 6666 6667 6668
3 6669 6670 6671
3 6672 6673 6674
3 6675 6676 6677
3 6678 6679 6680
3 6681 6682 6683
3 6684 6685 6686
3 6687 6688 6689
3 6690 6691 6692
3 6693 6694 6695
3 6696 6697 6698
3 6699 6700 6701
3 6702 6703 6704
3 6705 6706 6707
3 6708 6709 6710
3 6711 6712 6713
3 6714 6715 6716
3 6717 6718 6719
3 6720 6721 6722
3 6723 6724 6725
3 6726 6727 6728
3 6729 6730 6731
3 6732 6733 6734
3 6735 6736 6737
3 6738 6739 6740
3 6741 6742 6743
3 6744 6745 6746
3 6747 6748 6749
3 6750 6751 6752
3 6753 6754 6755
3 6756 6757 6758
3 6759 6760 6761
3 6762 6763 6764
3 6765 6766 6767
3 6768 6769 6770
3 6771 6772 6773
3 6774 6775 6776
3 6777 6778 6779
3 6780 6781 6782
3 6783 6784 6785
3 6786 6787 6788
3 6789 6790 6791
3 6792 6793 6794
3 6795 6796 6797
3 6798 6799 6800
3 6801 6802 6803
3 6804 6805 6806
3 6807 6808 6809
3 6810 6811 6812
3 6813 6814 6815
3 6816 6817 6818
3 6819 6820 6821
3 6822 6823 6824
3 6825 6826 6827
3 6828 6829 6830
3 6831 6832 6833
3 6834 6835 6836
3 6837 6838 6839
3 6840 6841 6842
3 6843 6844 6845
3 6846 6847 6848
3 6849 6850 6851
3 6852 6853 6854
3 6855 6856 6857
3 6858 6859 6860
3 6861 6862 6863
3 6864 6865 6866
3 6867 6868 6869
3 6870 6871 6872
3 6873 6874 6875
3 6876 6877 6878
3 6879 6880 6881
3 6882 6883 6884
3 6885 6886 6887
3 6888 6889 6890
3 6891 6892 6893
3 6894 6895 6896
3 6897 6898 6899
3 6900 6901 6902
3 6903 6904 6905
3 6906 6907 6908
3 6909 6910 6911
3 6912 6913 6914
3 6915 6916 6917
3 6918 6919 6920
3 6921 6922 6923
3 6924 6925 6926
3 6927 6928 6929
3 6930 6931 6932
3 6933 6934 6935
3 6936 6937 6938
3 6939 6940 6941
3 6942 6943 6944
3 6945 6946 6947
3 6948 6949 6950
3 6951 6952 6953
3 6954 6955 6956
3 6957 6958 6959
3 6960 6961 6962
3 6963 6964 6965
3 6966 6967 6968
3 6969 6970 6971
3 6972 6973 6974
3 6975 6976 6977
3 6978 6979 6980
3 6981 6982 6983
3 6984 6985 6986
3 6987 6988 6989
3 6990 6991 6992
3 6993 6994 6995
3 6996 6997 6998
3 6999 7000 7001
3 7002 7003 7004
3 7005 7006 7007
3 7008 7009 7010
3 7011 7012 7013
3 7014 7015 7016
3 7017 7018 7019
3 7020 7021 7022
3 7023 7024 7025
3 7026 7027 7028
3 7029 7030 7031
3 7032 7033 7034
3 7035 7036 7037
3 7038 7039 7040
3 7041 7042 7043
3 7044 7045 7046
3 7047 7048 7049
3 7050 7051 7052
3 7053 7054 7055
3 7056 7057 7058
3 7059 7060 7061
3 7062 7063 7064
3 7065 7066 7067
3 7068 7069 7070
3 7071 7072 7073
3 7074 7075 7076
3 7077 7078 7079
3 7080 7081 7082
3 7083 7084 7085
3 7086 7087 7088
3 7089 7090 7091
3 7092 7093 7094
3 7095 7096 7097
3 7098 7099 7100
3 7101 7102 7103
3 7104 7105 7106
3 7107 7108 7109
3 7110 7111 7112
3 7113 7114 7115
3 7116 7117 7118
3 7119 7120 7121
3 7122 7123 7124
3 7125 7126 7127
3 7128 7129 7130
3 7131 7132 7133
3 7134 7135 7136
3 7137 7138 7139
3 7140 7141 7142
3 7143 7144 7145
3 7146 7147 7148
3 7149 7150 7151
3 7152 7153 7154
3 7155 7156 7157
3 7158 7159 7160
3 7161 7162 7163
3 7164 7165 7166
3 7167 7168 7169
3 7170 7171 7172
3 7173 7174 7175
3 7176 7177 7178
3 7179 7180 7181
3 7182 7183 7184
3 7185 7186 7187
3 7188 7189 7190
3 7191 7192 7193
3 7194 7195 7196
3 7197 7198 7199
3 7200 7201 7202
3 7203 7204 7205
3 7206 7207 7208
3 7209 7210 7211
3 7212 7213 7214
3 7215 7216 7217
3 7218 7219 7220
3 7221 7222 7223
3 7224 7225 7226
3 7227 7228 7229
3 7230 7231 7232
3 7233 7234 7235
3 7236 7237 7238
3 7239 7240 7241
3 7242 7243 7244
3 7245 7246 7247
3 7248 7249 7250
3 7251 7252 7253
3 7254 7255 7256
3 7257 7258 7259
3 7260 7261 7262
3 7263 7264 7265
3 7266 7267 7268
3 7269 7270 7271
3 7272 7273 7274
3 7275 7276 7277
3 7278 7279 7280
3 7281 7282 7283
3 7284 7285 7286
3 7287 7288 7289
3 7290 7291 7292
3 7293 7294 7295
3 7296 7297 7298
3 7299 7300 7301
3 7302 7303 7304
3 7305 7306 7307
3 7308 7309 7310
3 7311 7312 7313
3 7314 7315 7316
3 7317 7318 7319
3 7320 7321 7322
3 7323 7324 7325
3 7326 7327 7328
3 7329 7330 7331
3 7332 7333 7334
3 7335 7336 7337
3 7338 7339 7340
3 7341 7342 7343
3 7344 7345 7346
3 7347 7348 7349
3 7350 7351 7352
3 7353 7354 7355
3 7356 7357 7358
3 7359 7360 7361
3 7362 7363 7364
3 7365 7366 7367
3 7368 7369 7370
3 7371 7372 7373
3 7374 7375 7376
3 7377 7378 7379
3 7380 7381 7382
3 7383 7384 7385
3 7386 7387 7388
3 7389 7390 7391
3 7392 7393 7394
3 7395 7396 7397
3 7398 7399 7400
3 7401 7402 7403
3 7404 7405 7406
3 7407 7408 7409
3 7410 7411 7412
3 7413 7414 7415
3 7416 7417 7418
3 7419 7420 7421
3 7422 7423 7424
3 7425 7426 7427
3 7428 7429 7430
3 7431 7432 7433
3 7434 7435 7436
3 7437 7438 7439
3 7440 7441 7442
3 7443 7444 7445
3 7446 7447 7448
3 7449 7450 7451
3 7452 7453 7454
3 7455 7456 7457
3 7458 7459 7460
3 7461 7462 7463
3 7464 7465 7466
3 7467 7468 7469
3 7470 7471 7472
3 7473 7474 7475
3 7476 7477 7478
3 7479 7480 7481
3 7482 7483 7484
3 7485 7486 7487
3 7488 7489 7490
3 7491 7492 7493
3 7494 7495 7496
3 7497 7498 7499
3 7500 7501 7502
3 7503 7504 7505
3 7506 7507 7508
3 7509 7510 7511
3 7512 7513 7514
3 7515 7516 7517
3 7518 7519 7520
3 7521 7522 7523
3 7524 7525 7526
3 7527 7528 7529
3 7530 7531 7532
3 7533 7534 7535
3 7536 7537 7538
3 7539 7540 7541
3 7542 7543 7544
3 7545 7546 7547
3 7548 7549 7550
3 7551 7552 7553
3 7554 7555 7556
3 7557 7558 7559
3 7560 7561 7562
3 7563 7564 7565
3 7566 7567 7568
3 7569 7570 7571
3 7572 7573 7574
3 7575 7576 7577
3 7578 7579 7580
3 7581 7582 7583
3 7584 7585 7586
3 7587 7588 7589
3 7590 7591 7592
3 7593 7594 7595
3 7596 7597 7598
3 7599 7600 7601
3 7602 7603 7604
3 7605 7606 7607
3 7608 7609 7610
3 7611 7612 7613
3 7614 7615 7616
3 7617 7618 7619
3 7620 7621 7622
3 7623 7624 7625
3 7626 7627 7628
3 7629 7630 7631
3 7632 7633 7634
3 7635 7636 7637
3 7638 7639 7640
3 7641 7642 7643
3 7644 7645 7646
3 7647 7648 7649
3 7650 7651 7652
3 7653 7654 7655
3 7656 7657 7658
3 7659 7660 7661
3 7662 7663 7664
3 7665 7666 7667
3 7668 7669 7670
3 7671 7672 7673
3 7674 7675 7676
3 7677 7678 7679
3 7680 7681 7682
3 7683 7684 7685
3 7686 7687 7688
3 7689 7690 7691
3 7692 7693 7694
3 7695 7696 7697
3 7698 7699 7700
3 7701 7702 7703
3 7704 7705 7706
3 7707 7708 7709
3 7710 7711 7712
3 7713 7714 7715
3 7716 7717 7718
3 7719 7720 7721
3 7722 7723 7724
3 7725 7726 7727
3 7728 7729 7730
3 7731 7732 7733
3 7734 7735 7736
3 7737 7738 7739
3 7740 7741 7742
3 7743 7744 7745
3 7746 7747 7748
3 7749 7750 7751
3 7752 7753 7754
3 7755 7756 7757
3 7758 7759 7760
3 7761 7762 7763
3 7764 7765 7766
3 7767 7768 7769
3 7770 7771 7772
3 7773 7774 7775
3 7776 7777 7778
3 7779 7780 7781
3 7782 7783 7784
3 7785 7786 7787
3 7788 7789 7790
3 7791 7792 7793
3 7794 7795 7796
3 7797 7798 7799
3 7800 7801 7802
3 7803 7804 7805
3 7806 7807 7808
3 7809 7810 7811
3 7812 7813 7814
3 7815 7816 7817
3 7818 7819 7820
3 7821 7822 7823
3 7824 7825 7826
3 7827 7828 7829
3 7830 7831 7832
3 7833 7834 7835
3 7836 7837 7838
3 7839 7840 7841
3 7842 7843 7844
3 7845 7846 7847
3 7848 7849 7850
3 7851 7852 7853
3 7854 7855 7856
3 7857 7858 7859
3 7860 7861 7862
3 7863 7864 7865
3 7866 7867 7868
3 7869 7870 7871
3 7872 7873 7874
3 7875 7876 7877
3 7878 7879 7880
3 7881 7882 7883
3 7884 7885 7886
3 7887 7888 7889
3 7890 7891 7892
3 7893 7894 7895
3 7896 7897 7898
3 7899 7900 7901
3 7902 7903 7904
3 7905 7906 7907
3 7908 7909 7910
3 7911 7912 7913
3 7914 7915 7916
3 7917 7918 7919
3 7920 7921 7922
3 7923 7924 7925
3 7926 7927 7928
3 7929 7930 7931
3 7932 7933 7934
3 7935 7936 7937
3 7938 7939 7940
3 7941 7942 7943
3 7944 7945 7946
3 7947 7948 7949
3 7950 7951 7952
3 7953 7954 7955
3 7956 7957 7958
3 7959 7960 7961
3 7962 7963 7964
3 7965 7966 7967
3 7968 7969 7970
3 7971 7972 7973
3 7974 7975 7976
3 7977 7978 7979
3 7980 7981 7982
3 7983 7984 7985
3 7986 7987 7988
3 7989 7990 7991
3 7992 7993 7994
3 7995 7996 7997
3 7998 7999 8000
3 8001 8002 8003
3 8004 8005 8006
3 8007 8008 8009
3 8010 8011 8012
3 8013 8014 8015
3 8016 8017 8018
3 8019 8020 8021
3 8022 8023 8024
3 8025 8026 8027
3 8028 8029 8030
3 8031 8032 8033
3 8034 8035 8036
3 8037 8038 8039
3 8040 8041 8042
3 8043 8044 8045
3 8046 8047 8048
3 8049 8050 8051
3 8052 8053 8054
3 8055 8056 8057
3 8058 8059 8060
3 8061 8062 8063
3 8064 8065 8066
3 8067 8068 8069
3 8070 8071 8072
3 8073 8074 8075
3 8076 8077 8078
3 8079 8080 8081
3 8082 8083 8084
3 8085 8086 8087
3 8088 8089 8090
3 8091 8092 8093
3 8094 8095 8096
3 8097 8098 8099
3 8100 8101 8102
3 8103 8104 8105
3 8106 8107 8108
3 8109 8110 8111
3 8112 8113 8114
3 8115 8116 8117
3 8118 8119 8120
3 8121 8122 8123
3 8124 8125 8126
3 8127 8128 8129
3 8130 8131 8132
3 8133 8134 8135
3 8136 8137 8138
3 8139 8140 8141
3 8142 8143 8144
3 8145 8146 8147
3 8148 8149 8150
3 8151 8152 8153
3 8154 8155 8156
3 8157 8158 8159
3 8160 8161 8162
3 8163 8164 8165
3 8166 8167 8168
3 8169 8170 8171
3 8172 8173 8174
3 8175 8176 8177
3 8178 8179 8180
3 8181 8182 8183
3 8184 8185 8186
3 8187 8188 8189
3 8190 8191 8192
3 8193 8194 8195
3 8196 8197 8198
3 8199 8200 8201
3 8202 8203 8204
3 8205 8206 8207
3 8208 8209 8210
3 8211 8212 8213
3 8214 8215 8216
3 8217 8218 8219
3 8220 8221 8222
3 8223 8224 8225
3 8226 8227 8228
3 8229 8230 8231
3 8232 8233 8234
3 8235 8236 8237
3 8238 8239 8240
3 8241 8242 8243
3 8244 8245 8246
3 8247 8248 8249
3 8250 8251 8252
3 8253 8254 8255
3 8256 8257 8258
3 8259 8260 8261
3 8262 8263 8264
3 8265 8266 8267
3 8268 8269 8270
3 8271 8272 8273
3 8274 8275 8276
3 8277 8278 8279
3 8280 8281 8282
3 8283 8284 8285
3 8286 8287 8288
3 8289 8290 8291
3 8292 8293 8294
3 8295 8296 8297
3 8298 8299 8300
3 8301 8302 8303
3 8304 8305 8306
3 8307 8308 8309
3 8310 8311 8312
3 8313 8314 8315
3 8316 8317 8318
3 8319 8320 8321
3 8322 8323 8324
3 8325 8326 8327
3 8328 8329 8330
3 8331 8332 8333
3 8334 8335 8336
3 8337 8338 8339
3 8340 8341 8342
3 8343 8344 8345
3 8346 8347 8348
3 8349 8350 8351
3 8352 8353 8354
3 8355 8356 8357
3 8358 8359 8360
3 8361 8362 8363
3 8364 8365 8366
3 8367 8368 8369
3 8370 8371 8372
3 8373 8374 8375
3 8376 8377 8378
3 8379 8380 8381
3 8382 8383 8384
3 8385 8386 8387
3 8388 8389 8390
3 8391 8392 8393
3 8394 8395 8396
3 8397 8398 8399
3 8400 8401 8402
3 8403 8404 8405
3 8406 8407 8408
3 8409 8410 8411
3 8412 8413 8414
3 8415 8416 8417
3 8418 8419 8420
3 8421 8422 8423
3 8424 8425 8426
3 8427 8428 8429
3 8430 8431 8432
3 8433 8434 8435
3 8436 8437 8438
3 8439 8440 8441
3 8442 8443 8444
3 8445 8446 8447
3 8448 8449 8450
3 8451 8452 8453
3 8454 8455 8456
3 8457 8458 8459
3 8460 8461 8462
3 8463 8464 8465
3 8466 8467 8468
3 8469 8470 8471
3 8472 8473 8474
3 8475 8476 8477
3 8478 8479 8480
3 8481 8482 8483
3 8484 8485 8486
3 8487 8488 8489
3 8490 8491 8492
3 8493 8494 8495
3 8496 8497 8498
3 8499 8500 8501
3 8502 8503 8504
3 8505 8506 8507
3 8508 8509 8510
3 8511 8512 8513
3 8514 8515 8516
3 8517 8518 8519
3 8520 8521 8522
3 8523 8524 8525
3 8526 8527 8528
3 8529 8530 8531
3 8532 8533 8534
3 8535 8536 8537
3 8538 8539 8540
3 8541 8542 8543
3 8544 8545 8546
3 8547 8548 8549
3 8550 8551 8552
3 8553 8554 8555
3 8556 8557 8558
3 8559 8560 8561
3 8562 8563 8564
3 8565 8566 8567
3 8568 8569 8570
3 8571 8572 8573
3 8574 8575 8576
3 8577 8578 8579
3 8580 8581 8582
3 8583 8584 8585
3 8586 8587 8588
3 8589 8590 8591
3 8592 8593 8594
3 8595 8596 8597
3 8598 8599 8600
3 8601 8602 8603
3 8604 8605 8606
3 8607 8608 8609
3 8610 8611 8612
3 8613 8614 8615
3 8616 8617 8618
3 8619 8620 8621
3 8622 8623 8624
3 8625 8626 8627
3 8628 8629 8630
3 8631 8632 8633
3 8634 8635 8636
3 8637 8638 8639
3 8640 8641 8642
3 8643 8644 8645
3 8646 8647 8648
3 8649 8650 8651
3 8652 8653 8654
3 8655 8656 8657
3 8658 8659 8660
3 8661 8662 8663
3 8664 8665 8666
3 8667 8668 8669
3 8670 8671 8672
3 8673 8674 8675
3 8676 8677 8678
3 8679 8680 8681
3 8682 8683 8684
3 8685 8686 8687
3 8688 8689 8690
3 8691 8692 8693
3 8694 8695 8696
3 8697 8698 8699
3 8700 8701 8702
3 8703 8704 8705
3 8706 8707 8708
3 8709 8710 8711
3 8712 8713 8714
3 8715 8716 8717
3 8718 8719 8720
3 8721 8722 8723
3 8724 8725 8726
3 8727 8728 8729
3 8730 8731 8732
3 8733 8734 8735
3 8736 8737 8738
3 8739 8740 8741
3 8742 8743 8744
3 8745 8746 8747
3 8748 8749 8750
3 8751 8752 8753
3 8754 8755 8756
3 8757 8758 8759
3 8760 8761 8762
3 8763 8764 8765
3 8766 8767 8768
3 8769 8770 8771
3 8772 8773 8774
3 8775 8776 8777
3 8778 8779 8780
3 8781 8782 8783
3 8784 8785 8786
3 8787 8788 8789
3 8790 8791 8792
3 8793 8794 8795
3 8796 8797 8798
3 8799 8800 8801
3 8802 8803 8804
3 8805 8806 8807
3 8808 8809 8810
3 8811 8812 8813
3 8814 8815 8816
3 8817 8818 8819
3 8820 8821 8822
3 8823 8824 8825
3 8826 8827 8828
3 8829 8830 8831
3 8832 8833 8834
3 8835 8836 8837
3 8838 8839 8840
3 8841 8842 8843
3 8844 8845 8846
3 8847 8848 8849
3 8850 8851 8852
3 8853 8854 8855
3 8856 8857 8858
3 8859 8860 8861
3 8862 8863 8864
3 8865 8866 8867
3 8868 8869 8870
3 8871 8872 8873
3 8874 8875 8876
3 8877 8878 8879
3 8880 8881 8882
3 8883 8884 8885
3 8886 8887 8888
3 8889 8890 8891
3 8892 8893 8894
3 8895 8896 8897
3 8898 8899 8900
3 8901 8902 8903
3 8904 8905 8906
3 8907 8908 8909
3 8910 8911 8912
3 8913 8914 8915
3 8916 8917 8918
3 8919 8920 8921
3 8922 8923 8924
3 8925 8926 8927
3 8928 8929 8930
3 8931 8932 8933
3 8934 8935 8936
3 8937 8938 8939
3 8940 8941 8942
3 8943 8944 8945
3 8946 8947 8948
3 8949 8950 8951
3 8952 8953 8954
3 8955 8956 8957
3 8958 8959 8960
3 8961 8962 8963
3 8964 8965 8966
3 8967 8968 8969
3 8970 8971 8972
3 8973 8974 8975
3 8976 8977 8978
3 8979 8980 8981
3 8982 8983 8984
3 8985 8986 8987
3 8988 8989 8990
3 8991 8992 8993
3 8994 8995 8996
3 8997 8998 8999
3 9000 9001 9002
3 9003 9004 9005
3 9006 9007 9008
3 9009 9010 9011
3 9012 9013 9014
3 9015 9016 9017
3 9018 9019 9020
3 9021 9022 9023
3 9024 9025 9026
3 9027 9028 9029
3 9030 9031 9032
3 9033 9034 9035
3 9036 9037 9038
3 9039 9040 9041
3 9042 9043 9044
3 9045 9046 9047
3 9048 9049 9050
3 9051 9052 9053
3 9054 9055 9056
3 9057 9058 9059
3 9060 9061 9062
3 9063 9064 9065
3 9066 9067 9068
3 9069 9070 9071
3 9072 9073 9074
3 9075 9076 9077
3 9078 9079 9080
3 9081 9082 9083
3 9084 9085 9086
3 9087 9088 9089
3 9090 9091 9092
3 9093 9094 9095
3 9096 9097 9098
3 9099 9100 9101
3 9102 9103 9104
3 9105 9106 9107
3 9108 9109 9110
3 9111 9112 9113
3 9114 9115 9116
3 9117 9118 9119
3 9120 9121 9122
3 9123 9124 9125
3 9126 9127 9128
3 9129 9130 9131
3 9132 9133 9134
3 9135 9136 9137
3 9138 9139 9140
3 9141 9142 9143
3 9144 9145 9146
3 9147 9148 9149
3 9150 9151 9152
3 9153 9154 9155
3 9156 9157 9158
3 9159 9160 9161
3 9162 9163 9164
3 9165 9166 9167
3 9168 9169 9170
3 9171 9172 9173
3 9174 9175 9176
3 9177 9178 9179
3 9180 9181 9182
3 9183 9184 9185
3 9186 9187 9188
3 9189 9190 9191
3 9192 9193 9194
3 9195 9196 9197
3 9198 9199 9200
3 9201 9202 9203
3 9204 9205 9206
3 9207 9208 9209
3 9210 9211 9212
3 9213 9214 9215
3 9216 9217 9218
3 9219 9220 9221
3 9222 9223 9224
3 9225 9226 9227
3 9228 9229 9230
3 9231 9232 9233
3 9234 9235 9236
3 9237 9238 9239
3 9240 9241 9242
3 9243 9244 9245
3 9246 9247 9248
3 9249 9250 9251
3 9252 9253 9254
3 9255 9256 9257
3 9258 9259 9260
3 9261 9262 9263
3 9264 9265 9266
3 9267 9268 9269
3 9270 9271 9272
3 9273 9274 9275
3 9276 9277 9278
3 9279 9280 9281
3 9282 9283 9284
3 9285 9286 9287
3 9288 9289 9290
3 9291 9292 9293
3 9294 9295 9296
3 9297 9298 9299
3 9300 9301 9302
3 9303 9304 9305
3 9306 9307 9308
3 9309 9310 9311
3 9312 9313 9314
3 9315 9316 9317
3 9318 9319 9320
3 9321 9322 9323
3 9324 9325 9326
3 9327 9328 9329
3 9330 9331 9332
3 9333 9334 9335
3 9336 9337 9338
3 9339 9340 9341
3 9342 9343 9344
3 9345 9346 9347
3 9348 9349 9350
3 9351 9352 9353
3 9354 9355 9356
3 9357 9358 9359
3 9360 9361 9362
3 9363 9364 9365
3 9366 9367 9368
3 9369 9370 9371
3 9372 9373 9374
3 9375 9376 9377
3 9378 9379 9380
3 9381 9382 9383
3 9384 9385 9386
3 9387 9388 9389
3 9390 9391 9392
3 9393 9394 9395
3 9396 9397 9398
3 9399 9400 9401
3 9402 9403 9404
3 9405 9406 9407
3 9408 9409 9410
3 9411 9412 9413
3 9414 9415 9416
3 9417 9418 9419
3 9420 9421 9422
3 9423 9424 9425
3 9426 9427 9428
3 9429 9430 9431
3 9432 9433 9434
3 9435 9436 9437
3 9438 9439 9440
3 9441 9442 9443
3 9444 9445 9446
3 9447 9448 9449
3 9450 9451 9452
3 9453 9454 9455
3 9456 9457 9458
3 9459 9460 9461
3 9462 9463 9464
3 9465 9466 9467
3 9468 9469 9470
3 9471 9472 9473
3 9474 9475 9476
3 9477 9478 9479
3 9480 9481 9482
3 9483 9484 9485
3 9486 9487 9488
3 9489 9490 9491
3 9492 9493 9494
3 9495 9496 9497
3 9498 9499 9500
3 9501 9502 9503
3 9504 9505 9506
3 9507 9508 9509
3 9510 9511 9512
3 9513 9514 9515
3 9516 9517 9518
3 9519 9520 9521
3 9522 9523 9524
3 9525 9526 9527
3 9528 9529 9530
3 9531 9532 9533
3 9534 9535 9536
3 9537 9538 9539
3 9540 9541 9542
3 9543 9544 9545
3 9546 9547 9548
3 9549 9550 9551
3 9552 9553 9554
3 9555 9556 9557
3 9558 9559 9560
3 9561 9562 9563
3 9564 9565 9566
3 9567 9568 9569
3 9570 9571 9572
3 9573 9574 9575
3 9576 9577 9578
3 9579 9580 9581
3 9582 9583 9584
3 9585 9586 9587
3 9588 9589 9590
3 9591 9592 9593
3 9594 9595 9596
3 9597 9598 9599
3 9600 9601 9602
3 9603 9604 9605
3 9606 9607 9608
3 9609 9610 9611
3 9612 9613 9614
3 9615 9616 9617
3 9618 9619 9620
3 9621 9622 9623
3 9624 9625 9626
3 9627 9628 9629
3 9630 9631 9632
3 9633 9634 9635
3 9636 9637 9638
3 9639 9640 9641
3 9642 9643 9644
3 9645 9646 9647
3 9648 9649 9650
3 9651 9652 9653
3 9654 9655 9656
3 9657 9658 9659
3 9660 9661 9662
3 9663 9664 9665
3 9666 9667 9668
3 9669 9670 9671
3 9672 9673 9674
3 9675 9676 9677
3 9678 9679 9680
3 9681 9682 9683
3 9684 9685 9686
3 9687 9688 9689
3 9690 9691 9692
3 9693 9694 9695
3 9696 9697 9698
3 9699 9700 9701
3 9702 9703 9704
3 9705 9706 9707
3 9708 9709 9710
3 9711 9712 9713
3 9714 9715 9716
3 9717 9718 9719
3 9720 9721 9722
3 9723 9724 9725
3 9726 9727 9728
3 9729 9730 9731
3 9732 9733 9734
3 9735 9736 9737
3 9738 9739 9740
3 9741 9742 9743
3 9744 9745 9746
3 9747 9748 9749
3 9750 9751 9752
3 9753 9754 9755
3 9756 9757 9758
3 9759 9760 9761
3 9762 9763 9764
3 9765 9766 9767
3 9768 9769 9770
3 9771 9772 9773
3 9774 9775 9776
3 9777 9778 9779
3 9780 9781 9782
3 9783 9784 9785
3 9786 9787 9788
3 9789 9790 9791
3 9792 9793 9794
3 9795 9796 9797
3 9798 9799 9800
3 9801 9802 9803
3 9804 9805 9806
3 9807 9808 9809
3 9810 9811 9812
3 9813 9814 9815
3 9816 9817 9818
3 9819 9820 9821
3 9822 9823 9824
3 9825 9826 9827
3 9828 9829 9830
3 9831 9832 9833
3 9834 9835 9836
3 9837 9838 9839
3 9840 9841 9842
3 9843 9844 9845
3 9846 9847 9848
3 9849 9850 9851
3 9852 9853 9854
3 9855 9856 9857
3 9858 9859 9860
3 9861 9862 9863
3 9864 9865 9866
3 9867 9868 9869
3 9870 9871 9872
3 9873 9874 9875
3 9876 9877 9878
3 9879 9880 9881
3 9882 9883 9884
3 9885 9886 9887
3 9888 9889 9890
3 9891 9892 9893
3 9894 9895 9896
3 9897 9898 9899
3 9900 9901 9902
3 9903 9904 9905
3 9906 9907 9908
3 9909 9910 9911
3 9912 9913 9914
3 9915 9916 9917
3 9918 9919 9920
3 9921 9922 9923
3 9924 9925 9926
3 9927 9928 9929
3 9930 9931 9932
3 9933 9934 9935
3 9936 9937 9938
3 9939 9940 9941
3 9942 9943 9944
3 9945 9946 9947
3 9948 9949 9950
3 9951 9952 9953
3 9954 9955 9956
3 9957 9958 9959
3 9960 9961 9962
3 9963 9964 9965
3 9966 9967 9968
3 9969 9970 9971
3 9972 9973 9974
3 9975 9976 9977
3 9978 9979 9980
3 9981 9982 9983
3 9984 9985 9986
3 9987 9988 9989
3 9990 9991 9992
3 9993 9994 9995
3 9996 9997 9998
3 9999 10000 10001
3 10002 10003 10004
3 10005 10006 10007
